fold,endpoint,epoch,role,history_steps,fresh_cosine_count,undefined_cosine,fresh_difference_norm_count,duplicate_difference_norm_count,exceeds_duplicate_count,fresh_cosine_mean,fresh_cosine_minimum,fresh_cosine_median,fresh_cosine_p05,fresh_cosine_p95,fresh_cosine_maximum,fresh_difference_norm_mean,fresh_difference_norm_minimum,fresh_difference_norm_median,fresh_difference_norm_p05,fresh_difference_norm_p95,fresh_difference_norm_maximum,duplicate_difference_norm_mean,duplicate_difference_norm_minimum,duplicate_difference_norm_median,duplicate_difference_norm_p05,duplicate_difference_norm_p95,duplicate_difference_norm_maximum
0,control,1,cnn,0,0,0,0,0,0,,,,,,,,,,,,,,,,,,
0,control,1,transformer,0,0,0,0,0,0,,,,,,,,,,,,,,,,,,
0,control,1,mamba,0,0,0,0,0,0,,,,,,,,,,,,,,,,,,
0,control,2,cnn,0,0,0,0,0,0,,,,,,,,,,,,,,,,,,
0,control,2,transformer,0,0,0,0,0,0,,,,,,,,,,,,,,,,,,
0,control,2,mamba,0,0,0,0,0,0,,,,,,,,,,,,,,,,,,
0,control,3,cnn,0,0,0,0,0,0,,,,,,,,,,,,,,,,,,
0,control,3,transformer,0,0,0,0,0,0,,,,,,,,,,,,,,,,,,
0,control,3,mamba,0,0,0,0,0,0,,,,,,,,,,,,,,,,,,
0,control,4,cnn,0,0,0,0,0,0,,,,,,,,,,,,,,,,,,
0,control,4,transformer,0,0,0,0,0,0,,,,,,,,,,,,,,,,,,
0,control,4,mamba,0,0,0,0,0,0,,,,,,,,,,,,,,,,,,
0,control,5,cnn,0,0,0,0,0,0,,,,,,,,,,,,,,,,,,
0,control,5,transformer,0,0,0,0,0,0,,,,,,,,,,,,,,,,,,
0,control,5,mamba,0,0,0,0,0,0,,,,,,,,,,,,,,,,,,
0,control,6,cnn,12,12,0,12,12,12,0.7871066729227701,0.7241650819778442,0.764882892370224,0.7254530429840088,0.8844205886125565,0.9132943153381348,0.13510928799708685,0.07259568572044373,0.13199305161833763,0.08729760013520718,0.18460590392351148,0.2114550620317459,0.0,0.0,0.0,0.0,0.0,0.0
0,control,6,transformer,12,12,0,12,12,12,0.7195949032902718,0.46017780900001526,0.7297516167163849,0.4860148385167122,0.9105536639690399,0.9228002429008484,0.19724047121902308,0.06649129837751389,0.18581575900316238,0.11603682301938534,0.2738473668694496,0.2783794403076172,0.0,0.0,0.0,0.0,0.0,0.0
0,control,6,mamba,12,12,0,12,12,12,0.8018207997083664,0.6566756367683411,0.7994281649589539,0.6596244275569916,0.9431751728057861,0.967902660369873,0.1580760640402635,0.04219609498977661,0.1648116186261177,0.07578098624944687,0.20337157621979712,0.21049539744853973,6.604490698637148e-06,2.4586194191655864e-10,9.312482451839799e-10,2.660753534167171e-10,2.2765403173252704e-05,2.5450330213061534e-05
0,control,7,cnn,13,13,0,13,13,13,0.6627594438882974,0.3822884261608124,0.6904708743095398,0.43019877672195433,0.8732311725616455,0.8908833265304565,0.1668569308060866,0.07941395044326782,0.1738893836736679,0.08474671840667725,0.23754327595233915,0.24894298613071442,0.0,0.0,0.0,0.0,0.0,0.0
0,control,7,transformer,13,13,0,13,13,13,0.7014271158438462,0.33885061740875244,0.757958710193634,0.4015525817871094,0.8188024759292603,0.8266726136207581,0.24212537362025335,0.13854272663593292,0.24116674065589905,0.14299172461032866,0.3422684729099273,0.3832901418209076,0.0,0.0,0.0,0.0,0.0,0.0
0,control,7,mamba,13,13,0,13,13,13,0.716766710464771,0.5367927551269531,0.7369433641433716,0.5475790619850158,0.8807886838912963,0.9491387009620667,0.19892337975593713,0.0950644463300705,0.19838304817676544,0.11070866733789445,0.2672593832015991,0.27054592967033386,6.364573819468593e-08,2.329264836564704e-10,3.034638096366393e-10,2.4218006489107325e-10,3.2989452565246207e-07,8.224630505537789e-07
0,control,8,cnn,13,13,0,13,13,13,0.7716237283669986,0.4831559360027313,0.7992289066314697,0.6169968962669373,0.847251808643341,0.8499189615249634,0.12331472910367526,0.08650250732898712,0.12057644128799438,0.09473884254693984,0.15445023775100705,0.16088521480560303,0.0,0.0,0.0,0.0,0.0,0.0
0,control,8,transformer,13,13,0,13,13,13,0.6523766609338614,0.37079012393951416,0.6654778718948364,0.4038617968559265,0.8164126515388488,0.8570535182952881,0.2396288812160492,0.14502359926700592,0.2582108974456787,0.14955563843250275,0.3075198173522949,0.33093321323394775,0.0,0.0,0.0,0.0,0.0,0.0
0,control,8,mamba,13,13,0,13,13,13,0.7547062050837737,0.23984946310520172,0.7992584109306335,0.47955790162086487,0.8730085730552672,0.892407238483429,0.16472039371728897,0.1065790057182312,0.15958252549171448,0.11255346089601517,0.2216529607772826,0.2661685645580292,7.833152620973377e-07,2.154128125875232e-10,3.0429370134754663e-10,2.319809677686635e-10,4.072068598709441e-06,1.0179673154198099e-05
0,control,9,cnn,13,13,0,13,13,13,0.7278417394711421,0.5082017183303833,0.7747648358345032,0.5227731585502624,0.8380589485168457,0.8393147587776184,0.1523326153938587,0.10517522692680359,0.15149544179439545,0.10722172111272812,0.20385904908180236,0.20588043332099915,0.0,0.0,0.0,0.0,0.0,0.0
0,control,9,transformer,13,13,0,13,13,13,0.6698139768380386,0.462135910987854,0.6876704692840576,0.49308828115463255,0.8088879227638244,0.8427640795707703,0.22657527029514313,0.12356889247894287,0.23103469610214233,0.14376432597637176,0.33082637786865227,0.35676732659339905,0.0,0.0,0.0,0.0,0.0,0.0
0,control,9,mamba,13,13,0,13,13,13,0.7539384869428781,0.5998523235321045,0.7690325379371643,0.6002663135528564,0.8791825294494628,0.9151188731193542,0.21071083958332354,0.1313583254814148,0.20652659237384796,0.1353889524936676,0.3076876521110534,0.3371880352497101,5.374160410180095e-06,1.786191056174502e-10,3.859683961326965e-10,2.48952619630316e-10,2.38735901803011e-05,2.733118526521139e-05
0,control,10,cnn,13,13,0,13,13,13,0.7464469075202942,0.4494541883468628,0.7614879012107849,0.5476549744606019,0.8930650830268859,0.9067800045013428,0.14001714037014887,0.08937621861696243,0.12960997223854065,0.09198726415634155,0.21049385964870448,0.22846351563930511,0.0,0.0,0.0,0.0,0.0,0.0
0,control,10,transformer,13,13,0,13,13,13,0.7024895434196179,0.4332346022129059,0.7429247498512268,0.5032417416572571,0.8585677742958067,0.9487228989601135,0.2386291497028791,0.14920392632484436,0.22669075429439545,0.17938063740730287,0.3334689617156981,0.38841623067855835,0.0,0.0,0.0,0.0,0.0,0.0
0,control,10,mamba,13,13,0,13,13,13,0.7483223516207475,0.2769629657268524,0.7884311079978943,0.49197722673416144,0.8965237140655516,0.9243003129959106,0.18188219975966674,0.1048392578959465,0.16207194328308105,0.12483672201633454,0.3011360764503478,0.3432214558124542,2.0573716063907112e-07,2.5019181171259675e-10,3.038649332154364e-10,2.5707507234074e-10,8.392982635996298e-07,1.1403379858165863e-06
0,control,11,cnn,13,13,0,13,13,13,0.8547174105277429,0.7469625473022461,0.8592696785926819,0.7786836743354797,0.9166210651397705,0.9394339323043823,0.09918005592547931,0.07092651724815369,0.09987237304449081,0.07519660741090775,0.12048250436782836,0.1239757239818573,0.0,0.0,0.0,0.0,0.0,0.0
0,control,11,transformer,13,13,0,13,13,13,0.7738581529030433,0.639840304851532,0.7711477875709534,0.6799370050430298,0.8508988499641418,0.8656251430511475,0.17588676741489997,0.12702904641628265,0.18185749650001526,0.12999843955039977,0.21396543383598324,0.23475678265094757,0.0,0.0,0.0,0.0,0.0,0.0
0,control,11,mamba,13,13,0,13,13,13,0.822169840335846,0.6276842951774597,0.8641972541809082,0.6466368556022644,0.9045250654220581,0.9153528213500977,0.14604700929843462,0.10561976581811905,0.1405615508556366,0.11017643213272095,0.20038340985774988,0.22145739197731018,4.646931485405079e-06,2.764889150963512e-10,1.3534889875543854e-09,2.798659637370804e-10,2.374965297349263e-05,2.386336200288497e-05
0,control,12,cnn,13,13,0,13,13,13,0.86026930809021,0.7347525358200073,0.8814636468887329,0.7752183079719543,0.9263532996177674,0.9285418391227722,0.1090051015982261,0.060827694833278656,0.10289624333381653,0.0764686793088913,0.14430854320526118,0.1687568873167038,0.0,0.0,0.0,0.0,0.0,0.0
0,control,12,transformer,13,13,0,13,13,13,0.7703141936889062,0.5275848507881165,0.7890560030937195,0.5872324943542481,0.9134121537208557,0.9323179721832275,0.18371934672960868,0.10020723938941956,0.1827480047941208,0.10616072416305541,0.29482860565185537,0.34423455595970154,0.0,0.0,0.0,0.0,0.0,0.0
0,control,12,mamba,13,13,0,13,13,13,0.8617931054188654,0.7275129556655884,0.8817576169967651,0.7542771100997925,0.9325773954391479,0.9511764049530029,0.14341673770776162,0.07513940334320068,0.13250043988227844,0.094401852786541,0.2069145679473877,0.21167105436325073,2.125512162499634e-06,2.2062020266222504e-10,3.763894751429575e-10,2.4041409418806835e-10,1.054022345670088e-05,2.4774199118837714e-05
0,control,13,cnn,13,13,0,13,13,13,0.8747102939165555,0.7515599131584167,0.8823150992393494,0.7808859705924988,0.93668612241745,0.9423760175704956,0.10253823204682423,0.0680956095457077,0.09685264527797699,0.07275367230176925,0.14155390560626985,0.14182884991168976,0.0,0.0,0.0,0.0,0.0,0.0
0,control,13,transformer,13,13,0,13,13,13,0.8381447471105136,0.7163140773773193,0.8514866828918457,0.7286021709442139,0.9070845961570739,0.9243159294128418,0.18892792268441275,0.10261040180921555,0.1684080809354782,0.12199034988880157,0.2766933917999267,0.30539470911026,0.0,0.0,0.0,0.0,0.0,0.0
0,control,13,mamba,13,13,0,13,13,13,0.8309086240254916,0.6189629435539246,0.8443586230278015,0.6314689755439759,0.9382640719413757,0.953896701335907,0.16168057861236426,0.09645707905292511,0.13221825659275055,0.09931361824274063,0.24422361850738525,0.24570119380950928,1.1658818422141883e-06,2.794893483315519e-10,3.8688358072747064e-10,3.0140235307563044e-10,6.217872214619982e-06,1.436101501894882e-05
0,control,14,cnn,13,13,0,13,13,13,0.9060992827782264,0.7427464723587036,0.9289792776107788,0.7769368052482605,0.953030800819397,0.9593545198440552,0.09357614585986504,0.052805714309215546,0.09864899516105652,0.054230785369873045,0.1529046535491943,0.16127586364746094,0.0,0.0,0.0,0.0,0.0,0.0
0,control,14,transformer,13,13,0,13,13,13,0.8802132239708533,0.7216708660125732,0.8936768174171448,0.7827361106872559,0.9317354083061218,0.9379757642745972,0.15569449273439553,0.0899040475487709,0.15630851686000824,0.09339567124843598,0.24252102673053738,0.2592952847480774,0.0,0.0,0.0,0.0,0.0,0.0
0,control,14,mamba,13,13,0,13,13,13,0.8576368827086228,0.5783082842826843,0.8995344042778015,0.6238020896911621,0.9393041491508484,0.9496384859085083,0.15199837260521376,0.06398498266935349,0.15673956274986267,0.08280018717050552,0.25972508192062377,0.2649626135826111,1.7863324951760384e-06,2.7037400096574515e-10,3.91248672348965e-10,2.738099524890458e-10,9.070590817827878e-06,2.0938197849318385e-05
0,control,15,cnn,13,13,0,13,13,13,0.8847525257330674,0.7641762495040894,0.8970080614089966,0.7895589590072631,0.9492813944816588,0.9743573665618896,0.10933874318232903,0.0653882846236229,0.09210394322872162,0.06690361648797989,0.1690056651830673,0.17488227784633636,0.0,0.0,0.0,0.0,0.0,0.0
0,control,15,transformer,13,13,0,13,13,13,0.8884042363900405,0.8055551648139954,0.8987249732017517,0.8126518964767456,0.9562331199645996,0.9638850688934326,0.1480343364752256,0.07987179607152939,0.15694881975650787,0.08933441489934921,0.20564370155334466,0.2318834662437439,0.0,0.0,0.0,0.0,0.0,0.0
0,control,15,mamba,13,13,0,13,13,13,0.8768039712539086,0.7631887197494507,0.8932755589485168,0.7731337785720825,0.9638240694999695,0.9795365929603577,0.16002020755639443,0.07575444877147675,0.1387495994567871,0.07733887881040573,0.2747273743152618,0.30459439754486084,5.774802046229701e-06,3.567693918071768e-10,5.153866777796168e-10,3.6698282190883446e-10,2.1860302513232445e-05,2.5277036911575124e-05
0,control,16,cnn,13,13,0,13,13,13,0.9485085560725286,0.826974630355835,0.9631889462471008,0.8519307255744935,0.9817540526390076,0.9824350476264954,0.061718446704057545,0.04156665503978729,0.05036681517958641,0.0421232670545578,0.1273382216691971,0.12919293344020844,0.0,0.0,0.0,0.0,0.0,0.0
0,control,16,transformer,13,13,0,13,13,13,0.9265802044134873,0.8802964091300964,0.9274778962135315,0.8861476302146911,0.9642271041870117,0.9735733866691589,0.11369550285431054,0.0678476020693779,0.12012280523777008,0.08011164516210556,0.144143944978714,0.14483869075775146,0.0,0.0,0.0,0.0,0.0,0.0
0,control,16,mamba,13,13,0,13,13,13,0.9535345893639785,0.8165015578269958,0.9631061553955078,0.8758849501609802,0.984250795841217,0.9857252240180969,0.07960073105417766,0.04085905849933624,0.06147105246782303,0.04429934024810791,0.17542191445827482,0.1807457059621811,4.1936489944421466e-06,2.733126502896255e-10,4.3019537931954233e-10,3.0904623304905954e-10,1.782451981853227e-05,2.181683885282837e-05
0,control,17,cnn,13,13,0,13,13,13,0.9677095459057734,0.9264326691627502,0.9727691411972046,0.9368570566177368,0.9892043232917785,0.9915088415145874,0.05041713625765764,0.026703419163823128,0.04672418534755707,0.030325061827898025,0.07451496571302413,0.07976490259170532,0.0,0.0,0.0,0.0,0.0,0.0
0,control,17,transformer,13,13,0,13,13,13,0.9561972984900842,0.8536776304244995,0.9703726172447205,0.8820989251136779,0.9897422790527344,0.9910973310470581,0.08314935404520768,0.04044592007994652,0.08115555346012115,0.04296768382191658,0.12689881622791285,0.14383411407470703,0.0,0.0,0.0,0.0,0.0,0.0
0,control,17,mamba,13,13,0,13,13,13,0.9608506468626169,0.9111376404762268,0.9649515748023987,0.9187392354011535,0.9891966581344604,0.9899888038635254,0.0757675772676101,0.03926607966423035,0.07446744292974472,0.04771564826369286,0.11447636336088177,0.12942110002040863,6.761745846158766e-06,2.666500353853962e-10,5.017486981451214e-10,3.564881223550032e-10,2.3102457635104643e-05,2.8911461413372308e-05
0,control,18,cnn,13,13,0,13,13,13,0.984483329149393,0.956489086151123,0.9889976382255554,0.9589398384094239,0.9961511731147766,0.9972038865089417,0.03621157136960672,0.014820392243564129,0.03295978531241417,0.01598221845924854,0.06260937452316283,0.07033196836709976,0.0,0.0,0.0,0.0,0.0,0.0
0,control,18,transformer,13,13,0,13,13,13,0.9637564512399527,0.8947901725769043,0.9789570569992065,0.9154578804969787,0.9931358933448792,0.9934145212173462,0.08376145764039113,0.03180419281125069,0.06392620503902435,0.03188184276223183,0.16587779819965354,0.19749629497528076,0.0,0.0,0.0,0.0,0.0,0.0
0,control,18,mamba,13,13,0,13,13,13,0.9798572292694678,0.9263632297515869,0.9876251220703125,0.942691195011139,0.9959746122360229,0.9968364238739014,0.0511443716688798,0.01997641660273075,0.047438234090805054,0.02182574160397053,0.10001815706491464,0.12616471946239471,3.3248570957651495e-06,2.9190566630532544e-10,1.588775222494121e-09,3.1607206851802517e-10,1.4092853962210925e-05,1.9117702322546393e-05
0,control,19,cnn,13,13,0,13,13,13,0.994914288704212,0.9834480881690979,0.9954630136489868,0.9884094595909119,0.9990977287292481,0.9997717142105103,0.019371489098725412,0.004371043760329485,0.01963052712380886,0.009083439968526364,0.03114964552223681,0.037690479308366776,0.0,0.0,0.0,0.0,0.0,0.0
0,control,19,transformer,13,13,0,13,13,13,0.9932247904630808,0.9759796261787415,0.9949734210968018,0.9805390954017639,0.9988394141197204,0.999760627746582,0.03355299219345817,0.007030313368886709,0.02875691093504429,0.015112800709903241,0.06018845066428181,0.07668214291334152,0.0,0.0,0.0,0.0,0.0,0.0
0,control,19,mamba,13,13,0,13,13,13,0.9945419384883001,0.971865713596344,0.9972920417785645,0.9812167167663575,0.9989516258239746,0.9997621178627014,0.024616422203297798,0.005683760158717632,0.021191852167248726,0.011774715408682825,0.04694323837757108,0.05933622643351555,5.450098372456341e-07,3.190537833930307e-10,5.629743338175786e-10,3.6440240824830995e-10,1.7860581465356507e-06,2.2414676550397417e-06
0,control,20,cnn,13,13,0,13,13,13,0.9978903715427105,0.9927175641059875,0.9993529319763184,0.9929784536361694,0.9997730374336242,0.9999338984489441,0.01063698150504094,0.0023071072064340115,0.007093310356140137,0.003821551706641913,0.023715582117438315,0.024293696507811546,0.0,0.0,0.0,0.0,0.0,0.0
0,control,20,transformer,13,13,0,13,13,13,0.9979345339995164,0.9916127920150757,0.9991121888160706,0.9930026769638062,0.9998743891716003,0.9999342560768127,0.016776566859334707,0.0038255546241998672,0.013798153027892113,0.006041497085243464,0.035538451373577105,0.03957183659076691,0.0,0.0,0.0,0.0,0.0,0.0
0,control,20,mamba,13,13,0,13,13,13,0.9981573132368234,0.9906022548675537,0.9995650053024292,0.9915358781814575,0.9999072313308716,0.9999615550041199,0.01220931551562479,0.002444727113470435,0.007652522996068001,0.003965596482157708,0.033839977532625194,0.03578459471464157,1.597428841939073e-06,2.8032620669193875e-10,9.972799261959153e-07,3.5293389322177403e-10,5.1352043556107576e-06,9.222843800671399e-06
0,instance_memory,1,cnn,0,0,0,0,0,0,,,,,,,,,,,,,,,,,,
0,instance_memory,1,transformer,0,0,0,0,0,0,,,,,,,,,,,,,,,,,,
0,instance_memory,1,mamba,0,0,0,0,0,0,,,,,,,,,,,,,,,,,,
0,instance_memory,2,cnn,0,0,0,0,0,0,,,,,,,,,,,,,,,,,,
0,instance_memory,2,transformer,0,0,0,0,0,0,,,,,,,,,,,,,,,,,,
0,instance_memory,2,mamba,0,0,0,0,0,0,,,,,,,,,,,,,,,,,,
0,instance_memory,3,cnn,0,0,0,0,0,0,,,,,,,,,,,,,,,,,,
0,instance_memory,3,transformer,0,0,0,0,0,0,,,,,,,,,,,,,,,,,,
0,instance_memory,3,mamba,0,0,0,0,0,0,,,,,,,,,,,,,,,,,,
0,instance_memory,4,cnn,0,0,0,0,0,0,,,,,,,,,,,,,,,,,,
0,instance_memory,4,transformer,0,0,0,0,0,0,,,,,,,,,,,,,,,,,,
0,instance_memory,4,mamba,0,0,0,0,0,0,,,,,,,,,,,,,,,,,,
0,instance_memory,5,cnn,0,0,0,0,0,0,,,,,,,,,,,,,,,,,,
0,instance_memory,5,transformer,0,0,0,0,0,0,,,,,,,,,,,,,,,,,,
0,instance_memory,5,mamba,0,0,0,0,0,0,,,,,,,,,,,,,,,,,,
0,instance_memory,6,cnn,12,12,0,12,12,12,0.7133387103676796,0.4585088789463043,0.6801857054233551,0.5411204740405082,0.8875235199928283,0.9106845259666443,0.08377142405758302,0.042552411556243896,0.06800723075866699,0.04507731981575489,0.16083787828683851,0.16534411907196045,0.0,0.0,0.0,0.0,0.0,0.0
0,instance_memory,6,transformer,12,12,0,12,12,12,0.6774281437198321,0.4151608645915985,0.6293237805366516,0.458398611843586,0.9096463978290558,0.9287513494491577,0.17114448795715967,0.06317824870347977,0.1676480770111084,0.09623491466045381,0.2408719003200531,0.24315576255321503,0.0,0.0,0.0,0.0,0.0,0.0
0,instance_memory,6,mamba,12,12,0,12,12,12,0.7391269703706106,0.5028613209724426,0.7571671307086945,0.5395155280828476,0.9431433349847793,0.9670352935791016,0.14469332806766033,0.04306553304195404,0.1394529789686203,0.07557285353541374,0.2104283072054386,0.2231975793838501,2.8338144528958684e-06,2.040357743871013e-10,9.78418929209468e-10,2.2398996893380207e-10,1.644992880756035e-05,1.803211125661619e-05
0,instance_memory,7,cnn,13,13,0,13,13,13,0.5343155029874581,0.07450022548437119,0.6020656228065491,0.2154273718595505,0.7608330726623533,0.8483512997627258,0.07395226651659378,0.03198552876710892,0.0784575492143631,0.03475211560726166,0.11094929128885268,0.11625953763723373,0.0,0.0,0.0,0.0,0.0,0.0
0,instance_memory,7,transformer,13,13,0,13,13,13,0.49385415705350727,0.06642742455005646,0.48820993304252625,0.19727880358695987,0.736782121658325,0.8285226821899414,0.2272339084973702,0.14178666472434998,0.19561800360679626,0.14206750988960265,0.42766658067703234,0.4903166890144348,0.0,0.0,0.0,0.0,0.0,0.0
0,instance_memory,7,mamba,13,13,0,13,13,13,0.5365025160404352,0.1135534942150116,0.618847131729126,0.17210219204425814,0.8372518062591552,0.8736136555671692,0.17093431548430368,0.08676234632730484,0.19133369624614716,0.09282121956348419,0.2150171786546707,0.2211715430021286,2.3332325832696132e-06,2.1878393541285845e-10,3.0358121572149344e-10,2.2434268054372098e-10,1.3564843357016781e-05,2.0738429157063365e-05
0,instance_memory,8,cnn,13,13,0,13,13,13,0.5792806056829599,0.36005380749702454,0.6106218695640564,0.3780695617198944,0.786576783657074,0.8076328039169312,0.10661264795523423,0.07879233360290527,0.11166904866695404,0.08279126584529876,0.1351871520280838,0.13546554744243622,0.0,0.0,0.0,0.0,0.0,0.0
0,instance_memory,8,transformer,13,13,0,13,13,13,0.44479068884482753,0.07743433117866516,0.4556801915168762,0.14364370405673982,0.7691602110862731,0.7971701622009277,0.19369189727764863,0.11465511471033096,0.19433656334877014,0.1265540063381195,0.24983848035335535,0.27315080165863037,0.0,0.0,0.0,0.0,0.0,0.0
0,instance_memory,8,mamba,13,13,0,13,13,13,0.55900144806275,0.07293522357940674,0.5745235681533813,0.258713710308075,0.8379398465156555,0.8743609189987183,0.17416297357815963,0.10572516173124313,0.16588908433914185,0.10945535898208618,0.2529938042163848,0.2890690863132477,3.3597029432012976e-10,1.7734864965479602e-10,2.3441212859687255e-10,1.9310872623190533e-10,8.229149750516013e-10,1.521584414021504e-09
0,instance_memory,9,cnn,13,13,0,13,13,13,0.6583350094465109,0.31556013226509094,0.7172725796699524,0.38156681060791015,0.8358041882514954,0.8443830013275146,0.10702261815850551,0.062194760888814926,0.10115616768598557,0.07421713471412658,0.15841436982154844,0.16766437888145447,0.0,0.0,0.0,0.0,0.0,0.0
0,instance_memory,9,transformer,13,13,0,13,13,13,0.5601325906240023,0.22443091869354248,0.597969651222229,0.30474830865859986,0.773514723777771,0.7903028130531311,0.19059283114396608,0.12763887643814087,0.17703503370285034,0.12810127139091493,0.2857545137405395,0.3061654269695282,0.0,0.0,0.0,0.0,0.0,0.0
0,instance_memory,9,mamba,13,13,0,13,13,13,0.6249272261674588,0.16436061263084412,0.7365207672119141,0.19232536852359772,0.8312280058860778,0.8541371822357178,0.17314093674604708,0.10303471237421036,0.1488463133573532,0.10457874834537506,0.2826477766036986,0.3323385417461395,8.953779708113891e-07,1.538504740272728e-10,2.446150504376021e-10,1.6469206831626336e-10,4.800887006695106e-06,1.0907751857303083e-05
0,instance_memory,10,cnn,13,13,0,13,13,13,0.5399162975641397,-0.09619081020355225,0.6118890643119812,0.19016314744949345,0.771725308895111,0.7777485847473145,0.11339223212920703,0.06380738317966461,0.1125158816576004,0.07713979929685592,0.14492304027080533,0.16488537192344666,0.0,0.0,0.0,0.0,0.0,0.0
0,instance_memory,10,transformer,13,13,0,13,13,13,0.5214928136422083,0.3340514004230499,0.5136680006980896,0.3704210638999939,0.75033700466156,0.8080304265022278,0.19310093613771293,0.13788403570652008,0.20372271537780762,0.14286115169525146,0.23607087135314941,0.23672501742839813,0.0,0.0,0.0,0.0,0.0,0.0
0,instance_memory,10,mamba,13,13,0,13,13,13,0.4891210427651039,-0.16709432005882263,0.5188542604446411,0.13946255445480352,0.7222764372825622,0.7688544988632202,0.1596578313754155,0.09843426942825317,0.16640421748161316,0.0992712214589119,0.22397417724132537,0.2316146194934845,8.513899968472132e-08,1.4377798951414889e-10,2.135170235062489e-10,1.5115803608800605e-10,5.383980123951913e-07,6.21849721937906e-07
0,instance_memory,11,cnn,13,13,0,13,13,13,0.734700620174408,0.5352268218994141,0.758277952671051,0.6164249062538147,0.8359095454216002,0.8606936931610107,0.08215927561888328,0.05163750797510147,0.08380205929279327,0.05791189670562744,0.10658848434686657,0.11811287701129913,0.0,0.0,0.0,0.0,0.0,0.0
0,instance_memory,11,transformer,13,13,0,13,13,13,0.6142166302754328,0.4861050844192505,0.6290919780731201,0.488309645652771,0.7282496452331543,0.7491375803947449,0.166570745408535,0.11681915819644928,0.16262340545654297,0.11766306161880494,0.2409064531326293,0.2833332419395447,0.0,0.0,0.0,0.0,0.0,0.0
0,instance_memory,11,mamba,13,13,0,13,13,13,0.6633153443153088,0.38657134771347046,0.6883993148803711,0.39900715947151183,0.8001962661743164,0.8008812665939331,0.138069976407748,0.07923141866922379,0.12508803606033325,0.08154391646385192,0.21323921978473656,0.23925648629665375,7.148979320940137e-07,1.3735319825958214e-10,1.9522677918715203e-10,1.5332113356691934e-10,3.716937384767847e-06,9.290115485782735e-06
0,instance_memory,12,cnn,13,13,0,13,13,13,0.6925156941780677,0.395412802696228,0.7098512649536133,0.43573073148727415,0.8295163631439209,0.8629137277603149,0.10619290918111801,0.06769275665283203,0.10615777969360352,0.07020785510540009,0.1504748195409774,0.18168869614601135,0.0,0.0,0.0,0.0,0.0,0.0
0,instance_memory,12,transformer,13,13,0,13,13,13,0.5610007517612897,0.07723361253738403,0.6182175874710083,0.0936095267534256,0.8065221667289734,0.8240013718605042,0.19857787971313184,0.09861753135919571,0.16299986839294434,0.09933887124061584,0.39280982017517074,0.46275389194488525,0.0,0.0,0.0,0.0,0.0,0.0
0,instance_memory,12,mamba,13,13,0,13,13,13,0.7045183456861056,0.327277809381485,0.7335895299911499,0.34799315333366393,0.8992325901985168,0.9249072670936584,0.13951378860152686,0.05873674526810646,0.1372888833284378,0.0678805097937584,0.2044425070285797,0.21565240621566772,7.779489815641532e-07,1.7940900154389539e-10,1.4951551108310923e-09,1.8218591357754831e-10,3.927172178919126e-06,8.033473022805993e-06
0,instance_memory,13,cnn,13,13,0,13,13,13,0.7836341536962069,0.5191918015480042,0.7869206666946411,0.5596268892288208,0.907121455669403,0.9133087396621704,0.08874819456384732,0.057509005069732666,0.07736799865961075,0.058013754338026045,0.11650204062461852,0.1191718801856041,0.0,0.0,0.0,0.0,0.0,0.0
0,instance_memory,13,transformer,13,13,0,13,13,13,0.660572159748811,0.42138803005218506,0.6611683368682861,0.4377944767475128,0.8395536065101623,0.8547217845916748,0.1369424513899363,0.09242834895849228,0.13612622022628784,0.09443899095058442,0.19922910332679747,0.21028558909893036,0.0,0.0,0.0,0.0,0.0,0.0
0,instance_memory,13,mamba,13,13,0,13,13,13,0.7169407193477337,0.6020582914352417,0.7255396842956543,0.6022837042808533,0.8166138887405395,0.820133626461029,0.15749807770435625,0.10495245456695557,0.14394569396972656,0.11868685781955719,0.21610955893993372,0.24421271681785583,8.645772106201057e-07,1.8926081535308725e-10,3.497695744147933e-10,2.0038517511977715e-10,4.118203173675275e-06,7.717762855463661e-06
0,instance_memory,14,cnn,13,13,0,13,13,13,0.7992896529344412,0.619486927986145,0.8247345685958862,0.6487438917160034,0.9011175513267518,0.9053605198860168,0.08498819172382355,0.0470198318362236,0.08845899254083633,0.05093374028801918,0.12727775573730465,0.13822858035564423,0.0,0.0,0.0,0.0,0.0,0.0
0,instance_memory,14,transformer,13,13,0,13,13,13,0.6424422997694749,0.3716050684452057,0.5845493078231812,0.43007532954216005,0.9004978418350219,0.9224730730056763,0.19912237559373563,0.06990652531385422,0.20184355974197388,0.08366972655057907,0.33186919093132006,0.38047221302986145,0.0,0.0,0.0,0.0,0.0,0.0
0,instance_memory,14,mamba,13,13,0,13,13,13,0.7738667382643774,0.464162141084671,0.7964593768119812,0.6014147639274597,0.9080104231834412,0.9172890782356262,0.1188639196065756,0.05412081629037857,0.11082043498754501,0.06649206727743148,0.19294100701808914,0.2626923620700836,1.696613652218532e-07,1.7913349970033465e-10,2.4430446554646323e-10,1.8859261652348635e-10,1.077810884453356e-06,1.2120824521844042e-06
0,instance_memory,15,cnn,13,13,0,13,13,13,0.737514317035675,0.3173605799674988,0.7388210296630859,0.5140664219856262,0.8964403986930847,0.921018660068512,0.09921513870358467,0.05793944373726845,0.10192827880382538,0.06551636457443237,0.13360860198736185,0.15565499663352966,0.0,0.0,0.0,0.0,0.0,0.0
0,instance_memory,15,transformer,13,13,0,13,13,13,0.5263104260934947,-0.00301640504039824,0.5672559142112732,0.07644090345129372,0.8251163244247436,0.8373175859451294,0.2088389711884352,0.10313693434000015,0.1686214953660965,0.11782760322093963,0.37803315520286557,0.4016193747520447,0.0,0.0,0.0,0.0,0.0,0.0
0,instance_memory,15,mamba,13,13,0,13,13,13,0.6999902450121366,0.4255179166793823,0.7155534029006958,0.5145453333854675,0.8708998799324036,0.8798947930335999,0.1861595706297801,0.08758323639631271,0.17474855482578278,0.09089042246341705,0.29467847943305964,0.31802845001220703,3.4973954483853176e-06,1.8768783749401052e-10,3.279700955260978e-10,1.9728051414702462e-10,1.3700056661036791e-05,1.5604278814862482e-05
0,instance_memory,16,cnn,13,13,0,13,13,13,0.8464241807277386,0.5792840719223022,0.8647832274436951,0.5973852634429931,0.9462014436721802,0.9466202259063721,0.06794174703267905,0.04964752867817879,0.061746761202812195,0.04988168329000473,0.10263864248991009,0.11690185219049454,0.0,0.0,0.0,0.0,0.0,0.0
0,instance_memory,16,transformer,13,13,0,13,13,13,0.7623687753310571,0.3697405457496643,0.7909051179885864,0.5361359596252442,0.9023622512817382,0.9279884696006775,0.1287787350324484,0.06755626946687698,0.11041804403066635,0.07499458491802216,0.23242605328559857,0.3173206150531769,0.0,0.0,0.0,0.0,0.0,0.0
0,instance_memory,16,mamba,13,13,0,13,13,13,0.8483636516791123,0.6461055278778076,0.8686233162879944,0.7260592103004455,0.9293508291244507,0.9346737265586853,0.10734607336612847,0.07076963037252426,0.10177048295736313,0.07102702409029008,0.17000760436058035,0.20712873339653015,2.789833990295463e-06,1.8510110111336076e-10,2.5062926733987467e-10,1.881517608381955e-10,1.6485679225297638e-05,2.0018913346575573e-05
0,instance_memory,17,cnn,13,13,0,13,13,13,0.9459851017365088,0.8868498206138611,0.9595988392829895,0.8879070043563843,0.9832041025161743,0.9888200759887695,0.04445013031363487,0.024629933759570122,0.04057382047176361,0.027013000473380087,0.07166119515895843,0.07456351071596146,0.0,0.0,0.0,0.0,0.0,0.0
0,instance_memory,17,transformer,13,13,0,13,13,13,0.8120262118486258,0.4266509413719177,0.8813765048980713,0.5419906854629517,0.9413956999778746,0.9697264432907104,0.10677323948878509,0.0586942620575428,0.10569059103727341,0.0596316896378994,0.15794675052165982,0.17266716063022614,0.0,0.0,0.0,0.0,0.0,0.0
0,instance_memory,17,mamba,13,13,0,13,13,13,0.894550607754634,0.7851760387420654,0.9034891128540039,0.8134932279586792,0.9691727757453918,0.9828522205352783,0.0909217894077301,0.048830918967723846,0.09357906877994537,0.05444188565015793,0.12065348625183105,0.1219513937830925,4.049051731125353e-06,1.9689613828255403e-10,1.682857742046906e-09,1.984257147480406e-10,1.708497366053052e-05,1.9187962607247755e-05
0,instance_memory,18,cnn,13,13,0,13,13,13,0.973515496804164,0.9308470487594604,0.9809635281562805,0.9333623170852661,0.9943295478820801,0.9955275654792786,0.030117565765976906,0.01078019104897976,0.027544420212507248,0.014290961250662804,0.04944975823163985,0.055726733058691025,0.0,0.0,0.0,0.0,0.0,0.0
0,instance_memory,18,transformer,13,13,0,13,13,13,0.8610701194176307,0.5922407507896423,0.9191000461578369,0.6458016037940979,0.9716629385948181,0.9767088890075684,0.09815869537683633,0.036472219973802567,0.08960490673780441,0.04227949306368828,0.1663411617279052,0.20036226511001587,0.0,0.0,0.0,0.0,0.0,0.0
0,instance_memory,18,mamba,13,13,0,13,13,13,0.8936868264124944,0.7676547765731812,0.9323180317878723,0.7704980969429016,0.9748635411262512,0.9883569478988647,0.09187956469563338,0.04234348237514496,0.0815604105591774,0.0428059421479702,0.15493965446949,0.16592475771903992,4.771902841412311e-06,2.213077499035876e-10,5.191556056161062e-07,2.314831937244577e-10,1.4408224524231626e-05,1.5075388546392787e-05
0,instance_memory,19,cnn,13,13,0,13,13,13,0.9953356155982385,0.9861901998519897,0.9974448084831238,0.9884759068489075,0.9988290786743164,0.9992919564247131,0.013630877607143842,0.006031263619661331,0.010940542444586754,0.00765470415353775,0.02507182396948337,0.027271224185824394,0.0,0.0,0.0,0.0,0.0,0.0
0,instance_memory,19,transformer,13,13,0,13,13,13,0.9754427717282221,0.8869821429252625,0.987309992313385,0.9232648134231567,0.9967821836471558,0.9982023239135742,0.03741062926844908,0.011909994296729565,0.03097936324775219,0.017827657610177995,0.07083904445171355,0.07780196517705917,0.0,0.0,0.0,0.0,0.0,0.0
0,instance_memory,19,mamba,13,13,0,13,13,13,0.9862449902754563,0.9451277852058411,0.9921730160713196,0.960805869102478,0.9969416975975036,0.9990559220314026,0.0291174787025039,0.008334730751812458,0.022847266867756844,0.01450694240629673,0.053543639928102474,0.06329025328159332,8.810113510094607e-07,2.1143094219855385e-10,2.4968477285725044e-10,2.148705574578358e-10,4.073834406881351e-06,7.89556452218676e-06
0,instance_memory,20,cnn,13,13,0,13,13,13,0.9972287003810589,0.9903622269630432,0.9982354640960693,0.9929892182350158,0.9998510241508484,0.9999105334281921,0.008680052509029897,0.0018346739234402776,0.008589855395257473,0.0023386226501315834,0.015470088645815849,0.01604030840098858,0.0,0.0,0.0,0.0,0.0,0.0
0,instance_memory,20,transformer,13,13,0,13,13,13,0.9963258734116187,0.9905442595481873,0.9965170621871948,0.9924718737602234,0.9990350246429444,0.9991770386695862,0.016038110909553673,0.0079038729891181,0.0148303909227252,0.008856388553977013,0.026194133237004272,0.030213655903935432,0.0,0.0,0.0,0.0,0.0,0.0
0,instance_memory,20,mamba,13,13,0,13,13,13,0.9966469911428598,0.9899756908416748,0.9971768856048584,0.9900608777999877,0.9996441245079041,0.9997519850730896,0.013096640101419045,0.004716801457107067,0.013843310996890068,0.006223558634519577,0.020820376276969907,0.021813923493027687,5.236130191314269e-06,2.2884914796517108e-10,1.027528469421668e-06,2.3242056612637897e-10,1.3970547843200618e-05,1.4911496691638604e-05
1,control,1,cnn,0,0,0,0,0,0,,,,,,,,,,,,,,,,,,
1,control,1,transformer,0,0,0,0,0,0,,,,,,,,,,,,,,,,,,
1,control,1,mamba,0,0,0,0,0,0,,,,,,,,,,,,,,,,,,
1,control,2,cnn,0,0,0,0,0,0,,,,,,,,,,,,,,,,,,
1,control,2,transformer,0,0,0,0,0,0,,,,,,,,,,,,,,,,,,
1,control,2,mamba,0,0,0,0,0,0,,,,,,,,,,,,,,,,,,
1,control,3,cnn,0,0,0,0,0,0,,,,,,,,,,,,,,,,,,
1,control,3,transformer,0,0,0,0,0,0,,,,,,,,,,,,,,,,,,
1,control,3,mamba,0,0,0,0,0,0,,,,,,,,,,,,,,,,,,
1,control,4,cnn,0,0,0,0,0,0,,,,,,,,,,,,,,,,,,
1,control,4,transformer,0,0,0,0,0,0,,,,,,,,,,,,,,,,,,
1,control,4,mamba,0,0,0,0,0,0,,,,,,,,,,,,,,,,,,
1,control,5,cnn,0,0,0,0,0,0,,,,,,,,,,,,,,,,,,
1,control,5,transformer,0,0,0,0,0,0,,,,,,,,,,,,,,,,,,
1,control,5,mamba,0,0,0,0,0,0,,,,,,,,,,,,,,,,,,
1,control,6,cnn,12,12,0,12,12,12,0.719842025389274,0.23345355689525604,0.7472272217273712,0.4405841372907162,0.9048600852489471,0.948782742023468,0.20136701129376888,0.07876003533601761,0.1954810842871666,0.10720575712621212,0.29495072364807123,0.34836530685424805,0.0,0.0,0.0,0.0,0.0,0.0
1,control,6,transformer,12,12,0,12,12,12,0.7372551262378693,0.5084891319274902,0.7363214790821075,0.5296952813863754,0.9695320755243301,0.9797572493553162,0.22188249478737512,0.07465900480747223,0.2315642312169075,0.0926583893597126,0.32313841581344604,0.339463472366333,0.0,0.0,0.0,0.0,0.0,0.0
1,control,6,mamba,12,12,0,12,12,12,0.7563403186698755,0.21735797822475433,0.7761000990867615,0.4429158292710781,0.9549938023090362,0.989715576171875,0.173852842922012,0.03898687660694122,0.15247436612844467,0.06783565580844879,0.30522323697805404,0.3270764648914337,2.9325915325006946e-06,3.0486732582879483e-10,1.7088599979508956e-09,3.175727042448173e-10,1.6602180539848623e-05,2.4687269615242258e-05
1,control,7,cnn,13,13,0,13,13,13,0.6684677509161142,0.461845725774765,0.6668897271156311,0.48183218836784364,0.8128392219543457,0.8174924254417419,0.22374941408634186,0.13030216097831726,0.2296389639377594,0.15037676990032195,0.2790615439414978,0.2927332818508148,0.0,0.0,0.0,0.0,0.0,0.0
1,control,7,transformer,13,13,0,13,13,13,0.6200089362951425,0.35994595289230347,0.6127816438674927,0.4295197010040283,0.7779578924179076,0.8146699666976929,0.33690934341687423,0.1974869817495346,0.3146190345287323,0.25569013953208924,0.4335655391216278,0.4339498281478882,0.0,0.0,0.0,0.0,0.0,0.0
1,control,7,mamba,13,13,0,13,13,13,0.7063147975848272,0.5533523559570312,0.6732504963874817,0.6032699465751648,0.8468506693840027,0.8611666560173035,0.21869677649094507,0.1265798956155777,0.21203958988189697,0.1481366127729416,0.28647901415824883,0.3087933659553528,6.507133584312029e-06,3.2342281630626246e-10,1.4759966582289508e-09,3.267946691032364e-10,1.7781425958673927e-05,2.160752410418354e-05
1,control,8,cnn,13,13,0,13,13,13,0.62047246327767,0.313321977853775,0.6264405250549316,0.34757704138755796,0.8237658977508544,0.8482759594917297,0.18746220091214547,0.09377803653478622,0.17163635790348053,0.10673958361148835,0.3047387778759002,0.33108940720558167,0.0,0.0,0.0,0.0,0.0,0.0
1,control,8,transformer,13,13,0,13,13,13,0.5836960283609537,0.286308616399765,0.6095567345619202,0.3154216527938843,0.8130626797676086,0.849713921546936,0.27421313180373263,0.13502247631549835,0.2573634386062622,0.16619946360588075,0.43965917825698847,0.47227197885513306,0.0,0.0,0.0,0.0,0.0,0.0
1,control,8,mamba,13,13,0,13,13,13,0.6391020520375326,0.08433891832828522,0.6794968843460083,0.26835568547248845,0.8800346493721007,0.895906925201416,0.21635334079082197,0.08616195619106293,0.20276686549186707,0.10176282376050949,0.3717691302299498,0.4361889958381653,8.435943193398397e-07,2.58089077886936e-10,3.696798422936354e-10,2.772415574892051e-10,4.263928121872584e-06,9.170558769255877e-06
1,control,9,cnn,13,13,0,13,13,13,0.6337333952005093,0.17995600402355194,0.663154125213623,0.39681293368339543,0.7784013867378234,0.802622377872467,0.20096880770646608,0.11798134446144104,0.1929713487625122,0.13432107567787172,0.2795349657535553,0.2833974361419678,0.0,0.0,0.0,0.0,0.0,0.0
1,control,9,transformer,13,13,0,13,13,13,0.6510637333759894,0.31785571575164795,0.7330724596977234,0.36782210469245913,0.8050993084907531,0.8478218913078308,0.3083378065090913,0.2011873573064804,0.30142462253570557,0.20392821729183197,0.4869056701660156,0.48807257413864136,0.0,0.0,0.0,0.0,0.0,0.0
1,control,9,mamba,13,13,0,13,13,13,0.6875984141459832,0.3231700658798218,0.708865225315094,0.39015263915061954,0.860055935382843,0.8657112121582031,0.20543139141339523,0.13544802367687225,0.18643850088119507,0.14844456911087037,0.2922331988811493,0.29893094301223755,2.8214134243920164e-06,2.8061145074254057e-10,2.5044613494173973e-07,2.9897892495078793e-10,1.594136883795726e-05,2.0761986888828687e-05
1,control,10,cnn,13,13,0,13,13,13,0.7422274259420542,0.45123589038848877,0.7894982695579529,0.5336944699287415,0.8823374271392822,0.8859903812408447,0.1759012513435804,0.09435956925153732,0.16322840750217438,0.09911238998174668,0.26855831742286684,0.27000558376312256,0.0,0.0,0.0,0.0,0.0,0.0
1,control,10,transformer,13,13,0,13,13,13,0.6859289270180923,0.2911243438720703,0.7090192437171936,0.4234553456306458,0.8807699918746948,0.8842880129814148,0.28492439595552593,0.16473045945167542,0.2659680247306824,0.1963060051202774,0.4102991461753843,0.4856596887111664,0.0,0.0,0.0,0.0,0.0,0.0
1,control,10,mamba,13,13,0,13,13,13,0.8102485629228445,0.726595401763916,0.8124911189079285,0.7292800784111023,0.9030596375465393,0.9145816564559937,0.18631629989697382,0.13540463149547577,0.18549424409866333,0.1433490037918091,0.2302280604839325,0.23149874806404114,1.71078489608708e-06,3.6539701819826576e-10,1.783271086353011e-09,3.730800057777373e-10,7.423175361509474e-06,1.5769897800055332e-05
1,control,11,cnn,13,13,0,13,13,13,0.75652597959225,0.47071200609207153,0.8060266375541687,0.5325257301330566,0.8835960745811462,0.90728759765625,0.1535217693218818,0.08692654967308044,0.1654871106147766,0.10263729393482209,0.20116535425186155,0.2120589315891266,0.0,0.0,0.0,0.0,0.0,0.0
1,control,11,transformer,13,13,0,13,13,13,0.6845392607725583,0.41025540232658386,0.7101927399635315,0.45107840895652773,0.8739752888679504,0.8769295811653137,0.23325378677019706,0.11507271975278854,0.231166809797287,0.12042432129383088,0.4138068497180937,0.47353771328926086,0.0,0.0,0.0,0.0,0.0,0.0
1,control,11,mamba,13,13,0,13,13,13,0.7837536243292001,0.4950258731842041,0.7977903485298157,0.6136546492576599,0.8823764443397522,0.8904276490211487,0.17455175404365247,0.11976606398820877,0.15743492543697357,0.12034948915243149,0.2470729142427444,0.2611241042613983,6.797705933726699e-06,3.1741259620687856e-10,1.0045441740658134e-06,3.2875875355387053e-10,2.0795681848539964e-05,2.3145697923609987e-05
1,control,12,cnn,13,13,0,13,13,13,0.7772000454939328,0.3703711926937103,0.8230146169662476,0.5357574701309205,0.9139269232749939,0.9144880771636963,0.14811536096609557,0.09082739800214767,0.14564108848571777,0.09406414479017258,0.1914089053869247,0.20673798024654388,0.0,0.0,0.0,0.0,0.0,0.0
1,control,12,transformer,13,13,0,13,13,13,0.6964004498261672,0.14025995135307312,0.7522395253181458,0.27399339079856877,0.883047604560852,0.8981431126594543,0.2264043138577388,0.1494167000055313,0.2039739191532135,0.15940482616424562,0.34987050294876093,0.3792397975921631,0.0,0.0,0.0,0.0,0.0,0.0
1,control,12,mamba,13,13,0,13,13,13,0.7248990604510674,0.3056013882160187,0.7692487239837646,0.47330799102783205,0.8926206707954406,0.9008075594902039,0.21155969683940595,0.13034582138061523,0.21454240381717682,0.14432494938373566,0.2836252003908156,0.33648908138275146,6.7336964945609634e-06,3.2621297330059917e-10,1.463162258019679e-09,3.3882954775243945e-10,2.059654216282068e-05,2.683820275706239e-05
1,control,13,cnn,13,13,0,13,13,13,0.8445941943388718,0.6433631777763367,0.8574881553649902,0.7093499183654786,0.9344227194786071,0.954878568649292,0.1307968568916504,0.06234634295105934,0.14204177260398865,0.07488672733306885,0.19199881851673126,0.19241218268871307,0.0,0.0,0.0,0.0,0.0,0.0
1,control,13,transformer,13,13,0,13,13,13,0.8340845658228948,0.7443771958351135,0.8442003726959229,0.7478928565979004,0.9255768060684204,0.9417197704315186,0.18262586857263857,0.0825236514210701,0.19047416746616364,0.10511695742607118,0.23431283235549927,0.23844392597675323,0.0,0.0,0.0,0.0,0.0,0.0
1,control,13,mamba,13,13,0,13,13,13,0.8684281660960271,0.7045584917068481,0.885722815990448,0.7634292960166931,0.9355111241340637,0.9437232613563538,0.1492287636949466,0.07753656059503555,0.14856024086475372,0.08719823509454727,0.21854347288608547,0.23936432600021362,4.799263336879855e-06,3.866906517213664e-10,4.3848025210735386e-10,3.881098331603994e-10,2.0892031170660622e-05,2.3455615519196726e-05
1,control,14,cnn,13,13,0,13,13,13,0.8536290663939256,0.619750440120697,0.8808248043060303,0.6610228061676026,0.9566729545593261,0.9622505903244019,0.14238572177978662,0.07975657284259796,0.12481056153774261,0.08618184030056,0.21463183760643,0.2275562584400177,0.0,0.0,0.0,0.0,0.0,0.0
1,control,14,transformer,13,13,0,13,13,13,0.8157036350323603,0.5646432042121887,0.8596217036247253,0.5780262112617492,0.9346389532089233,0.9393651485443115,0.2122401251242711,0.11645014584064484,0.20569656789302826,0.12280950248241425,0.3060160160064697,0.320937842130661,0.0,0.0,0.0,0.0,0.0,0.0
1,control,14,mamba,13,13,0,13,13,13,0.85907165820782,0.6334323287010193,0.8808639645576477,0.7263888955116272,0.9408976912498473,0.9512403607368469,0.16805676313546988,0.09537319093942642,0.15443256497383118,0.10052037686109543,0.28002594709396356,0.3058527410030365,1.0136583030700974e-05,3.108941437623969e-10,1.2577052075357642e-05,3.174129792338221e-10,2.6252508541801943e-05,2.7054942620452493e-05
1,control,15,cnn,13,13,0,13,13,13,0.8355188919947698,0.7484087944030762,0.8282277584075928,0.7514224886894226,0.9069985747337341,0.9132071733474731,0.13348910613701895,0.08977987617254257,0.13445524871349335,0.09888323545455932,0.166728001832962,0.17972439527511597,0.0,0.0,0.0,0.0,0.0,0.0
1,control,15,transformer,13,13,0,13,13,13,0.7858805083311521,0.3669634759426117,0.8031408190727234,0.5850165009498597,0.9384489417076111,0.9456093311309814,0.21002392929333907,0.1269252449274063,0.19920282065868378,0.13010199069976808,0.2936541736125946,0.29666683077812195,0.0,0.0,0.0,0.0,0.0,0.0
1,control,15,mamba,13,13,0,13,13,13,0.892579972743988,0.7919626832008362,0.8927109241485596,0.8406073689460755,0.9277759432792664,0.9348698854446411,0.1348389077645082,0.08153395354747772,0.1345687359571457,0.10088446885347367,0.16803947687149046,0.17932148277759552,8.712350553236474e-06,3.499137923856921e-10,9.5862978923833e-06,3.534596892951214e-10,2.2027725572115727e-05,2.8376944101182744e-05
1,control,16,cnn,13,13,0,13,13,13,0.9138104732219989,0.8686992526054382,0.9318644404411316,0.8716309428215027,0.9526554822921753,0.9559893608093262,0.09681820468260692,0.06915362179279327,0.09187125414609909,0.07373650670051575,0.12976819574832912,0.1485278159379959,0.0,0.0,0.0,0.0,0.0,0.0
1,control,16,transformer,13,13,0,13,13,13,0.8738057750921983,0.7630078196525574,0.8880818486213684,0.7774311304092407,0.9339001297950744,0.9400453567504883,0.14709271490573883,0.10209334641695023,0.1391347497701645,0.10521362274885178,0.23490742444992066,0.23729205131530762,0.0,0.0,0.0,0.0,0.0,0.0
1,control,16,mamba,13,13,0,13,13,13,0.9040060501832229,0.8161996603012085,0.9227278232574463,0.8222275495529174,0.9501304745674133,0.9549728631973267,0.11507557504452191,0.07288835942745209,0.1120225191116333,0.07589785605669022,0.16032539904117582,0.16775941848754883,8.54276440518045e-06,3.5582201074468855e-10,4.841924083898164e-10,3.5646466334249283e-10,2.1409578403108752e-05,2.2354450265993364e-05
1,control,17,cnn,13,13,0,13,13,13,0.9554946239177997,0.9068395495414734,0.960044801235199,0.919272518157959,0.9924328923225403,0.9954543113708496,0.06666213302658154,0.02655366249382496,0.06638257205486298,0.029087505117058755,0.1037519559264183,0.10852084308862686,0.0,0.0,0.0,0.0,0.0,0.0
1,control,17,transformer,13,13,0,13,13,13,0.946589511174422,0.8742725253105164,0.9509673118591309,0.8868511199951172,0.9896934032440186,0.9897599220275879,0.09698416378635627,0.05388372018933296,0.08926096558570862,0.05390568971633911,0.15593122541904444,0.1809360384941101,0.0,0.0,0.0,0.0,0.0,0.0
1,control,17,mamba,13,13,0,13,13,13,0.9402055832055899,0.8908714652061462,0.9328886270523071,0.8986244440078736,0.9897561073303223,0.9926641583442688,0.09916098759724544,0.04308599978685379,0.10216298699378967,0.04371896088123321,0.1478925883769989,0.14877569675445557,9.406779786944683e-06,3.6075958886883086e-10,7.381830755548435e-07,3.7764125160322237e-10,2.981532161356881e-05,3.0457427783403546e-05
1,control,18,cnn,13,13,0,13,13,13,0.967151518051441,0.9261177182197571,0.9780462384223938,0.9300997257232666,0.9846859097480773,0.9863860011100769,0.06087813211175112,0.03801688179373741,0.04930935055017471,0.042080437391996385,0.10092891901731489,0.10773555189371109,0.0,0.0,0.0,0.0,0.0,0.0
1,control,18,transformer,13,13,0,13,13,13,0.9733041891684899,0.929509699344635,0.9792840480804443,0.9405457377433777,0.9871313571929932,0.9881940484046936,0.08438060404016422,0.0544695183634758,0.07191319763660431,0.055920280516147614,0.13250904083251952,0.13721442222595215,0.0,0.0,0.0,0.0,0.0,0.0
1,control,18,mamba,13,13,0,13,13,13,0.9692265116251432,0.9100152850151062,0.9768187403678894,0.9219069123268128,0.9887436032295227,0.9907057285308838,0.07230822913921796,0.05015432834625244,0.0665457546710968,0.05064140632748604,0.10835058987140654,0.11581240594387054,7.114684786424519e-06,3.5846758894564346e-10,5.859660534568434e-10,3.760293409982296e-10,2.3614205929334272e-05,2.5160743462038226e-05
1,control,19,cnn,13,13,0,13,13,13,0.9921669593224158,0.969956636428833,0.9943827986717224,0.9778676867485047,0.9978950142860412,0.9980167150497437,0.02722032067294304,0.016255449503660202,0.023487964645028114,0.016477035731077193,0.046520469337701785,0.05144135281443596,0.0,0.0,0.0,0.0,0.0,0.0
1,control,19,transformer,13,13,0,13,13,13,0.989647388458252,0.9567573070526123,0.9934483766555786,0.9669565677642822,0.9981032609939575,0.9982425570487976,0.04292422819596071,0.022238876670598984,0.035838719457387924,0.023267901688814163,0.0833787247538566,0.10499048978090286,0.0,0.0,0.0,0.0,0.0,0.0
1,control,19,mamba,13,13,0,13,13,13,0.9909790846017691,0.948083221912384,0.9960596561431885,0.9641127109527587,0.9976775407791137,0.9978362917900085,0.03400361251372557,0.01885179616510868,0.02387690171599388,0.020081378892064093,0.07702146023511884,0.0853392630815506,1.2208030184528685e-05,3.909738088836434e-10,1.0813892913574819e-05,3.9472211055269215e-10,2.3713983682682735e-05,2.4648408725624904e-05
1,control,20,cnn,13,13,0,13,13,13,0.9983837833771338,0.9923362135887146,0.9994862675666809,0.9950445294380188,0.9997803568840027,0.999813973903656,0.01259621404684507,0.006255332380533218,0.009449504315853119,0.00628448436036706,0.02240641266107559,0.023232223466038704,0.0,0.0,0.0,0.0,0.0,0.0
1,control,20,transformer,13,13,0,13,13,13,0.9982118973365197,0.994792103767395,0.9987166523933411,0.9959228873252869,0.9995864987373352,0.9995921850204468,0.019930433840132676,0.010524043813347816,0.016096225008368492,0.011387099884450436,0.03174595236778259,0.031798105686903,0.0,0.0,0.0,0.0,0.0,0.0
1,control,20,mamba,13,13,0,13,13,13,0.9988118089162387,0.9947963953018188,0.9995399117469788,0.9963419914245606,0.9998647212982178,0.9999026656150818,0.013593870179297833,0.00651470897719264,0.009765343740582466,0.006584048550575971,0.02474251687526702,0.027926985174417496,1.0971260279119415e-05,4.2556277946026455e-10,1.2034240171487909e-05,4.288614741110308e-10,2.9906589406891723e-05,3.0333565518958494e-05
1,instance_memory,1,cnn,0,0,0,0,0,0,,,,,,,,,,,,,,,,,,
1,instance_memory,1,transformer,0,0,0,0,0,0,,,,,,,,,,,,,,,,,,
1,instance_memory,1,mamba,0,0,0,0,0,0,,,,,,,,,,,,,,,,,,
1,instance_memory,2,cnn,0,0,0,0,0,0,,,,,,,,,,,,,,,,,,
1,instance_memory,2,transformer,0,0,0,0,0,0,,,,,,,,,,,,,,,,,,
1,instance_memory,2,mamba,0,0,0,0,0,0,,,,,,,,,,,,,,,,,,
1,instance_memory,3,cnn,0,0,0,0,0,0,,,,,,,,,,,,,,,,,,
1,instance_memory,3,transformer,0,0,0,0,0,0,,,,,,,,,,,,,,,,,,
1,instance_memory,3,mamba,0,0,0,0,0,0,,,,,,,,,,,,,,,,,,
1,instance_memory,4,cnn,0,0,0,0,0,0,,,,,,,,,,,,,,,,,,
1,instance_memory,4,transformer,0,0,0,0,0,0,,,,,,,,,,,,,,,,,,
1,instance_memory,4,mamba,0,0,0,0,0,0,,,,,,,,,,,,,,,,,,
1,instance_memory,5,cnn,0,0,0,0,0,0,,,,,,,,,,,,,,,,,,
1,instance_memory,5,transformer,0,0,0,0,0,0,,,,,,,,,,,,,,,,,,
1,instance_memory,5,mamba,0,0,0,0,0,0,,,,,,,,,,,,,,,,,,
1,instance_memory,6,cnn,12,12,0,12,12,12,0.6700256988406181,0.4002465009689331,0.707923412322998,0.4151126191020012,0.8988215327262877,0.9493204355239868,0.08898198356231053,0.04942138120532036,0.07390141487121582,0.053428239189088345,0.16400867849588394,0.16776537895202637,0.0,0.0,0.0,0.0,0.0,0.0
1,instance_memory,6,transformer,12,12,0,12,12,12,0.5950133074074984,0.04016398638486862,0.6618718206882477,0.1622638937085867,0.9685584604740143,0.978438138961792,0.23641963737706342,0.07574287056922913,0.2339145466685295,0.09326674006879329,0.3568037465214729,0.3830358386039734,0.0,0.0,0.0,0.0,0.0,0.0
1,instance_memory,6,mamba,12,12,0,12,12,12,0.6615850490828356,0.11446760594844818,0.7410702407360077,0.2088039554655552,0.9421380192041396,0.9893609285354614,0.18202526277552047,0.039720986038446426,0.1910034418106079,0.0759447479620576,0.2794381037354469,0.2999982237815857,4.296803796190185e-06,2.675601962209839e-10,1.0094288183104538e-09,2.697260748085739e-10,1.3995382551001967e-05,1.434577461623121e-05
1,instance_memory,7,cnn,13,13,0,13,13,13,0.47321582986758304,0.18523308634757996,0.46666041016578674,0.2232960820198059,0.7171771645545959,0.7308976650238037,0.0955647244476355,0.04741618037223816,0.10342700034379959,0.047779925912618634,0.145240506529808,0.16363796591758728,0.0,0.0,0.0,0.0,0.0,0.0
1,instance_memory,7,transformer,13,13,0,13,13,13,0.4001944878926644,-0.07904627919197083,0.4255027174949646,0.08192820250988009,0.6743834257125851,0.80711829662323,0.24878949098862135,0.11884909123182297,0.26317298412323,0.13480144441127778,0.3288801610469818,0.3328774571418762,0.0,0.0,0.0,0.0,0.0,0.0
1,instance_memory,7,mamba,13,13,0,13,13,13,0.6498159101376166,0.2983839809894562,0.7197590470314026,0.34558587074279784,0.8082264065742493,0.8205400705337524,0.1809005061021218,0.14412793517112732,0.17722386121749878,0.1457523971796036,0.23049738705158232,0.2399134337902069,1.1464586731474863e-06,2.199449511408602e-10,2.8112676075942034e-10,2.3234270063454687e-10,6.325776803350875e-06,1.3073718946543522e-05
1,instance_memory,8,cnn,13,13,0,13,13,13,0.4539777347101615,-0.0349319763481617,0.43869829177856445,0.014171217381954197,0.7324958324432372,0.7634929418563843,0.1350010885642125,0.07898750901222229,0.14403580129146576,0.08318351656198501,0.19744605123996734,0.19777201116085052,0.0,0.0,0.0,0.0,0.0,0.0
1,instance_memory,8,transformer,13,13,0,13,13,13,0.4486574260517955,-0.11991998553276062,0.5023325681686401,-0.04033113326877354,0.6954141497611996,0.825148344039917,0.21174351355204216,0.10990216583013535,0.1944151222705841,0.12287187576293945,0.298384428024292,0.30169105529785156,0.0,0.0,0.0,0.0,0.0,0.0
1,instance_memory,8,mamba,13,13,0,13,13,13,0.4461569800399817,-0.09586438536643982,0.4592936635017395,-0.023194623738527285,0.7535421848297118,0.7960811257362366,0.20238447533204004,0.12309575080871582,0.201732337474823,0.12674404680728912,0.2949707269668579,0.30156052112579346,1.8914710016507343e-06,2.065618232016675e-10,2.615092864477475e-10,2.1135105887637452e-10,9.918424757415744e-06,2.416687857476063e-05
1,instance_memory,9,cnn,13,13,0,13,13,13,0.6155891465739562,-0.02568983845412731,0.6700026392936707,0.25076226070523266,0.7907992243766785,0.7957241535186768,0.10363800279223002,0.05593521520495415,0.09773291647434235,0.06523615717887879,0.14758235812187193,0.15247735381126404,0.0,0.0,0.0,0.0,0.0,0.0
1,instance_memory,9,transformer,13,13,0,13,13,13,0.5360313459084585,0.14867492020130157,0.6094962954521179,0.1760955274105072,0.7424391746520995,0.7694313526153564,0.23579331430105063,0.11614321172237396,0.21464990079402924,0.13172001540660858,0.396505719423294,0.41941139101982117,0.0,0.0,0.0,0.0,0.0,0.0
1,instance_memory,9,mamba,13,13,0,13,13,13,0.6056287870384179,0.032326798886060715,0.5871723890304565,0.2781807705760002,0.8469156980514525,0.8877004384994507,0.17154133319854736,0.09009410440921783,0.17420776188373566,0.10366216599941254,0.24047979414463042,0.24356144666671753,2.260891107370241e-06,1.5355766658231573e-10,2.4781035556920017e-10,1.8021670822321312e-10,1.3724476411880452e-05,1.6866468286025338e-05
1,instance_memory,10,cnn,13,13,0,13,13,13,0.646833564226444,0.44996365904808044,0.6469038724899292,0.47157838344573977,0.7854225397109985,0.8041434288024902,0.11903596268250392,0.08538311719894409,0.11459802091121674,0.08562718480825424,0.16482768952846524,0.1729925125837326,0.0,0.0,0.0,0.0,0.0,0.0
1,instance_memory,10,transformer,13,13,0,13,13,13,0.5408007502555847,0.24873751401901245,0.5595848560333252,0.3125417232513428,0.680523669719696,0.6872005462646484,0.20240454719616816,0.14864112436771393,0.20843161642551422,0.14867517054080964,0.26691528558731076,0.28242528438568115,0.0,0.0,0.0,0.0,0.0,0.0
1,instance_memory,10,mamba,13,13,0,13,13,13,0.6284129161101121,0.42399314045906067,0.630201518535614,0.42756380438804625,0.8081309556961058,0.884031355381012,0.18621966586663172,0.13843640685081482,0.1887403428554535,0.1421102911233902,0.24509095847606657,0.25414758920669556,1.8695161228340705e-06,1.8212514829585302e-10,2.8850888345033354e-10,2.0015039625675968e-10,1.135530455940169e-05,1.6117737686727196e-05
1,instance_memory,11,cnn,13,13,0,13,13,13,0.6197749811869401,0.17158013582229614,0.6612011790275574,0.2332138478755951,0.8361646056175231,0.8704023957252502,0.11072522229873218,0.0743536502122879,0.10860154032707214,0.07544609606266021,0.153457161784172,0.1724061369895935,0.0,0.0,0.0,0.0,0.0,0.0
1,instance_memory,11,transformer,13,13,0,13,13,13,0.5286930724978447,0.07508727163076401,0.569617748260498,0.21185940802097322,0.7696820020675659,0.7853471040725708,0.17877594668131608,0.10921308398246765,0.1834843009710312,0.12244915068149567,0.23736515939235686,0.2480207085609436,0.0,0.0,0.0,0.0,0.0,0.0
1,instance_memory,11,mamba,13,13,0,13,13,13,0.6166519339268024,0.31122928857803345,0.6201092004776001,0.3808064341545105,0.8011985421180724,0.8546646237373352,0.17911594704939768,0.09946169704198837,0.1852494329214096,0.1060752511024475,0.25322213470935817,0.26654741168022156,3.3402899399835273e-06,1.53540749558978e-10,2.6219487692102916e-10,1.7093712556537355e-10,1.6751442126405883e-05,2.0842684534727596e-05
1,instance_memory,12,cnn,13,13,0,13,13,13,0.7082340969489171,0.24015721678733826,0.7263021469116211,0.4451628684997559,0.8835822939872742,0.8957235813140869,0.10783596852651009,0.06886681169271469,0.09718745946884155,0.0722209319472313,0.15434383153915404,0.162671759724617,0.0,0.0,0.0,0.0,0.0,0.0
1,instance_memory,12,transformer,13,13,0,13,13,13,0.5650818531329815,0.23020759224891663,0.5353236794471741,0.2350555956363678,0.8467407226562499,0.8938050866127014,0.20576110883400991,0.09682919830083847,0.21605925261974335,0.10009128749370574,0.2971258699893951,0.30356526374816895,0.0,0.0,0.0,0.0,0.0,0.0
1,instance_memory,12,mamba,13,13,0,13,13,13,0.6092112763569906,0.14200355112552643,0.6753295660018921,0.21477872133255005,0.8764925956726074,0.8898549675941467,0.1637435406446457,0.07677250355482101,0.15835489332675934,0.09446227997541427,0.22127570211887357,0.23052887618541718,2.4799952115666787e-06,1.8692213055171436e-10,2.770031981569332e-10,1.929223392149737e-10,1.1108697071904308e-05,1.5213649021461606e-05
1,instance_memory,13,cnn,13,13,0,13,13,13,0.7384209930896759,0.4950004518032074,0.7504861354827881,0.5747833847999573,0.8630408644676208,0.8723770976066589,0.10644090806062405,0.07445894181728363,0.09713459014892578,0.08042528778314591,0.14682612419128416,0.15236829221248627,0.0,0.0,0.0,0.0,0.0,0.0
1,instance_memory,13,transformer,13,13,0,13,13,13,0.5802133461603751,0.1681731939315796,0.6947414875030518,0.18042716085910798,0.8122618198394774,0.8406109809875488,0.18480402747025856,0.08386968821287155,0.15057587623596191,0.09927232712507249,0.3371948599815367,0.409147173166275,0.0,0.0,0.0,0.0,0.0,0.0
1,instance_memory,13,mamba,13,13,0,13,13,13,0.6838716016365931,0.43679484724998474,0.731528103351593,0.4488422036170959,0.8653367757797241,0.8722187876701355,0.14647715252179366,0.09256280958652496,0.13338324427604675,0.09286998510360718,0.2520610988140105,0.3025536835193634,9.173113454119103e-07,2.2006767241844472e-10,2.8786498185162657e-10,2.2394184839846788e-10,4.900468582036395e-06,1.1260242899879813e-05
1,instance_memory,14,cnn,13,13,0,13,13,13,0.7627202914311335,0.5422214269638062,0.7933505177497864,0.5454015970230103,0.9212400197982787,0.9385916590690613,0.12237403942988469,0.0740266889333725,0.12921182811260223,0.0758370190858841,0.17102571427822114,0.17272235453128815,0.0,0.0,0.0,0.0,0.0,0.0
1,instance_memory,14,transformer,13,13,0,13,13,13,0.6574947834014893,0.2961663007736206,0.7621534466743469,0.3500687599182129,0.8478380441665649,0.8706677556037903,0.1667823103758005,0.09443389624357224,0.13074389100074768,0.09854690283536911,0.2883204638957976,0.34469541907310486,0.0,0.0,0.0,0.0,0.0,0.0
1,instance_memory,14,mamba,13,13,0,13,13,13,0.7127229250394381,0.4773840308189392,0.6945354342460632,0.512602972984314,0.8855981826782227,0.9023455381393433,0.1573084478194897,0.10243595391511917,0.1675826609134674,0.10552498251199723,0.22393669188022614,0.2264736145734787,2.9434681220623904e-06,2.3056713482905167e-10,2.832007683917226e-10,2.3539028504160344e-10,1.1013457151420871e-05,1.4858345821266994e-05
1,instance_memory,15,cnn,13,13,0,13,13,13,0.7521970776411203,0.5881786942481995,0.753999650478363,0.6519540429115296,0.8422844290733337,0.8545799255371094,0.09778433407728489,0.07601776719093323,0.09635471552610397,0.07747524380683898,0.127113127708435,0.15155711770057678,0.0,0.0,0.0,0.0,0.0,0.0
1,instance_memory,15,transformer,13,13,0,13,13,13,0.6483070529424227,0.33508527278900146,0.6837233304977417,0.4652063131332398,0.7878535628318785,0.8588559627532959,0.17885494060241258,0.0883459821343422,0.1800977885723114,0.10255027711391448,0.3085023164749145,0.339527428150177,0.0,0.0,0.0,0.0,0.0,0.0
1,instance_memory,15,mamba,13,13,0,13,13,13,0.7255262640806345,0.5747116804122925,0.7453680634498596,0.5808268666267395,0.8474852800369262,0.8482804298400879,0.1327490949859986,0.08168064057826996,0.13644930720329285,0.08302486538887024,0.17267079055309292,0.19036419689655304,2.6683532885741512e-06,1.9894644265328054e-10,2.6621491122647e-10,2.044899832798208e-10,1.1972798529313873e-05,1.3506513823813293e-05
1,instance_memory,16,cnn,13,13,0,13,13,13,0.8033125538092393,0.5528318285942078,0.8396826982498169,0.6433370351791382,0.9058393955230712,0.9078722596168518,0.10682787803503183,0.0575227215886116,0.10010864585638046,0.06552058160305023,0.16632806360721586,0.17997072637081146,0.0,0.0,0.0,0.0,0.0,0.0
1,instance_memory,16,transformer,13,13,0,13,13,13,0.6796786555877099,0.28652524948120117,0.6995958089828491,0.42466244697570804,0.861954641342163,0.8878436088562012,0.14506540734034318,0.07232943922281265,0.14470961689949036,0.08118086755275726,0.22703917026519774,0.23582328855991364,0.0,0.0,0.0,0.0,0.0,0.0
1,instance_memory,16,mamba,13,13,0,13,13,13,0.7409158051013947,0.46596387028694153,0.7839196920394897,0.5058673977851867,0.8546450138092041,0.8611094951629639,0.14947064507466096,0.07933394610881805,0.1520969569683075,0.08649521619081497,0.21416372060775757,0.21632781624794006,2.065723794098187e-06,2.24456453423727e-10,2.943380539299767e-10,2.269832904966407e-10,1.2589638026838645e-05,1.759754741215147e-05
1,instance_memory,17,cnn,13,13,0,13,13,13,0.8929578157571646,0.7708058953285217,0.9068233966827393,0.7835445284843445,0.9621564865112304,0.9784610271453857,0.07101040247541207,0.03628985211253166,0.06973847001791,0.03910166770219803,0.1211970642209053,0.12345315515995026,0.0,0.0,0.0,0.0,0.0,0.0
1,instance_memory,17,transformer,13,13,0,13,13,13,0.8701477463428791,0.7512412667274475,0.8899727463722229,0.7707266569137573,0.9604907989501953,0.9622860550880432,0.10045333321277912,0.051367077976465225,0.11199405789375305,0.05198896378278732,0.1393187969923019,0.15018928050994873,0.0,0.0,0.0,0.0,0.0,0.0
1,instance_memory,17,mamba,13,13,0,13,13,13,0.8839568404050974,0.7848567366600037,0.9048724174499512,0.787553894519806,0.9486600399017334,0.9506531357765198,0.10861680885920158,0.06642181426286697,0.10822191834449768,0.06665422767400742,0.16851745545864102,0.1747875213623047,1.7312414115664933e-06,2.227405759835932e-10,2.8594895895572847e-10,2.361856044075239e-10,1.0333976933907247e-05,1.2164588952146005e-05
1,instance_memory,18,cnn,13,13,0,13,13,13,0.9644026435338534,0.9374444484710693,0.9646545648574829,0.9390987992286682,0.9823714017868042,0.9880638718605042,0.0410367393722901,0.024501169100403786,0.04158788546919823,0.026782895252108575,0.0543065495789051,0.055534522980451584,0.0,0.0,0.0,0.0,0.0,0.0
1,instance_memory,18,transformer,13,13,0,13,13,13,0.8865439891815186,0.7281239628791809,0.8980167508125305,0.7884552836418152,0.9503148674964904,0.9605123400688171,0.10665019085774055,0.06880533695220947,0.09655927121639252,0.07409542202949523,0.1526618510484695,0.17049309611320496,0.0,0.0,0.0,0.0,0.0,0.0
1,instance_memory,18,mamba,13,13,0,13,13,13,0.9551587242346543,0.9252806305885315,0.94768887758255,0.9352120637893677,0.9823607206344604,0.9830783009529114,0.059403265898044295,0.03470125421881676,0.061694301664829254,0.03797255679965019,0.07728133052587509,0.07937713712453842,3.0765754885012312e-06,2.295829776288727e-10,2.5531352032537313e-10,2.3494884371366707e-10,1.573312511027325e-05,1.609330684004817e-05
1,instance_memory,19,cnn,13,13,0,13,13,13,0.9850649925378653,0.9275681972503662,0.9900498986244202,0.9573689341545105,0.9955642819404602,0.9958625435829163,0.024163974807239495,0.014689839445054531,0.021442808210849762,0.015357418358325959,0.04144608229398725,0.05021197721362114,0.0,0.0,0.0,0.0,0.0,0.0
1,instance_memory,19,transformer,13,13,0,13,13,13,0.9653501281371484,0.897466242313385,0.975195050239563,0.9160501599311829,0.9878527641296386,0.9921157956123352,0.061648997549827285,0.035517219454050064,0.051551420241594315,0.03713738992810249,0.11902201771736143,0.12769825756549835,0.0,0.0,0.0,0.0,0.0,0.0
1,instance_memory,19,mamba,13,13,0,13,13,13,0.9693975907105666,0.8696265816688538,0.9787576794624329,0.9236616134643555,0.9906718254089355,0.9943122267723083,0.04692618634838324,0.02293568104505539,0.04308959096670151,0.029840621352195743,0.07294899299740787,0.09234698116779327,3.186390789530117e-06,2.354805794801962e-10,2.9987740068904145e-10,2.4263655529210835e-10,1.2424160922819273e-05,1.6618201698292978e-05
1,instance_memory,20,cnn,13,13,0,13,13,13,0.9981503807581388,0.9913285374641418,0.9988777041435242,0.9944102168083191,0.9996968269348144,0.9997066259384155,0.008470174211722154,0.004105549771338701,0.007545235101133585,0.004422788321971893,0.015289891324937334,0.019795648753643036,0.0,0.0,0.0,0.0,0.0,0.0
1,instance_memory,20,transformer,13,13,0,13,13,13,0.9982482149050786,0.9946034550666809,0.9990996718406677,0.9953511834144593,0.9997785210609436,0.9997995495796204,0.012830622171839843,0.006052437238395214,0.00955476239323616,0.006414154078811407,0.025680759549140918,0.03066980466246605,0.0,0.0,0.0,0.0,0.0,0.0
1,instance_memory,20,mamba,13,13,0,13,13,13,0.9968805955006526,0.9865527153015137,0.9989603161811829,0.990113365650177,0.9996887087821961,0.9996971487998962,0.01449604626171864,0.006791087798774242,0.010988117195665836,0.007012432627379894,0.02918440885841846,0.03165150806307793,2.2245681164923407e-06,2.3274636384851277e-10,2.9650476518483515e-10,2.3903142798431534e-10,9.65405979513889e-06,1.0225772712146863e-05
2,control,1,cnn,0,0,0,0,0,0,,,,,,,,,,,,,,,,,,
2,control,1,transformer,0,0,0,0,0,0,,,,,,,,,,,,,,,,,,
2,control,1,mamba,0,0,0,0,0,0,,,,,,,,,,,,,,,,,,
2,control,2,cnn,0,0,0,0,0,0,,,,,,,,,,,,,,,,,,
2,control,2,transformer,0,0,0,0,0,0,,,,,,,,,,,,,,,,,,
2,control,2,mamba,0,0,0,0,0,0,,,,,,,,,,,,,,,,,,
2,control,3,cnn,0,0,0,0,0,0,,,,,,,,,,,,,,,,,,
2,control,3,transformer,0,0,0,0,0,0,,,,,,,,,,,,,,,,,,
2,control,3,mamba,0,0,0,0,0,0,,,,,,,,,,,,,,,,,,
2,control,4,cnn,0,0,0,0,0,0,,,,,,,,,,,,,,,,,,
2,control,4,transformer,0,0,0,0,0,0,,,,,,,,,,,,,,,,,,
2,control,4,mamba,0,0,0,0,0,0,,,,,,,,,,,,,,,,,,
2,control,5,cnn,0,0,0,0,0,0,,,,,,,,,,,,,,,,,,
2,control,5,transformer,0,0,0,0,0,0,,,,,,,,,,,,,,,,,,
2,control,5,mamba,0,0,0,0,0,0,,,,,,,,,,,,,,,,,,
2,control,6,cnn,12,12,0,12,12,12,0.7540059189001719,0.4627009630203247,0.7726398408412933,0.4975409507751465,0.9479936331510543,0.9903385639190674,0.14681836403906345,0.02757248282432556,0.14697817713022232,0.0743410423398018,0.2281778775155544,0.25498390197753906,0.0,0.0,0.0,0.0,0.0,0.0
2,control,6,transformer,12,12,0,12,12,12,0.7142986208200455,0.5397732257843018,0.6974369883537292,0.5439671307802201,0.9472247421741485,0.9974285364151001,0.21756302689512572,0.020329244434833527,0.20032905787229538,0.06536960192024707,0.3520481407642364,0.3686802387237549,0.0,0.0,0.0,0.0,0.0,0.0
2,control,6,mamba,12,12,0,12,12,12,0.7548011417190233,0.4361654222011566,0.7855064570903778,0.5206996485590935,0.9666074067354202,0.9965105056762695,0.16707992103571692,0.021169697865843773,0.17527508735656738,0.04713673582300544,0.2554106183350086,0.2659966051578522,6.945967577093777e-06,2.47029341426952e-10,3.874142812110293e-10,2.604192583799403e-10,2.0239993682480416e-05,2.0445040718186647e-05
2,control,7,cnn,13,13,0,13,13,13,0.7049866525026468,0.4315530061721802,0.7732251286506653,0.4456301510334015,0.8560426235198973,0.8863791227340698,0.16663225625570005,0.08913370221853256,0.1566673219203949,0.0955005019903183,0.23877145349979398,0.24740633368492126,0.0,0.0,0.0,0.0,0.0,0.0
2,control,7,transformer,13,13,0,13,13,13,0.6262926327494475,0.09062469750642776,0.7448253631591797,0.16742674410343172,0.8183999061584473,0.8219679594039917,0.24538292563878572,0.14305810630321503,0.24424400925636292,0.15719979405403137,0.3635187447071074,0.42579007148742676,0.0,0.0,0.0,0.0,0.0,0.0
2,control,7,mamba,13,13,0,13,13,13,0.775811241223262,0.5250135660171509,0.7802823781967163,0.6126949429512024,0.881855022907257,0.8999650478363037,0.18460537665165389,0.11763747781515121,0.1846511960029602,0.13592771589756011,0.2329663276672363,0.2448529303073883,1.599607306772811e-06,2.5206750575712533e-10,3.358531786012975e-10,2.612161043025196e-10,8.445604953521953e-06,1.973274083866272e-05
2,control,8,cnn,13,13,0,13,13,13,0.6806905223773076,0.5769022703170776,0.6755465865135193,0.597384512424469,0.7811172008514403,0.8436330556869507,0.17190483441719642,0.11670763790607452,0.16327093541622162,0.12414141595363617,0.23339641392230986,0.23915867507457733,0.0,0.0,0.0,0.0,0.0,0.0
2,control,8,transformer,13,13,0,13,13,13,0.6448612969655257,0.3662974536418915,0.7137472629547119,0.42396042346954343,0.7794337034225464,0.7806894779205322,0.24504764951192415,0.16408711671829224,0.24707359075546265,0.1685975193977356,0.350784683227539,0.39223387837409973,0.0,0.0,0.0,0.0,0.0,0.0
2,control,8,mamba,13,13,0,13,13,13,0.7080324613131009,0.5885047912597656,0.7068156599998474,0.5897287726402283,0.8765158891677857,0.8793331384658813,0.2139199169782492,0.13557317852973938,0.20895275473594666,0.1366926610469818,0.283510410785675,0.3036651909351349,3.1072644452563473e-06,2.6763249949546264e-10,3.58939877820319e-10,2.777019947330928e-10,1.8951374659081915e-05,2.1698670025216416e-05
2,control,9,cnn,13,13,0,13,13,13,0.7317770352730384,0.4866206645965576,0.7603779435157776,0.5768231749534607,0.8570752263069152,0.895816445350647,0.17786275136929292,0.08702462166547775,0.17458195984363556,0.11449726819992066,0.2740322530269622,0.2927406430244446,0.0,0.0,0.0,0.0,0.0,0.0
2,control,9,transformer,13,13,0,13,13,13,0.6430203112272116,0.37567347288131714,0.6386655569076538,0.44505998492240906,0.8357781052589416,0.8687815070152283,0.25781547793975246,0.16112066805362701,0.25773531198501587,0.17502732276916505,0.3786310911178588,0.4037768542766571,0.0,0.0,0.0,0.0,0.0,0.0
2,control,9,mamba,13,13,0,13,13,13,0.7327319452395806,0.46779415011405945,0.7666534781455994,0.5044906139373779,0.8676206231117248,0.8807356953620911,0.2254029787503756,0.14799237251281738,0.20457231998443604,0.1540807902812958,0.3361335158348082,0.3850458860397339,2.4955623582431e-06,3.0645699866660436e-10,3.740754372927313e-10,3.0740440748466824e-10,1.1116376117570325e-05,1.153792254626751e-05
2,control,10,cnn,13,13,0,13,13,13,0.707296786399988,0.4723038971424103,0.7017229795455933,0.4849531054496765,0.8687991023063659,0.8754351735115051,0.16476565771378004,0.08615183085203171,0.16090118885040283,0.10284510850906373,0.2471846282482147,0.2560441792011261,0.0,0.0,0.0,0.0,0.0,0.0
2,control,10,transformer,13,13,0,13,13,13,0.7228574592333573,0.2665565311908722,0.772858738899231,0.44858191013336185,0.8650266289710998,0.8969252109527588,0.20919756820568672,0.10257945954799652,0.21444235742092133,0.13478277623653412,0.28978891372680654,0.3249174654483795,0.0,0.0,0.0,0.0,0.0,0.0
2,control,10,mamba,13,13,0,13,13,13,0.7686783212881821,0.5582847595214844,0.8190523386001587,0.5952037930488586,0.8654841303825378,0.8667078614234924,0.19351213826582983,0.13649195432662964,0.17857626080513,0.1381217896938324,0.2670735895633697,0.2990528345108032,1.654502831667835e-06,2.779632357619022e-10,3.3489519490892405e-10,2.803216159197319e-10,8.743320506709977e-06,2.0793637304450385e-05
2,control,11,cnn,13,13,0,13,13,13,0.7827804134442256,0.5025123357772827,0.8428754210472107,0.5562512874603271,0.9030722379684448,0.9105831384658813,0.14054538194949812,0.09048368036746979,0.12391598522663116,0.09773572087287903,0.20570951104164123,0.20805679261684418,0.0,0.0,0.0,0.0,0.0,0.0
2,control,11,transformer,13,13,0,13,13,13,0.8252763748168945,0.7316814661026001,0.8195206522941589,0.7440792441368103,0.8996081590652466,0.9056724905967712,0.17746380544625795,0.11628399044275284,0.170060932636261,0.12065095752477646,0.25315590500831603,0.2539544701576233,0.0,0.0,0.0,0.0,0.0,0.0
2,control,11,mamba,13,13,0,13,13,13,0.8174669559185321,0.672939658164978,0.8422983884811401,0.684558379650116,0.90878666639328,0.9323737621307373,0.16314294876960608,0.09515181183815002,0.15176984667778015,0.10973521918058396,0.2526757299900054,0.27508047223091125,7.508883086973293e-06,3.007457061166008e-10,3.926232117201778e-10,3.1539032496752384e-10,2.4570000459789288e-05,2.8350914362818003e-05
2,control,12,cnn,13,13,0,13,13,13,0.7568147320013779,0.5714919567108154,0.7975306510925293,0.6018581390380859,0.8436972737312317,0.8443590998649597,0.15125302168039176,0.11705011874437332,0.13249510526657104,0.12129576504230499,0.19728743433952325,0.21759237349033356,0.0,0.0,0.0,0.0,0.0,0.0
2,control,12,transformer,13,13,0,13,13,13,0.8159898978013259,0.5947578549385071,0.8145999312400818,0.6800832509994507,0.9308762907981872,0.9501298666000366,0.18451562867714807,0.13494443893432617,0.17863793671131134,0.1349574387073517,0.2513565808534622,0.2677394151687622,0.0,0.0,0.0,0.0,0.0,0.0
2,control,12,mamba,13,13,0,13,13,13,0.7913353053423074,0.4625053107738495,0.8248429298400879,0.5864902615547181,0.8759728193283081,0.8935639262199402,0.1968847685135328,0.13805724680423737,0.19829310476779938,0.1471533417701721,0.23615055978298188,0.23654396831989288,5.866734406509635e-06,3.0901164960184246e-10,4.083418603251232e-10,3.476592680407009e-10,2.40120538364863e-05,2.529447192500811e-05
2,control,13,cnn,13,13,0,13,13,13,0.7686127561789292,0.5341048240661621,0.774700939655304,0.5777806282043457,0.8937406182289124,0.9066118597984314,0.15937264664815023,0.08465013653039932,0.16681072115898132,0.09584433138370514,0.2307973474264144,0.2732773423194885,0.0,0.0,0.0,0.0,0.0,0.0
2,control,13,transformer,13,13,0,13,13,13,0.801582946227147,0.6438320875167847,0.8203437924385071,0.6608170151710511,0.9020239830017089,0.9201188087463379,0.20726500165003997,0.11515743285417557,0.21301360428333282,0.12462559938430787,0.3240464150905609,0.3279554843902588,0.0,0.0,0.0,0.0,0.0,0.0
2,control,13,mamba,13,13,0,13,13,13,0.7913640233186575,0.628269612789154,0.8331816792488098,0.6292481541633606,0.8947490215301512,0.930791974067688,0.19310199927825195,0.11601272970438004,0.18035978078842163,0.12627445459365844,0.28232430517673474,0.3659847378730774,6.32440260721452e-06,2.843359436788262e-10,4.348345850058166e-10,2.9129552658879733e-10,2.2394112602341916e-05,2.4728367861825973e-05
2,control,14,cnn,13,13,0,13,13,13,0.8834099219395564,0.768129289150238,0.8895686268806458,0.7980944991111756,0.9501754641532898,0.9703739285469055,0.10357170981856492,0.054712582379579544,0.0995020791888237,0.07655361592769623,0.13652856945991515,0.1380917876958847,0.0,0.0,0.0,0.0,0.0,0.0
2,control,14,transformer,13,13,0,13,13,13,0.8456234702697167,0.7288002967834473,0.8540882468223572,0.7602087497711182,0.9075202345848083,0.9109228849411011,0.16931981421433961,0.13209258019924164,0.15046745538711548,0.13216255903244017,0.23136685490608214,0.2344931662082672,0.0,0.0,0.0,0.0,0.0,0.0
2,control,14,mamba,13,13,0,13,13,13,0.8566391284649189,0.6994578838348389,0.8870076537132263,0.7409706115722656,0.9324784636497497,0.9503294229507446,0.1540151433302806,0.1160629540681839,0.15440970659255981,0.12625570595264435,0.18475507497787474,0.19453483819961548,4.799908705599859e-06,3.188632136108538e-10,1.668628901718705e-09,3.2568670538246634e-10,2.0187333211652e-05,2.1275493054417893e-05
2,control,15,cnn,13,13,0,13,13,13,0.8977950215339661,0.7618361711502075,0.9215107560157776,0.8056148648262024,0.9375817894935607,0.9405208826065063,0.09678715696701637,0.06317976117134094,0.09572958201169968,0.06597405076026916,0.13847738802433013,0.13945548236370087,0.0,0.0,0.0,0.0,0.0,0.0
2,control,15,transformer,13,13,0,13,13,13,0.8718144801946787,0.7488634586334229,0.888367772102356,0.778371798992157,0.9409092664718628,0.9430392980575562,0.16114233835385397,0.09749434888362885,0.16889502108097076,0.10072190463542938,0.22013113796710965,0.23534144461154938,0.0,0.0,0.0,0.0,0.0,0.0
2,control,15,mamba,13,13,0,13,13,13,0.861810748393719,0.6583039164543152,0.8842050433158875,0.6860405325889587,0.948016619682312,0.955509603023529,0.13924336490722802,0.08592754602432251,0.13921478390693665,0.0913288488984108,0.20623464584350581,0.22200922667980194,6.033504627477998e-06,3.4791347580664933e-10,4.5668882564520175e-10,3.5290033673085474e-10,2.1510388978640543e-05,2.459470124449581e-05
2,control,16,cnn,13,13,0,13,13,13,0.9439790844917297,0.9011353254318237,0.9435065388679504,0.907135283946991,0.9779886245727539,0.9819139838218689,0.07873825786205438,0.03461829572916031,0.07573554664850235,0.04463880062103272,0.11228760182857513,0.11438827216625214,0.0,0.0,0.0,0.0,0.0,0.0
2,control,16,transformer,13,13,0,13,13,13,0.8981996728823736,0.828289806842804,0.8946278691291809,0.8293332934379578,0.9631095051765441,0.9688999652862549,0.14535563066601753,0.059731896966695786,0.1449556052684784,0.08016990274190904,0.20297192037105555,0.22232061624526978,0.0,0.0,0.0,0.0,0.0,0.0
2,control,16,mamba,13,13,0,13,13,13,0.9174040601803706,0.794333815574646,0.9243004322052002,0.8113275408744812,0.9667687058448791,0.9819216132164001,0.12376017753894512,0.05433645099401474,0.1147356629371643,0.06500376164913177,0.18550049662590024,0.19384796917438507,1.0893157100340282e-05,4.0435235715285955e-10,9.892196430882905e-06,4.220743310412445e-10,2.7426134329289196e-05,2.771481013041921e-05
2,control,17,cnn,13,13,0,13,13,13,0.9758595594993005,0.965724766254425,0.9757969379425049,0.9660469889640808,0.9866078734397888,0.9892852902412415,0.053574342567187086,0.03333033248782158,0.05163004621863365,0.03584107235074043,0.07341950237751005,0.08206690847873688,0.0,0.0,0.0,0.0,0.0,0.0
2,control,17,transformer,13,13,0,13,13,13,0.9715896386366624,0.9428074955940247,0.972762942314148,0.9517188668251038,0.9885931134223938,0.9895092844963074,0.07589262380049779,0.049716342240571976,0.0718134418129921,0.05057404786348343,0.10386396944522854,0.11946870386600494,0.0,0.0,0.0,0.0,0.0,0.0
2,control,17,mamba,13,13,0,13,13,13,0.9648272074185885,0.9465969800949097,0.9642009139060974,0.9484616160392761,0.9806637763977051,0.9814544916152954,0.0820996411717855,0.06369057297706604,0.07856380194425583,0.06492218971252442,0.10221241712570191,0.10241430252790451,1.0984866623734521e-05,4.1451550525373193e-10,1.0123921128979418e-05,4.193455582779393e-10,2.549806413298938e-05,2.6949148377752863e-05
2,control,18,cnn,13,13,0,13,13,13,0.9869910065944378,0.9622648358345032,0.9891525506973267,0.9749787211418152,0.9948878645896911,0.9955354928970337,0.037486749343000926,0.01880979910492897,0.036951057612895966,0.022152597084641457,0.05570186674594875,0.07344861328601837,0.0,0.0,0.0,0.0,0.0,0.0
2,control,18,transformer,13,13,0,13,13,13,0.9790919239704425,0.9347414374351501,0.981695294380188,0.9542628049850463,0.9952937960624695,0.9967427253723145,0.0665495812606353,0.026575414463877678,0.0617307685315609,0.030228939652442933,0.11607777476310724,0.14528653025627136,0.0,0.0,0.0,0.0,0.0,0.0
2,control,18,mamba,13,13,0,13,13,13,0.9819486324603741,0.9560467004776001,0.9841319918632507,0.9649497389793396,0.9948911547660828,0.9957777857780457,0.056219653154794984,0.032270222902297974,0.05210280418395996,0.03335432708263397,0.08224197179079054,0.08874529600143433,1.4964171887553125e-05,3.8596986717820414e-10,1.8535276467446238e-05,4.293500333041322e-10,3.108905293629504e-05,3.152978388243355e-05
2,control,19,cnn,13,13,0,13,13,13,0.9900953677984384,0.9842612743377686,0.9899440407752991,0.9853608727455139,0.9958914160728455,0.9966959357261658,0.03389108639497023,0.023044152185320854,0.033627964556217194,0.02555643431842327,0.04446255564689635,0.049079712480306625,0.0,0.0,0.0,0.0,0.0,0.0
2,control,19,transformer,13,13,0,13,13,13,0.9866974628888644,0.9688476324081421,0.9885460138320923,0.9747203826904297,0.9961362242698669,0.9968451857566833,0.050140264515693374,0.03130989521741867,0.04918097332119942,0.033371302485466006,0.06751932501792908,0.06803525239229202,0.0,0.0,0.0,0.0,0.0,0.0
2,control,19,mamba,13,13,0,13,13,13,0.9918857858731196,0.9815433621406555,0.9939486384391785,0.9824420094490052,0.9968648314476013,0.9984410405158997,0.0391140658981525,0.021108616143465042,0.037146154791116714,0.02376239374279976,0.059373565018177026,0.06354133784770966,1.2576511661406874e-05,4.131728570389015e-10,1.0580812158877961e-05,4.2541927758321665e-10,3.692062309710309e-05,3.7525067455135286e-05
2,control,20,cnn,13,13,0,13,13,13,0.9980897307395935,0.9944443106651306,0.9989676475524902,0.9947360277175903,0.9998555541038513,0.9998582005500793,0.012891263629381474,0.004065230023115873,0.011622333899140358,0.00412540789693594,0.02530170753598213,0.026043564081192017,0.0,0.0,0.0,0.0,0.0,0.0
2,control,20,transformer,13,13,0,13,13,13,0.9975671217991755,0.9884917140007019,0.998909056186676,0.9926073312759399,0.9997171521186828,0.9997410774230957,0.021167277931593932,0.00763764139264822,0.02101084776222706,0.007961473986506462,0.04236472696065901,0.050809912383556366,0.0,0.0,0.0,0.0,0.0,0.0
2,control,20,mamba,13,13,0,13,13,13,0.9978553423514733,0.9932988286018372,0.9987030029296875,0.9934502124786377,0.9996821403503418,0.9997961521148682,0.018026023673323486,0.0073037901893258095,0.01817827671766281,0.007889794744551181,0.030817331373691557,0.031573906540870667,9.36154425798957e-06,3.2812930150782904e-10,1.4869625601932057e-06,3.689160921194201e-10,2.779424794425722e-05,2.8503813155111857e-05
2,instance_memory,1,cnn,0,0,0,0,0,0,,,,,,,,,,,,,,,,,,
2,instance_memory,1,transformer,0,0,0,0,0,0,,,,,,,,,,,,,,,,,,
2,instance_memory,1,mamba,0,0,0,0,0,0,,,,,,,,,,,,,,,,,,
2,instance_memory,2,cnn,0,0,0,0,0,0,,,,,,,,,,,,,,,,,,
2,instance_memory,2,transformer,0,0,0,0,0,0,,,,,,,,,,,,,,,,,,
2,instance_memory,2,mamba,0,0,0,0,0,0,,,,,,,,,,,,,,,,,,
2,instance_memory,3,cnn,0,0,0,0,0,0,,,,,,,,,,,,,,,,,,
2,instance_memory,3,transformer,0,0,0,0,0,0,,,,,,,,,,,,,,,,,,
2,instance_memory,3,mamba,0,0,0,0,0,0,,,,,,,,,,,,,,,,,,
2,instance_memory,4,cnn,0,0,0,0,0,0,,,,,,,,,,,,,,,,,,
2,instance_memory,4,transformer,0,0,0,0,0,0,,,,,,,,,,,,,,,,,,
2,instance_memory,4,mamba,0,0,0,0,0,0,,,,,,,,,,,,,,,,,,
2,instance_memory,5,cnn,0,0,0,0,0,0,,,,,,,,,,,,,,,,,,
2,instance_memory,5,transformer,0,0,0,0,0,0,,,,,,,,,,,,,,,,,,
2,instance_memory,5,mamba,0,0,0,0,0,0,,,,,,,,,,,,,,,,,,
2,instance_memory,6,cnn,12,12,0,12,12,12,0.6577068989475569,0.150411456823349,0.7183361351490021,0.3127399474382401,0.9301365137100219,0.9902740120887756,0.0879602744244039,0.027431415393948555,0.08127592504024506,0.041018131840974095,0.14949495643377303,0.16958661377429962,0.0,0.0,0.0,0.0,0.0,0.0
2,instance_memory,6,transformer,12,12,0,12,12,12,0.6856119483709335,0.43080413341522217,0.6566439270973206,0.48996556401252744,0.9492387801408767,0.9974517226219177,0.19633529831965765,0.020072288811206818,0.2144574224948883,0.05741140134632588,0.3213591665029525,0.37473857402801514,0.0,0.0,0.0,0.0,0.0,0.0
2,instance_memory,6,mamba,12,12,0,12,12,12,0.684679759045442,0.32923993468284607,0.763113796710968,0.35024838894605637,0.960003799200058,0.9965372681617737,0.16776740364730358,0.02058575302362442,0.16239972412586212,0.05112132988870144,0.2715466573834419,0.2721595764160156,3.7675019480334915e-06,2.3531002146803814e-10,3.3273747646056506e-10,2.4005013254946306e-10,2.206489316449733e-05,2.5273451683460735e-05
2,instance_memory,7,cnn,13,13,0,13,13,13,0.5422833183637032,0.18832483887672424,0.5860643982887268,0.21242181360721588,0.7000139832496644,0.7016655802726746,0.09944293791284928,0.05058453977108002,0.09107834845781326,0.05498340502381325,0.1641708672046661,0.18074817955493927,0.0,0.0,0.0,0.0,0.0,0.0
2,instance_memory,7,transformer,13,13,0,13,13,13,0.44352756383327335,0.08309520035982132,0.5012828707695007,0.18674197494983674,0.6217163205146788,0.6854743957519531,0.23316152623066536,0.13701879978179932,0.22333531081676483,0.15976166129112243,0.33519985675811764,0.35952994227409363,0.0,0.0,0.0,0.0,0.0,0.0
2,instance_memory,7,mamba,13,13,0,13,13,13,0.5604283626262958,0.29334595799446106,0.5690709948539734,0.30878931283950806,0.7651945829391479,0.7708101272583008,0.18351238335554415,0.11731057614088058,0.19403454661369324,0.1205299288034439,0.23967556953430175,0.2410842925310135,2.7140417361784304e-06,1.8294135650798182e-10,2.812552413189451e-10,1.9068378820374932e-10,1.720852924336213e-05,1.9787945348070934e-05
2,instance_memory,8,cnn,13,13,0,13,13,13,0.5112093987946327,0.052990738302469254,0.520707905292511,0.22049776464700702,0.7505203366279601,0.7701493501663208,0.08644144781506978,0.059179775416851044,0.07206305116415024,0.05930391699075699,0.14928102791309356,0.15236707031726837,0.0,0.0,0.0,0.0,0.0,0.0
2,instance_memory,8,transformer,13,13,0,13,13,13,0.46062143548176837,-0.0875457152724266,0.4686501622200012,0.17990402877330783,0.695464789867401,0.7373118996620178,0.22317853226111486,0.1374996304512024,0.21965467929840088,0.14439627826213836,0.3073922872543335,0.31737402081489563,0.0,0.0,0.0,0.0,0.0,0.0
2,instance_memory,8,mamba,13,13,0,13,13,13,0.5511058637729058,0.3052966594696045,0.546962559223175,0.3434186100959778,0.7924633622169494,0.8383609652519226,0.20083059943639314,0.087020143866539,0.20479272305965424,0.11096108555793763,0.29607055187225334,0.33666226267814636,2.319517236694273e-06,2.3907373303266866e-10,2.961602907358696e-10,2.4836976364461807e-10,1.4963415924285072e-05,1.5622397768311203e-05
2,instance_memory,9,cnn,13,13,0,13,13,13,0.5998677405027243,0.3499354422092438,0.6056678295135498,0.4336879372596741,0.7650028228759765,0.7819920778274536,0.11243028136400077,0.07499770075082779,0.10711522400379181,0.07820145636796952,0.1514892756938934,0.17290835082530975,0.0,0.0,0.0,0.0,0.0,0.0
2,instance_memory,9,transformer,13,13,0,13,13,13,0.46145961032463956,0.20119957625865936,0.4234667420387268,0.24623412489891053,0.8401604056358337,0.8630723357200623,0.2270740018441127,0.1737486720085144,0.21768106520175934,0.18564272224903106,0.29132531285285945,0.3217499852180481,0.0,0.0,0.0,0.0,0.0,0.0
2,instance_memory,9,mamba,13,13,0,13,13,13,0.5615230386073773,0.32902011275291443,0.544901967048645,0.3295989692211151,0.7842872500419616,0.8017682433128357,0.16989791565216505,0.09279436618089676,0.1799180805683136,0.11934959888458252,0.20395198464393613,0.21122801303863525,4.624384015780794e-08,1.754567185985323e-10,3.0411917428807556e-10,1.9224080105573193e-10,2.395775333674513e-07,5.966692242509453e-07
2,instance_memory,10,cnn,13,13,0,13,13,13,0.6876166394123664,0.3391464650630951,0.7027385830879211,0.4696661710739136,0.8159164905548095,0.8199202418327332,0.10140701669913071,0.06612711399793625,0.09860780835151672,0.06868561059236526,0.13699565827846527,0.14292186498641968,0.0,0.0,0.0,0.0,0.0,0.0
2,instance_memory,10,transformer,13,13,0,13,13,13,0.5677717052973233,0.2440769374370575,0.5723543167114258,0.29557374119758606,0.8020365118980407,0.8385140895843506,0.17689513243161714,0.10119441151618958,0.16188335418701172,0.1058780625462532,0.2791727781295776,0.2966108024120331,0.0,0.0,0.0,0.0,0.0,0.0
2,instance_memory,10,mamba,13,13,0,13,13,13,0.6443907572672918,0.4574582576751709,0.6582074165344238,0.45971428155899047,0.8133993148803711,0.8223389387130737,0.17487625032663345,0.09507431834936142,0.18470072746276855,0.10916895121335983,0.23517040908336628,0.2880658507347107,1.3710073496924469e-06,2.0907696407501675e-10,2.343591432030223e-10,2.155777056866981e-10,8.346173581230684e-06,9.554651114740409e-06
2,instance_memory,11,cnn,13,13,0,13,13,13,0.6518604319829208,0.20989882946014404,0.6970406770706177,0.32130736708641056,0.8734539031982421,0.893227756023407,0.1219720198557927,0.07598741352558136,0.12424129247665405,0.08305487334728241,0.15854754745960234,0.16334527730941772,0.0,0.0,0.0,0.0,0.0,0.0
2,instance_memory,11,transformer,13,13,0,13,13,13,0.5646880269050598,0.18038851022720337,0.6053338050842285,0.30262387394905094,0.7250670909881591,0.7511016130447388,0.18204531933252627,0.11714573949575424,0.16827967762947083,0.1259855270385742,0.2632703959941864,0.27709341049194336,0.0,0.0,0.0,0.0,0.0,0.0
2,instance_memory,11,mamba,13,13,0,13,13,13,0.5794998774161706,0.31372496485710144,0.5823193192481995,0.39259812831878665,0.7991427898406981,0.8775953650474548,0.18393720514499223,0.10553451627492905,0.18402864038944244,0.12755585908889772,0.24599407017230984,0.25902968645095825,3.729479307508605e-06,1.9135087958588315e-10,2.9095839626513964e-10,2.1118165827171963e-10,2.0399048662511624e-05,2.2884969439473934e-05
2,instance_memory,12,cnn,13,13,0,13,13,13,0.6930887492803427,0.4892958104610443,0.7300071716308594,0.4899054765701294,0.830024242401123,0.8427815437316895,0.11940599920657965,0.07026541978120804,0.11128118634223938,0.0813764750957489,0.16786155998706817,0.17332355678081512,0.0,0.0,0.0,0.0,0.0,0.0
2,instance_memory,12,transformer,13,13,0,13,13,13,0.6424457568388718,0.504684567451477,0.6661508083343506,0.5150092482566834,0.7700446963310241,0.7992567420005798,0.18908936243790847,0.15035028755664825,0.19323787093162537,0.15242293775081633,0.21824032962322235,0.22016194462776184,0.0,0.0,0.0,0.0,0.0,0.0
2,instance_memory,12,mamba,13,13,0,13,13,13,0.6831090496136591,0.3535110652446747,0.7381923794746399,0.38076906800270083,0.8731573462486267,0.8814575672149658,0.16546645760536194,0.10842528194189072,0.16011568903923035,0.10955609679222107,0.22690459489822384,0.24497628211975098,8.094275694991565e-07,1.988794268159566e-10,2.69537309138812e-10,2.0218514085179607e-10,4.352162432041938e-06,9.79456217464758e-06
2,instance_memory,13,cnn,13,13,0,13,13,13,0.7180887552408072,0.4281078577041626,0.7566502094268799,0.4778655171394348,0.902527105808258,0.9111859202384949,0.11429421431743182,0.05682903528213501,0.0930357351899147,0.06077858805656433,0.20655069351196279,0.254337340593338,0.0,0.0,0.0,0.0,0.0,0.0
2,instance_memory,13,transformer,13,13,0,13,13,13,0.7118878708435938,0.26897045969963074,0.7331123948097229,0.45577310323715214,0.8851534008979797,0.9274806976318359,0.17343879319154298,0.08219465613365173,0.15647727251052856,0.10191144049167633,0.3074306249618529,0.3673538565635681,0.0,0.0,0.0,0.0,0.0,0.0
2,instance_memory,13,mamba,13,13,0,13,13,13,0.6515005781100347,0.4726300537586212,0.6096973419189453,0.48664488196372985,0.8731698751449584,0.9268428087234497,0.1429284644814638,0.06170745939016342,0.1335548460483551,0.073220756649971,0.24567342400550832,0.2916520833969116,9.988304187208846e-07,1.7129597740250802e-10,2.1380060222231378e-10,1.7817312625290073e-10,5.193305474704405e-06,1.2980781320948154e-05
2,instance_memory,14,cnn,13,13,0,13,13,13,0.7999074734174288,0.5630423426628113,0.8176870346069336,0.6270669221878051,0.888403058052063,0.8904055953025818,0.07778373160041295,0.05382156744599342,0.07634177058935165,0.05471267104148865,0.09757025390863419,0.09785589575767517,0.0,0.0,0.0,0.0,0.0,0.0
2,instance_memory,14,transformer,13,13,0,13,13,13,0.5823348588668383,0.1512453705072403,0.6277866363525391,0.22449318170547486,0.7756460785865783,0.8098192811012268,0.19465888578158158,0.10688452422618866,0.18554413318634033,0.12984870374202728,0.2775201141834258,0.3245754837989807,0.0,0.0,0.0,0.0,0.0,0.0
2,instance_memory,14,mamba,13,13,0,13,13,13,0.6852934314654424,0.42165637016296387,0.6714592576026917,0.4845304608345032,0.8625355958938598,0.8925831317901611,0.1541378962305876,0.08521819114685059,0.15785400569438934,0.09582931846380234,0.21126085519790644,0.23033614456653595,2.8318278700451005e-06,2.0584248194843724e-10,2.91666246710065e-10,2.2066741489634722e-10,1.3449452308122996e-05,1.5279003491741605e-05
2,instance_memory,15,cnn,13,13,0,13,13,13,0.7485957925136273,0.6295621991157532,0.7291373014450073,0.638854694366455,0.8799824237823486,0.8896402716636658,0.10410826194744843,0.07148057222366333,0.10979475826025009,0.07245731204748154,0.1343324691057205,0.14755429327487946,0.0,0.0,0.0,0.0,0.0,0.0
2,instance_memory,15,transformer,13,13,0,13,13,13,0.6160558347518628,0.4888792335987091,0.5966368317604065,0.5201346039772033,0.7597107529640197,0.774051308631897,0.16269399053775346,0.11668061465024948,0.15303896367549896,0.11984247863292694,0.21635284423828116,0.24951830506324768,0.0,0.0,0.0,0.0,0.0,0.0
2,instance_memory,15,mamba,13,13,0,13,13,13,0.6613684399769857,0.19740374386310577,0.7030562162399292,0.34821251034736633,0.8342496037483215,0.8710894584655762,0.1739284831743974,0.10688701272010803,0.16183549165725708,0.12259566485881805,0.2466782748699188,0.25842297077178955,4.469918396537773e-06,2.321516451297967e-10,2.955831690520938e-10,2.3270407822906236e-10,1.7135962480097074e-05,1.8828053725883365e-05
2,instance_memory,16,cnn,13,13,0,13,13,13,0.86585533618927,0.7003876566886902,0.8914974331855774,0.7496065497398376,0.9313963651657104,0.9414750337600708,0.08121451162374936,0.052118293941020966,0.08319924771785736,0.05487281754612923,0.12015336602926248,0.14702855050563812,0.0,0.0,0.0,0.0,0.0,0.0
2,instance_memory,16,transformer,13,13,0,13,13,13,0.6871375005978805,0.36431601643562317,0.721107542514801,0.4684630274772644,0.8574930191040039,0.8591938614845276,0.2124422358778807,0.09290187805891037,0.22961287200450897,0.09759963750839233,0.3541838705539702,0.4121054410934448,0.0,0.0,0.0,0.0,0.0,0.0
2,instance_memory,16,mamba,13,13,0,13,13,13,0.8538963198661804,0.7414646744728088,0.8758333921432495,0.7456547498703003,0.922923231124878,0.9306271076202393,0.09762776184540528,0.06826362758874893,0.08579600602388382,0.06944018751382827,0.15539296865463248,0.19074764847755432,3.5288501682429344e-06,2.0204049544503278e-10,2.957138423020922e-10,2.0391588695378714e-10,1.0979349099216045e-05,1.3830208445142489e-05
2,instance_memory,17,cnn,13,13,0,13,13,13,0.9260700299189641,0.7906261086463928,0.9406805634498596,0.8360394835472107,0.9658070564270019,0.9722087383270264,0.059776981289570146,0.04526981711387634,0.0607965886592865,0.04580377116799354,0.08318051546812054,0.09715881198644638,0.0,0.0,0.0,0.0,0.0,0.0
2,instance_memory,17,transformer,13,13,0,13,13,13,0.8048413441731379,0.6372456550598145,0.8143059611320496,0.6599461555480957,0.9179842472076415,0.9454586505889893,0.1417271001980855,0.08989853411912918,0.13154363632202148,0.0965951919555664,0.2219004571437835,0.2475327104330063,0.0,0.0,0.0,0.0,0.0,0.0
2,instance_memory,17,mamba,13,13,0,13,13,13,0.8852585095625657,0.8314551115036011,0.8955848217010498,0.8325171947479248,0.9299736857414246,0.9423546195030212,0.10377968331942192,0.05993180721998215,0.10346415638923645,0.06436974555253983,0.14543696045875548,0.15052589774131775,1.7233964341616222e-06,2.3075802380034816e-10,2.7496455112796525e-10,2.450547542665049e-10,1.047672594722825e-05,1.48198751048767e-05
2,instance_memory,18,cnn,13,13,0,13,13,13,0.969125665151156,0.9455934762954712,0.9686324000358582,0.9512547612190246,0.9836127400398255,0.9839380383491516,0.03964695205482153,0.022151321172714233,0.03666866570711136,0.027403297647833825,0.056720232218503946,0.060454316437244415,0.0,0.0,0.0,0.0,0.0,0.0
2,instance_memory,18,transformer,13,13,0,13,13,13,0.894672678067134,0.6795769333839417,0.9157509207725525,0.7750345349311829,0.9717634916305542,0.9717890620231628,0.0873059111718948,0.04609384015202522,0.08747313916683197,0.04623190015554428,0.13910004794597622,0.1527155041694641,0.0,0.0,0.0,0.0,0.0,0.0
2,instance_memory,18,mamba,13,13,0,13,13,13,0.9276877687527583,0.8356022238731384,0.9316447377204895,0.8468428254127502,0.9764404654502868,0.9769303798675537,0.08390546188904689,0.03652181103825569,0.08408020436763763,0.03952021896839142,0.12260056287050242,0.1482882797718048,1.903306179728687e-06,2.436784385384527e-10,2.7716720585324595e-10,2.437056501047863e-10,1.183398817374836e-05,1.5049658941279631e-05
2,instance_memory,19,cnn,13,13,0,13,13,13,0.9918312109433688,0.9750663042068481,0.9942753911018372,0.9804238915443421,0.9986328721046448,0.9991582632064819,0.02095263831030864,0.0084034763276577,0.018669936805963516,0.009664449840784073,0.03567884564399718,0.04093480855226517,0.0,0.0,0.0,0.0,0.0,0.0
2,instance_memory,19,transformer,13,13,0,13,13,13,0.9600377953969516,0.8447356224060059,0.9707691669464111,0.8963652133941651,0.9873787879943847,0.9924226999282837,0.05665204129540003,0.027485856786370277,0.04455269128084183,0.029345304891467094,0.09057891070842743,0.09233899414539337,0.0,0.0,0.0,0.0,0.0,0.0
2,instance_memory,19,mamba,13,13,0,13,13,13,0.9817129236001235,0.9535455107688904,0.9854514002799988,0.962561845779419,0.9952431321144104,0.9971421360969543,0.04080767270464163,0.01999855600297451,0.03987179324030876,0.021906833723187448,0.0655092783272266,0.0833013653755188,3.5468134773256695e-06,2.523049269509414e-10,2.9506996845896083e-10,2.671223575667625e-10,1.578403534949757e-05,1.65700439538341e-05
2,instance_memory,20,cnn,13,13,0,13,13,13,0.9988872179618249,0.9965108036994934,0.9993863701820374,0.9969738960266114,0.9998977303504943,0.9999125003814697,0.006714618979738309,0.002190931234508753,0.005940873641520739,0.002352753933519125,0.01285380348563194,0.01383975613862276,0.0,0.0,0.0,0.0,0.0,0.0
2,instance_memory,20,transformer,13,13,0,13,13,13,0.9968426961165208,0.9853981733322144,0.9993973970413208,0.985971200466156,0.9997920632362366,0.9998389482498169,0.012680108873889996,0.004685955587774515,0.007149640470743179,0.004711125884205103,0.03251105546951294,0.033559150993824005,0.0,0.0,0.0,0.0,0.0,0.0
2,instance_memory,20,mamba,13,13,0,13,13,13,0.9975461730590234,0.9891865253448486,0.9992139935493469,0.9908803582191468,0.9995545268058776,0.999761700630188,0.013002224517269777,0.006805189419537783,0.010193431749939919,0.007010375056415797,0.02502941563725471,0.026713471859693527,2.3809667163421366e-06,2.421418621167959e-10,2.8663371676174165e-10,2.512786034802872e-10,1.3299987585924087e-05,1.8764079868560657e-05
