fold,endpoint,epoch,updates,history_steps,anchor_exposures,candidate_exposures,distance_error_pair_weighted_mean,distance_error_max,fresh_minus_stale_loss_count,original_trajectory_loss_difference_count,original_trajectory_loss_difference_mean,original_trajectory_loss_difference_minimum,original_trajectory_loss_difference_median,original_trajectory_loss_difference_p05,original_trajectory_loss_difference_p95,original_trajectory_loss_difference_maximum,elapsed_seconds,learning_rate,positive_winner_changes,negative_winner_changes,stale_wrong_fresh_correct,stale_correct_fresh_wrong,stale_positive_ties,stale_negative_ties,fresh_positive_ties,fresh_negative_ties,fresh_minus_stale_loss_mean,fresh_minus_stale_loss_minimum,fresh_minus_stale_loss_median,fresh_minus_stale_loss_p05,fresh_minus_stale_loss_p95,fresh_minus_stale_loss_maximum
0,control,1,13,0,0,0,,,0,13,-4.328214205228365e-06,-0.00010991096496582031,-2.09808349609375e-05,-9.145736694335937e-05,0.00014967918395996087,0.00018215179443359375,19.28837058134377,7.000000000000001e-05,0,0,0,0,0,0,0,0,,,,,,
0,control,2,13,0,0,0,,,0,13,-6.591356717623197e-05,-0.0002646446228027344,-4.8160552978515625e-05,-0.00023517608642578124,0.00012235641479492186,0.00012993812561035156,17.314167207106948,0.00014000000000000001,0,0,0,0,0,0,0,0,,,,,,
0,control,3,13,0,0,0,,,0,13,3.6973219651442305e-05,-0.0006263256072998047,9.298324584960938e-05,-0.0004047393798828125,0.0003747463226318359,0.00037932395935058594,17.38931011594832,0.00020999999999999998,0,0,0,0,0,0,0,0,,,,,,
0,control,4,13,0,0,0,,,0,13,-0.0002041321534376878,-0.0009644031524658203,-0.00016987323760986328,-0.0009252786636352539,0.00036454200744628906,0.00037384033203125,17.2433860078454,0.00028000000000000003,0,0,0,0,0,0,0,0,,,,,,
0,control,5,13,0,0,0,,,0,13,0.00016169364635760969,-0.00038802623748779297,5.91278076171875e-05,-0.0003220081329345703,0.0008694887161254878,0.0010677576065063477,17.787046073004603,0.00035,0,0,0,0,0,0,0,0,,,,,,
0,control,6,13,12,768,2656,0.04758318109404161,0.27128130197525024,12,13,-0.00048652062049278844,-0.001605391502380371,-0.0006725788116455078,-0.0014515399932861328,0.0008041143417358383,0.001434326171875,58.61783642321825,0.00035,9,298,4,40,0,0,0,0,0.027001784493525822,-0.0026313066482543945,0.02963138371706009,0.0026661001145839693,0.04688839465379714,0.05446183681488037
0,control,7,13,13,832,3979,0.04132732157563858,0.2869313359260559,13,13,-4.095756090604342e-05,-0.001359701156616211,-0.0001806020736694336,-0.0012333154678344726,0.0009994029998779295,0.0011016130447387695,70.40903447754681,0.000346175830128416,78,303,36,62,0,0,0,0,0.02246743727188844,-0.02522645890712738,0.024396032094955444,-0.01906419992446899,0.04275874495506286,0.04315608739852905
0,control,8,13,13,832,4098,0.046729292439205025,0.26692765951156616,13,13,7.037016061636117e-05,-0.0018573999404907227,-9.5367431640625e-05,-0.0016230106353759765,0.0019515514373779279,0.002730250358581543,70.71149519272149,0.0003348704550874551,58,326,17,51,0,0,0,0,0.02096592692228464,-0.0038062334060668945,0.0234508216381073,0.0027303725481033336,0.03530128896236419,0.037390828132629395
0,control,9,13,13,832,3875,0.04378968424662467,0.30577725172042847,13,13,0.00027831242634699895,-0.0015808343887329102,0.0005087852478027344,-0.0014737606048583984,0.0016757726669311519,0.0019108057022094727,70.41092296503484,0.0003165779740156158,43,329,36,43,0,0,0,0,0.02408586385158392,-0.005619615316390991,0.02437463402748108,-0.0002829626202583307,0.049507731199264514,0.0535895973443985
0,control,10,13,13,832,4008,0.03127638448518654,0.2377932071685791,13,13,-0.0003834412648127629,-0.0024296045303344727,-0.00047004222869873047,-0.002326822280883789,0.0015655755996704093,0.0019028186798095703,70.25323761068285,0.0002920978561128002,86,308,21,42,0,0,0,0,0.01594299364548463,-0.03075277805328369,0.022914841771125793,-0.013072711229324338,0.030828544497489927,0.03098747879266739
0,control,11,13,13,832,4077,0.017718604079161916,0.13338947296142578,13,13,0.00022520010287945086,-0.001820683479309082,0.0005880594253540039,-0.0017938971519470214,0.001380610466003418,0.0013860464096069336,70.59092723578215,0.0002625,32,178,13,15,0,0,0,0,0.008904752249901112,-0.007644668221473694,0.00869046151638031,-0.0033432275056838982,0.020955604314804074,0.021647699177265167
0,control,12,13,13,832,3832,0.0193387476152824,0.14070749282836914,13,13,-0.00021162858376136192,-0.0021248459815979004,-0.00011259317398071289,-0.001788783073425293,0.0011332988739013669,0.0012266039848327637,70.6368375569582,0.0002290779740156158,39,204,11,17,0,0,0,0,0.010588766863712898,-0.0073136985301971436,0.012329749763011932,-0.002136427164077758,0.020943507552146908,0.02172483503818512
0,control,13,13,13,832,3940,0.015876052496236213,0.1067425012588501,13,13,-0.00042460056451650767,-0.0015252232551574707,-0.00028246641159057617,-0.0014867067337036132,0.0004627466201782218,0.0008151531219482422,70.31567598879337,0.00019329248107183937,26,146,4,20,0,0,0,0,0.011376413015218882,0.002869248390197754,0.012874528765678406,0.003497341275215149,0.02047497928142547,0.022089838981628418
0,control,14,13,13,832,3989,0.011859286239374905,0.09088504314422607,13,13,4.8330196967491735e-05,-0.0012642145156860352,0.00012558698654174805,-0.0011096835136413575,0.0009258508682250974,0.0010543465614318848,70.83245880156755,0.00015670751892816066,13,103,8,17,0,0,0,0,0.006056015881208273,-0.00769004225730896,0.005760595202445984,-0.0035303652286529535,0.012540477514266965,0.01333184540271759
0,control,15,13,13,832,3914,0.013192128028633053,0.11181718111038208,13,13,0.00016491229717548078,-0.001499176025390625,0.00011557340621948242,-0.001239931583404541,0.0011403799057006835,0.0011543631553649902,70.34620449692011,0.00012092202598438422,17,139,8,16,0,0,0,0,0.0073581194648375875,-0.0040358006954193115,0.004781641066074371,-0.0031023025512695312,0.018526783585548386,0.02486114203929901
0,control,16,13,13,832,3844,0.006935351929987386,0.08711236715316772,13,13,0.00016518739553598256,-0.0017589330673217773,0.0004642605781555176,-0.0012222766876220702,0.0010208725929260253,0.0010434389114379883,70.60948877222836,8.750000000000004e-05,14,72,0,5,0,0,0,0,0.004686129207794483,-0.0006644725799560547,0.001698225736618042,-0.00033065825700759886,0.01784903705120086,0.020208120346069336
0,control,17,13,13,832,3991,0.004933858680252039,0.05791962146759033,13,13,-2.695046938382662e-05,-0.000686347484588623,-0.00011444091796875,-0.0006506562232971192,0.000981640815734863,0.0010547041893005371,70.16724983975291,5.7902143887199866e-05,13,47,3,3,0,0,0,0,0.000546536766565763,-0.004158645868301392,0.0005239248275756836,-0.002780526876449585,0.0038401991128921495,0.004423320293426514
0,control,18,13,13,832,4102,0.0026206195352815624,0.04099220037460327,13,13,-0.00021915252392108625,-0.0008828043937683105,-9.196996688842773e-05,-0.0007691502571105957,0.0002695560455322263,0.0003650784492492676,70.55088367126882,3.342202598438421e-05,0,35,3,0,0,0,0,0,-2.024265436025766e-06,-0.0016520917415618896,-2.314150333404541e-05,-0.0014896035194396974,0.0010789424180984496,0.0011307001113891602
0,control,19,13,13,832,3794,0.0014772743490081759,0.016726195812225342,13,13,-0.00014577003625723033,-0.000919044017791748,-1.71661376953125e-05,-0.0008278489112854004,0.0005329251289367674,0.0006201863288879395,70.44957558810711,1.5129544912544829e-05,1,20,2,1,0,0,0,0,-7.877269616493813e-05,-0.0017688870429992676,-3.071129322052002e-05,-0.0011586755514144897,0.0008946567773818967,0.0010393708944320679
0,control,20,13,13,832,4034,0.000607270697714349,0.00711977481842041,13,13,6.441886608417218e-06,-0.0006021857261657715,7.176399230957031e-05,-0.0005028009414672852,0.0007219314575195311,0.0007652044296264648,70.25151953846216,3.824169871584004e-06,1,4,2,0,0,0,0,0,-5.9046424352205715e-05,-0.0006478950381278992,4.179775714874268e-06,-0.0006172776222229004,0.0002961814403533936,0.0002982020378112793
0,instance_memory,1,13,0,0,0,,,0,13,4.948102510892428e-05,-3.3855438232421875e-05,5.078315734863281e-05,-3.185272216796875e-05,0.00012965202331542968,0.00012993812561035156,16.99740781635046,7.000000000000001e-05,0,0,0,0,0,0,0,0,,,,,,
0,instance_memory,2,13,0,0,0,,,0,13,2.1329292884239785e-05,-0.0002315044403076172,-2.6464462280273438e-05,-0.00019531249999999998,0.0004171371459960933,0.0006258487701416016,16.645377911627293,0.00014000000000000001,0,0,0,0,0,0,0,0,,,,,,
0,instance_memory,3,13,0,0,0,,,0,13,0.0001984559572660006,-0.00043129920959472656,0.00011157989501953125,-0.00038738250732421874,0.0008591651916503906,0.0008654594421386719,16.61622697301209,0.00020999999999999998,0,0,0,0,0,0,0,0,,,,,,
0,instance_memory,4,13,0,0,0,,,0,13,-0.00016526075509878306,-0.0008625984191894531,-0.00011456012725830078,-0.0008112430572509765,0.00047316551208496043,0.0006868839263916016,16.420606199651957,0.00028000000000000003,0,0,0,0,0,0,0,0,,,,,,
0,instance_memory,5,13,0,0,0,,,0,13,-0.0003912632281963642,-0.0014333724975585938,-0.0003091096878051758,-0.0013506174087524413,0.0004423618316650387,0.0005970001220703125,17.02509176172316,0.00035,0,0,0,0,0,0,0,0,,,,,,
0,instance_memory,6,13,12,768,2656,0.11628816045010014,0.4891766905784607,12,13,0.0003274220686692458,-0.0008732080459594727,0.00021266937255859375,-0.0005317449569702148,0.0011999368667602538,0.0012054443359375,57.56976144015789,0.00035,12,358,6,51,0,1,0,1,0.032512124006946884,-0.0023915544152259827,0.03606907278299332,0.004115438461303711,0.05398679673671722,0.0575893372297287
0,instance_memory,7,13,13,832,3979,0.0676425656247121,0.34058162569999695,13,13,0.0006531110176673302,-0.0008755922317504883,0.0007425546646118164,-0.00047318935394287105,0.0022303819656372065,0.0024461746215820312,69.87636549770832,0.000346175830128416,81,437,53,76,0,0,0,0,0.025765512998287495,-0.029492497444152832,0.040389180183410645,-0.024410784244537354,0.05523977279663086,0.055257439613342285
0,instance_memory,8,13,13,832,4098,0.08039882707397289,0.3671582341194153,13,13,0.000133972901564378,-0.0023039579391479492,0.0003566741943359375,-0.0017590045928955076,0.0017665386199951169,0.001880049705505371,69.7862385418266,0.0003348704550874551,73,456,49,71,0,0,0,0,0.020223207198656522,-0.04178901016712189,0.02583394944667816,-0.02046514451503753,0.05027838349342346,0.05167454481124878
0,instance_memory,9,13,13,832,3875,0.08667332223922976,0.3976741433143616,13,13,-0.0002354291769174429,-0.0043212175369262695,-0.00025022029876708984,-0.0035520315170288084,0.0024893045425415034,0.0027036666870117188,69.7671067416668,0.0003165779740156158,36,442,60,65,0,0,0,0,0.02304156468464778,-0.026615068316459656,0.029790520668029785,-0.022317820787429807,0.06468950510025023,0.06662559509277344
0,instance_memory,10,13,13,832,4008,0.06308993959600503,0.42906454205513,13,13,0.001503440049978403,-0.0011512041091918945,0.001786947250366211,-0.0008573770523071289,0.00390350818634033,0.004850864410400391,69.70847781561315,0.0002920978561128002,116,453,48,74,0,0,0,0,0.016059348216423623,-0.06414270401000977,0.02138879895210266,-0.04863532483577728,0.060945862531661975,0.06589832901954651
0,instance_memory,11,13,13,832,4077,0.04045095788723834,0.3264893889427185,13,13,0.0027022270055917594,0.0003006458282470703,0.0031145811080932617,0.00035053491592407227,0.004393386840820311,0.005159854888916016,69.67987743578851,0.0002625,72,359,31,47,0,0,0,0,0.018146271315904763,-0.013597488403320312,0.02667224407196045,-0.012757992744445801,0.04442439079284668,0.04454910010099411
0,instance_memory,12,13,13,832,3832,0.03333276731038898,0.26235902309417725,13,13,-0.0009862276223989634,-0.0037168264389038086,-0.0010858774185180664,-0.0033860206604003906,0.001340770721435546,0.0016567707061767578,70.19878338463604,0.0002290779740156158,70,308,38,32,0,0,0,0,0.011266851654419532,-0.009544074535369873,0.007872477173805237,-0.008709818124771118,0.04092774391174315,0.04732826352119446
0,instance_memory,13,13,13,832,3940,0.04132180433190867,0.22537559270858765,13,13,0.0029430802051837626,0.0007381439208984375,0.0025864243507385254,0.0008215427398681641,0.007152676582336426,0.007208645343780518,69.12541443482041,0.00019329248107183937,46,316,16,49,0,0,0,0,0.022076749457762793,-0.00510936975479126,0.023413538932800293,0.0024548172950744638,0.03846731483936309,0.04346475750207901
0,instance_memory,14,13,13,832,3989,0.029541236701694368,0.17985385656356812,13,13,0.002561220755943885,5.1975250244140625e-05,0.0018187761306762695,0.00020833015441894536,0.00522215366363525,0.006675839424133301,69.36581308208406,0.00015670751892816066,55,261,28,36,0,0,0,0,0.016224885216126077,-0.009516641497612,0.017346978187561035,-0.006720465421676636,0.03768424987792968,0.040639400482177734
0,instance_memory,15,13,13,832,3914,0.019082962400643996,0.22248628735542297,13,13,-0.0015044395740215594,-0.0053670406341552734,-0.0025301575660705566,-0.004919219017028809,0.0024499416351318358,0.0024945735931396484,69.94079813733697,0.00012092202598438422,58,239,11,25,0,0,0,0,0.013857807104404155,-0.004944637417793274,0.014360815286636353,0.0001545995473861703,0.03288576900959015,0.03372453153133392
0,instance_memory,16,13,13,832,3844,0.021231808486824873,0.18399280309677124,13,13,0.0005467671614426833,-0.0021234750747680664,0.000164031982421875,-0.001527738571166992,0.0034318208694458,0.003706693649291992,69.85646677389741,8.750000000000004e-05,38,206,0,27,0,0,0,0,0.013689198746131016,-0.00020466744899749756,0.008811116218566895,-0.0001375317573547363,0.045107463002204876,0.053755052387714386
0,instance_memory,17,13,13,832,3991,0.005747713449039358,0.04958730936050415,13,13,-0.0008471745711106521,-0.003603339195251465,-0.0013697147369384766,-0.003583812713623047,0.0026441335678100563,0.0036767125129699707,69.64514916576445,5.7902143887199866e-05,12,72,4,5,0,0,0,0,0.0014111285026256854,-0.0013662725687026978,0.0011278241872787476,-0.0009369581937789917,0.005233785510063164,0.008335724472999573
0,instance_memory,18,13,13,832,4102,0.00390920504622946,0.04959157109260559,13,13,-0.0006250693247868464,-0.0020847320556640625,-0.0006717443466186523,-0.0019231915473937988,0.0007332086563110343,0.0010961294174194336,69.28867875039577,3.342202598438421e-05,7,64,5,6,0,0,0,0,0.001168778882576869,-0.0020574480295181274,0.0012402236461639404,-0.001788538694381714,0.004499518871307373,0.004654049873352051
0,instance_memory,19,13,13,832,3794,0.0019354079483957195,0.01963740587234497,13,13,8.359780678382286e-05,-0.0012590289115905762,-0.00031644105911254883,-0.0010608673095703126,0.002269887924194334,0.003108382225036621,69.17829905822873,1.5129544912544829e-05,4,20,3,1,0,0,0,0,-0.00023742249378791222,-0.0010678917169570923,-0.0006215572357177734,-0.0009893834590911864,0.0010671943426132195,0.00136624276638031
0,instance_memory,20,13,13,832,4034,0.0008878179295610125,0.010146498680114746,13,13,-0.00030244313753568207,-0.0034252405166625977,-0.00035446882247924805,-0.0027203202247619625,0.0024846553802490194,0.00412595272064209,69.45587160624564,3.824169871584004e-06,3,15,2,0,0,0,0,0,-0.00040182070090220525,-0.0011425167322158813,-0.0004228353500366211,-0.0010312631726264953,4.142522811889215e-06,0.00019171833992004395
1,control,1,13,0,0,0,,,0,13,8.61974862905649e-06,-0.00025272369384765625,4.76837158203125e-07,-0.00019493103027343748,0.0001574516296386718,0.00019407272338867188,16.765115382149816,7.000000000000001e-05,0,0,0,0,0,0,0,0,,,,,,
1,control,2,13,0,0,0,,,0,13,7.101205679086539e-05,-0.0002276897430419922,8.177757263183594e-05,-0.00019679069519042968,0.00029602050781249965,0.0004360675811767578,16.197195265442133,0.00014000000000000001,0,0,0,0,0,0,0,0,,,,,,
1,control,3,13,0,0,0,,,0,13,7.886153001051683e-05,-0.0007283687591552734,0.00016951560974121094,-0.000530099868774414,0.000491523742675781,0.0005807876586914062,16.224777283146977,0.00020999999999999998,0,0,0,0,0,0,0,0,,,,,,
1,control,4,13,0,0,0,,,0,13,0.00020265579223632812,-0.0006308555603027344,1.7881393432617188e-05,-0.0005354404449462891,0.0010056495666503902,0.0011408329010009766,16.373621832579374,0.00028000000000000003,0,0,0,0,0,0,0,0,,,,,,
1,control,5,13,0,0,0,,,0,13,-0.0004137112544133113,-0.001671433448791504,-0.00029850006103515625,-0.001391911506652832,0.0004383563995361325,0.00055694580078125,16.28078748472035,0.00035,0,0,0,0,0,0,0,0,,,,,,
1,control,6,13,12,768,2792,0.05514693568176443,0.2608782649040222,12,13,0.0002896510637723483,-0.0018544197082519531,0.0002675056457519531,-0.0013196945190429687,0.0016319751739501953,0.0016469955444335938,57.701711274683475,0.00035,25,344,6,77,0,0,0,0,0.03582171102364858,0.004135653376579285,0.037925444543361664,0.0073898956179618835,0.062126493453979484,0.06878931820392609
1,control,7,13,13,832,4110,0.055363726000462424,0.2665617763996124,13,13,-0.0009854756868802584,-0.002931952476501465,-0.0010123252868652344,-0.0024117469787597657,0.0004705429077148436,0.0005154609680175781,70.00831243768334,0.000346175830128416,42,421,9,108,0,0,0,0,0.0439309489268523,0.021677017211914062,0.043071821331977844,0.029763412475585938,0.0564371258020401,0.058414995670318604
1,control,8,13,13,832,4036,0.04310244135604756,0.2559071183204651,13,13,-0.00024767563893244817,-0.0021104812622070312,-0.000864863395690918,-0.0020599126815795898,0.001951479911804199,0.0019899606704711914,69.91819595731795,0.0003348704550874551,98,313,35,40,0,0,0,1,0.021547354184664212,-0.01394703984260559,0.010724008083343506,-0.0060220956802368155,0.05430591702461242,0.05663520097732544
1,control,9,13,13,832,4108,0.049867386002902456,0.23496109247207642,13,13,0.0005091612155620868,-0.0017004013061523438,-0.000704646110534668,-0.0016155719757080078,0.005526494979858391,0.008436083793640137,69.95440635085106,0.0003165779740156158,104,369,27,41,0,0,0,0,0.02515202760696411,-0.01928076148033142,0.020858168601989746,-0.004466661810874937,0.05285576581954955,0.0558968186378479
1,control,10,13,13,832,4051,0.035506780652669115,0.18865710496902466,13,13,0.0015511329357440656,-0.0008589029312133789,0.001469254493713379,-0.0008352279663085937,0.0048468589782714785,0.007560253143310547,69.26940790005028,0.0002920978561128002,50,328,6,49,0,0,0,0,0.023448931483122017,-0.011381775140762329,0.02944338321685791,-0.00886671245098114,0.03884419202804565,0.040721774101257324
1,control,11,13,13,832,4030,0.035836132746605805,0.20180296897888184,13,13,0.00021070700425368088,-0.002305150032043457,0.000503838062286377,-0.0016092777252197264,0.0017537832260131826,0.002147853374481201,69.69914759136736,0.0002625,51,293,6,41,0,0,0,0,0.017770043932474576,-0.0029738545417785645,0.0164986252784729,-0.0022444009780883786,0.03521123528480529,0.0384289026260376
1,control,12,13,13,832,4119,0.023196161208431477,0.18445220589637756,13,13,-0.001550445189842811,-0.004908442497253418,-0.0019547343254089355,-0.004105067253112793,0.001124906539916989,0.0024129748344421387,69.4102816991508,0.0002290779740156158,85,216,32,28,0,0,0,0,0.009074256970332218,-0.022770196199417114,0.014646828174591064,-0.017210361361503602,0.019994509220123288,0.02136249840259552
1,control,13,13,13,832,3975,0.017265556308927028,0.15085840225219727,13,13,-0.0003503515170170711,-0.0026349425315856934,-0.0006005167961120605,-0.0018270611763000488,0.001507842540740966,0.0018279552459716797,69.76873903907835,0.00019329248107183937,34,194,10,20,0,0,0,0,0.010138976459319774,-0.0063713788986206055,0.01080138236284256,-0.0007718741893768303,0.021659120917320234,0.029057860374450684
1,control,14,13,13,832,4012,0.01777672181453775,0.1335940957069397,13,13,-0.00033560624489417445,-0.003164052963256836,-0.000522315502166748,-0.002588772773742676,0.001662158966064453,0.0017362236976623535,69.78985187411308,0.00015670751892816066,34,167,7,32,0,0,0,0,0.01301862414066608,0.005681052803993225,0.01097552478313446,0.006208071112632751,0.025335007905960077,0.02825874090194702
1,control,15,13,13,832,3986,0.012676005219695814,0.12287652492523193,13,13,-1.1297372671274039e-05,-0.0018476247787475586,6.949901580810547e-05,-0.001367330551147461,0.0015409350395202619,0.0023584365844726562,69.86914193630219,0.00012092202598438422,34,169,3,13,0,0,0,0,0.00825068813103896,-0.00044104456901550293,0.008732020854949951,0.0002652615308761598,0.015755406022071837,0.01668502390384674
1,control,16,13,13,832,4121,0.011227422077240397,0.08994722366333008,13,13,0.0001445916982797476,-0.0013638138771057129,0.00020563602447509766,-0.0013561606407165526,0.0015086770057678217,0.0017468929290771484,70.03110105544329,8.750000000000004e-05,19,119,12,19,0,0,0,0,0.004777122002381545,-0.006294667720794678,0.004382967948913574,-0.0022283941507339473,0.012706354260444641,0.012869924306869507
1,control,17,13,13,832,4109,0.005632030906032859,0.04764300584793091,13,13,-0.0003271286304180439,-0.0014386177062988281,-0.0001487135887145996,-0.0013199925422668457,0.0003479480743408203,0.0003656148910522461,69.77228784747422,5.7902143887199866e-05,9,56,5,4,0,0,0,0,3.896653652191162e-06,-0.002955421805381775,6.213784217834473e-05,-0.0021356761455535887,0.0023615330457687324,0.004575513303279877
1,control,18,13,13,832,4005,0.004548033677767055,0.04095125198364258,13,13,0.0002676294400141789,-0.0013028979301452637,0.0004899501800537109,-0.0012431740760803223,0.0013887047767639144,0.0020477771759033203,69.19930190779269,3.342202598438421e-05,10,33,4,7,0,0,0,0,0.00022231844755319448,-0.001492813229560852,0.00022773444652557373,-0.0012623757123947144,0.0021590411663055388,0.003538072109222412
1,control,19,13,13,832,4154,0.0017008734327497936,0.02935183048248291,13,13,-7.290106553297776e-06,-0.0016928911209106445,-1.6629695892333984e-05,-0.0011270523071289062,0.001116287708282469,0.0018416643142700195,69.46135648339987,1.5129544912544829e-05,2,8,0,5,0,0,0,0,0.0003852156492379996,-0.0008296370506286621,0.0002847909927368164,-0.0007573246955871582,0.0021072179079055773,0.0026284605264663696
1,control,20,13,13,832,3897,0.0006472839126547415,0.009512245655059814,13,13,-0.00015795230865478516,-0.001665949821472168,9.906291961669922e-05,-0.0013210177421569824,0.0007004857063293454,0.0008078813552856445,69.44040913507342,3.824169871584004e-06,2,7,0,1,0,0,0,0,-3.577883426959698e-05,-0.00046819448471069336,-1.786649227142334e-05,-0.0004004597663879394,0.00030163526535034144,0.0004463493824005127
1,instance_memory,1,13,0,0,0,,,0,13,-2.873860872708834e-05,-0.00016307830810546875,-1.621246337890625e-05,-0.0001567840576171875,0.00010986328124999991,0.000148773193359375,16.54375073313713,7.000000000000001e-05,0,0,0,0,0,0,0,0,,,,,,
1,instance_memory,2,13,0,0,0,,,0,13,-0.00011082795950082633,-0.00032639503479003906,-0.00016880035400390625,-0.00031566619873046875,0.0002044677734374999,0.0002493858337402344,16.447123439982533,0.00014000000000000001,0,0,0,0,0,0,0,0,,,,,,
1,instance_memory,3,13,0,0,0,,,0,13,-1.813815190241887e-05,-0.0007152557373046875,1.1920928955078125e-06,-0.00048408508300781247,0.0004156112670898437,0.0004253387451171875,16.525810949504375,0.00020999999999999998,0,0,0,0,0,0,0,0,,,,,,
1,instance_memory,4,13,0,0,0,,,0,13,3.954080434945913e-05,-0.0007691383361816406,-4.76837158203125e-06,-0.0007014751434326171,0.0008300781249999997,0.0009737014770507812,16.406347073614597,0.00028000000000000003,0,0,0,0,0,0,0,0,,,,,,
1,instance_memory,5,13,0,0,0,,,0,13,-0.0003973795817448543,-0.002710700035095215,-0.00015735626220703125,-0.0022173166275024415,0.0009327173233032221,0.0011646747589111328,16.19420655258,0.00035,0,0,0,0,0,0,0,0,,,,,,
1,instance_memory,6,13,12,768,2792,0.10499550032270619,0.4380505084991455,12,13,0.0004051465254563552,-0.0010364055633544922,-3.361701965332031e-05,-0.0008281230926513671,0.001815176010131835,0.002211928367614746,56.92660078406334,0.00035,24,413,12,75,0,0,0,0,0.0397025557855765,0.004139065742492676,0.04120604693889618,0.009737203270196915,0.06767765283584593,0.08064456284046173
1,instance_memory,7,13,13,832,4110,0.09885714991503099,0.41122865676879883,13,13,-0.0004391670227050781,-0.002642512321472168,-0.0004982948303222656,-0.002522850036621094,0.0025004148483276332,0.004086852073669434,69.53715240210295,0.000346175830128416,43,551,10,110,0,0,0,0,0.04681683045167189,0.0118618905544281,0.048889413475990295,0.021401846408843996,0.07022364735603333,0.07118690013885498
1,instance_memory,8,13,13,832,4036,0.08219246148861893,0.44049936532974243,13,13,-0.0014387919352604793,-0.0053681135177612305,-0.0011426210403442383,-0.0042498111724853516,0.0009555339813232393,0.002152085304260254,69.75871166400611,0.0003348704550874551,113,474,63,42,0,0,0,0,0.013331580620545607,-0.08511568605899811,0.01677626371383667,-0.061566257476806635,0.0837768197059631,0.10071459412574768
1,instance_memory,9,13,13,832,4108,0.07792164491328113,0.4902363121509552,13,13,-0.00033933382767897385,-0.004828453063964844,0.0008327960968017578,-0.00432291030883789,0.0025382041931152326,0.003175497055053711,69.41915781609714,0.0003165779740156158,100,425,56,54,0,0,0,0,0.012391162606386038,-0.10751219093799591,0.01984390616416931,-0.05187596082687377,0.05182409882545471,0.052300021052360535
1,instance_memory,10,13,13,832,4051,0.07636485801298393,0.3456527590751648,13,13,-0.0011324790807870717,-0.004961729049682617,-0.0012688636779785156,-0.0035791397094726562,0.0018514394760131827,0.0022276639938354492,69.269133515656,0.0002920978561128002,68,444,33,75,0,0,0,0,0.02698894876700181,-0.027961373329162598,0.03679877519607544,-0.027905359864234924,0.05405490398406982,0.05502110719680786
1,instance_memory,11,13,13,832,4030,0.060741965280425164,0.3356671631336212,13,13,1.4836971576397236e-05,-0.00478208065032959,-0.00010967254638671875,-0.0033048629760742184,0.003938269615173339,0.0045583248138427734,69.41842339374125,0.0002625,63,424,37,62,0,0,0,0,0.021388276265217707,-0.0259568989276886,0.02075996994972229,-0.020790231227874757,0.04656943082809447,0.05154465138912201
1,instance_memory,12,13,13,832,4119,0.0471085553121027,0.32059532403945923,13,13,-0.005156948016240046,-0.011234045028686523,-0.005919337272644043,-0.009720563888549805,0.0014989852905273348,0.005289912223815918,69.07003257609904,0.0002290779740156158,106,352,48,39,0,0,0,0,0.010980995228657356,-0.05804818868637085,0.014024943113327026,-0.03778989315032959,0.04464142620563507,0.04525986313819885
1,instance_memory,13,13,13,832,3975,0.03497480210127696,0.26077544689178467,13,13,0.0026314854621887207,-0.002550363540649414,0.0030107498168945312,-0.002227926254272461,0.007697343826293938,0.010463953018188477,69.4333456326276,0.00019329248107183937,72,279,20,31,0,0,0,0,0.014447711408138275,-0.004651665687561035,0.011972308158874512,-0.0010796874761581417,0.038229703903198235,0.04165441542863846
1,instance_memory,14,13,13,832,4012,0.03703861033909788,0.2281365990638733,13,13,-0.001301742517031156,-0.010235428810119629,-0.0003744363784790039,-0.00853126049041748,0.0044652223587036115,0.0052405595779418945,68.91113260760903,0.00015670751892816066,65,307,18,58,0,0,0,0,0.02460176096512721,0.007147312164306641,0.018654048442840576,0.007257729768753052,0.04829191863536834,0.051115721464157104
1,instance_memory,15,13,13,832,3986,0.019642840354057094,0.1744040548801422,13,13,0.0020045867333045374,-0.006118655204772949,0.0028438568115234375,-0.004891061782836914,0.006451368331909177,0.007642626762390137,69.38863815180957,0.00012092202598438422,74,255,14,40,0,0,0,0,0.018436901844464816,0.0034113675355911255,0.020561963319778442,0.004423776268959046,0.028915619850158687,0.030789732933044434
1,instance_memory,16,13,13,832,4121,0.015400517430880556,0.14313864707946777,13,13,-0.0028523940306443432,-0.006006956100463867,-0.003810286521911621,-0.006001126766204834,0.0023778676986694306,0.003678560256958008,69.6207302454859,8.750000000000004e-05,44,197,10,33,0,0,0,0,0.009025376576643724,-0.019766032695770264,0.009921982884407043,-0.005128028988838193,0.017323186993598937,0.018345117568969727
1,instance_memory,17,13,13,832,4109,0.007499750052848693,0.08762097358703613,13,13,0.001810922072483943,-0.0028957128524780273,0.00039255619049072266,-0.0026818513870239258,0.008273673057556144,0.01151585578918457,69.41666662320495,5.7902143887199866e-05,19,91,5,15,0,0,0,0,0.004500049811143141,-0.0011654496192932129,0.004886597394943237,-0.00010291934013366682,0.008982917666435239,0.010184153914451599
1,instance_memory,18,13,13,832,4005,0.003492822241533394,0.03359213471412659,13,13,0.000978396489070012,-0.00506514310836792,0.0007506608963012695,-0.0043814659118652345,0.005685758590698238,0.007715582847595215,68.98067624866962,3.342202598438421e-05,8,38,4,3,0,0,0,0,-0.0001377658202097966,-0.0021943897008895874,-0.0003762543201446533,-0.0017172515392303465,0.0020093202590942354,0.003200516104698181
1,instance_memory,19,13,13,832,4154,0.0024773957962004336,0.02404940128326416,13,13,-0.002368032932281494,-0.006026268005371094,-0.0019649267196655273,-0.005269169807434082,0.0002893328666687004,0.000615239143371582,69.01958372630179,1.5129544912544829e-05,3,19,4,1,0,0,0,0,-0.0008055292643033541,-0.001714453101158142,-0.0009906291961669922,-0.001364031434059143,-2.9665231704712743e-05,0.00031600892543792725
1,instance_memory,20,13,13,832,3897,0.0007986103826403677,0.007932603359222412,13,13,-0.002593508133521447,-0.0057985782623291016,-0.0026838183403015137,-0.005731415748596191,0.0011641263961791972,0.002026081085205078,68.77389315329492,3.824169871584004e-06,0,6,2,0,0,0,0,0,-0.0003727594247231117,-0.000988692045211792,-0.00033195316791534424,-0.0008574694395065307,-2.4402141571045144e-05,7.019937038421631e-05
2,control,1,13,0,0,0,,,0,13,-1.7808033869816707e-05,-0.0002498626708984375,0.0,-0.000223541259765625,0.00014104843139648424,0.00019311904907226562,17.202923009172082,7.000000000000001e-05,0,0,0,0,0,1,0,1,,,,,,
2,control,2,13,0,0,0,,,0,13,-5.7348838219275843e-05,-0.0003230571746826172,-5.626678466796875e-05,-0.00030817985534667967,0.00027937889099121076,0.00035262107849121094,16.4166792742908,0.00014000000000000001,0,0,0,0,0,0,0,0,,,,,,
2,control,3,13,0,0,0,,,0,13,0.00010787523709810697,-0.00025844573974609375,5.078315734863281e-05,-0.0001930713653564453,0.0006951808929443359,0.000736236572265625,16.506697392091155,0.00020999999999999998,0,0,0,0,0,0,0,0,,,,,,
2,control,4,13,0,0,0,,,0,13,-0.0002077634517963116,-0.0013589859008789062,-0.00021219253540039062,-0.0010833263397216797,0.0007136821746826171,0.00075531005859375,16.589665478095412,0.00028000000000000003,0,0,0,0,0,0,0,0,,,,,,
2,control,5,13,0,0,0,,,0,13,6.794929504394531e-05,-0.000540614128112793,0.0001659393310546875,-0.000536036491394043,0.0007967472076416007,0.0011657476425170898,16.561471045017242,0.00035,0,0,0,0,0,0,0,0,,,,,,
2,control,6,13,12,768,2852,0.05485517930547703,0.25616687536239624,12,13,-7.258928739107572e-05,-0.0019822120666503906,0.00011801719665527344,-0.0015903949737548827,0.001440978050231933,0.0016607046127319336,57.43083805590868,0.00035,15,258,4,52,0,0,0,0,0.029252734035253525,0.0034788399934768677,0.03007298707962036,0.006012661010026931,0.050945187360048286,0.05673111975193024
2,control,7,13,13,832,4147,0.049465875700744975,0.28917670249938965,13,13,0.0004111344997699444,-0.00087738037109375,0.0005629062652587891,-0.0008432626724243164,0.0013389825820922844,0.0016685724258422852,69.07928811013699,0.000346175830128416,69,380,19,77,0,0,0,0,0.027422620699955866,0.006125360727310181,0.02850218117237091,0.011607939004898073,0.04082773327827453,0.043013796210289
2,control,8,13,13,832,3991,0.04950261141510274,0.268493115901947,13,13,0.0005485782256493202,-0.0025490522384643555,0.000507056713104248,-0.00137481689453125,0.0023208379745483397,0.00233614444732666,69.41511937975883,0.0003348704550874551,42,367,38,57,0,0,0,0,0.022981213835569527,-0.019052475690841675,0.02106267213821411,-0.0044730514287948595,0.04708179235458373,0.05353343486785889
2,control,9,13,13,832,4175,0.03998612094960527,0.25864821672439575,13,13,0.00022912025451660156,-0.0011016130447387695,0.00010824203491210938,-0.0009235143661499023,0.0017785787582397434,0.0028873682022094727,69.15053870156407,0.0003165779740156158,49,307,14,54,0,0,0,0,0.02593955512230213,-0.0017515867948532104,0.02224971354007721,0.0064757227897644055,0.04381301701068878,0.04529200494289398
2,control,10,13,13,832,4061,0.031278458390888525,0.2331811785697937,13,13,-0.0001603227395277757,-0.002687513828277588,3.30805778503418e-05,-0.0019187211990356443,0.0015368223190307608,0.001990079879760742,69.65993210859597,0.0002920978561128002,49,285,19,42,0,0,0,0,0.017690270566023313,-0.018457114696502686,0.019394338130950928,-0.005422866344451903,0.04195544421672819,0.049400389194488525
2,control,11,13,13,832,3981,0.026610075633928903,0.1784905195236206,13,13,0.0003562065271230844,-0.003665447235107422,-7.152557373046875e-07,-0.0020452499389648432,0.003011918067932128,0.0034176111221313477,69.86475983075798,0.0002625,52,215,11,31,0,0,0,0,0.014896819224724403,0.005349606275558472,0.015365034341812134,0.005556628108024597,0.022645306587219236,0.024503424763679504
2,control,12,13,13,832,4154,0.027471062388732048,0.1880894899368286,13,13,0.0009089387380159819,-0.0016762018203735352,0.0010999441146850586,-0.0010243177413940428,0.0024644732475280744,0.0032575130462646484,69.87035412341356,0.0002290779740156158,62,256,19,34,0,0,0,0,0.015524633228778839,-0.0038137286901474,0.01759275048971176,-0.0034194529056549073,0.032218751311302175,0.03682743012905121
2,control,13,13,13,832,4066,0.017971444867214165,0.14637809991836548,13,13,-0.0001712624843303974,-0.0009713172912597656,-0.00037676095962524414,-0.0008792996406555176,0.0007072448730468747,0.0008550882339477539,69.77497044764459,0.00019329248107183937,38,207,11,24,0,0,0,0,0.011232282106692974,-0.0033358633518218994,0.01021692156791687,-0.0016104698181152342,0.020021671056747434,0.021070092916488647
2,control,14,13,13,832,4041,0.017874530473928202,0.1465643048286438,13,13,0.0007847776779761681,-0.0004221796989440918,0.0005844235420227051,-0.0003998279571533203,0.0020850896835327144,0.002200603485107422,69.8413707036525,0.00015670751892816066,20,180,2,24,0,0,0,0,0.010553814470767975,0.004602000117301941,0.009263783693313599,0.004960808157920838,0.020382143557071686,0.020430445671081543
2,control,15,13,13,832,3986,0.01141505005661486,0.11509817838668823,13,13,0.0004682265795194186,-0.0006713271141052246,0.0006090998649597168,-0.0006373882293701172,0.00163726806640625,0.0016863346099853516,69.73463520035148,0.00012092202598438422,20,114,2,20,0,0,0,0,0.006886019156529353,-0.0014079660177230835,0.00704607367515564,-0.00013566911220550513,0.013236615061759948,0.013900130987167358
2,control,16,13,13,832,4283,0.006791924559164417,0.05628001689910889,13,13,1.0018165294940654e-05,-0.0004470348358154297,1.138448715209961e-05,-0.00042922496795654296,0.0003368377685546875,0.0003440976142883301,69.7040246874094,8.750000000000004e-05,13,83,5,3,0,0,0,0,0.002735331654548645,-0.0019364506006240845,0.0015540271997451782,-0.0013544291257858276,0.008491316437721245,0.011262968182563782
2,control,17,13,13,832,3950,0.004694749429774813,0.058377742767333984,13,13,0.0001457792062025804,-0.0008875727653503418,0.00011432170867919922,-0.0007789254188537598,0.000991415977478027,0.0011939406394958496,69.75759250298142,5.7902143887199866e-05,4,63,2,3,0,0,0,0,0.0022002298098344067,-0.0022597983479499817,0.0020880401134490967,-0.0013359159231185911,0.005938202142715453,0.006215408444404602
2,control,18,13,13,832,4237,0.0035314428585860418,0.03483855724334717,13,13,-4.5244510357196515e-05,-0.0009700655937194824,-0.00017982721328735352,-0.0006163716316223145,0.000658631324768066,0.0008478164672851562,69.7631965558976,3.342202598438421e-05,7,27,8,3,0,0,0,0,0.0010186336361444914,-0.00043708086013793945,0.0006680786609649658,-0.00039486289024353026,0.0025861531496047955,0.0034925341606140137
2,control,19,13,13,832,3993,0.002520729468547875,0.021979093551635742,13,13,0.00011526162807758038,-0.0010737180709838867,6.020069122314453e-05,-0.000757753849029541,0.0009973764419555662,0.001094222068786621,69.50611409917474,1.5129544912544829e-05,2,24,2,2,0,0,0,0,0.0005995287345005915,-0.0016322135925292969,0.0006539970636367798,-0.0013431161642074585,0.002922213077545165,0.003285348415374756
2,control,20,13,13,832,4067,0.0007009986323646936,0.011233985424041748,13,13,-8.166294831496019e-05,-0.0007719993591308594,-0.00020557641983032227,-0.0007540822029113769,0.0005805969238281247,0.0007004737854003906,69.3455178141594,3.824169871584004e-06,1,9,0,1,0,0,0,0,7.85761154614962e-05,-0.0001452118158340454,4.382431507110596e-05,-0.00014180541038513183,0.00046730041503906174,0.000801771879196167
2,instance_memory,1,13,0,0,0,,,0,13,-2.9307145338792067e-05,-0.00016951560974121094,0.0,-0.00014820098876953126,7.791519165039061e-05,8.106231689453125e-05,16.869465297088027,7.000000000000001e-05,0,0,0,0,0,0,0,0,,,,,,
2,instance_memory,2,13,0,0,0,,,0,13,-1.5515547532301683e-05,-0.00018906593322753906,6.198883056640625e-06,-0.0001781940460205078,0.00013570785522460928,0.00017189979553222656,16.417150516062975,0.00014000000000000001,0,0,0,0,0,0,0,0,,,,,,
2,instance_memory,3,13,0,0,0,,,0,13,6.483151362492488e-05,-0.00011515617370605469,4.935264587402344e-05,-0.00010685920715332031,0.00030355453491210933,0.0003247261047363281,16.17548685334623,0.00020999999999999998,0,0,0,0,0,0,0,0,,,,,,
2,instance_memory,4,13,0,0,0,,,0,13,-0.00020703902611365684,-0.0012552738189697266,-0.00014638900756835938,-0.0009475708007812499,0.00039191246032714837,0.00041222572326660156,16.460222609341145,0.00028000000000000003,0,0,0,0,0,0,0,0,,,,,,
2,instance_memory,5,13,0,0,0,,,0,13,-3.3800418560321515e-05,-0.0013321638107299805,-0.0002573728561401367,-0.0009416341781616211,0.0009176015853881831,0.0011426210403442383,16.500092698261142,0.00035,0,0,0,0,0,0,0,0,,,,,,
2,instance_memory,6,13,12,768,2852,0.10334268649308558,0.41399234533309937,12,13,0.00027776681459867035,-0.0017614364624023438,0.0002130270004272461,-0.0009443998336791991,0.0014225244522094718,0.0018377304077148438,57.63323115371168,0.00035,16,320,6,54,0,0,0,0,0.03266449645161629,0.0035548806190490723,0.03697115182876587,0.006831349432468414,0.0581536129117012,0.061071112751960754
2,instance_memory,7,13,13,832,4147,0.08448437640045044,0.425101101398468,13,13,-0.0008327869268564078,-0.0040122270584106445,-0.0005958080291748047,-0.003418636322021484,0.000791072845458984,0.0009208917617797852,69.49559386074543,0.000346175830128416,82,490,38,66,0,0,0,0,0.02329570398880885,-0.008917585015296936,0.022930234670639038,-0.007518795132637024,0.0470800459384918,0.0564185231924057
2,instance_memory,8,13,13,832,3991,0.08172823436067267,0.44032183289527893,13,13,-0.00046359575711763825,-0.0033303499221801758,-0.000493168830871582,-0.002869868278503418,0.002006340026855468,0.0022614002227783203,69.81438471749425,0.0003348704550874551,55,471,56,71,0,0,0,0,0.017997764624082126,-0.027127832174301147,0.014902397990226746,-0.014423325657844542,0.05138725340366362,0.05782270431518555
2,instance_memory,9,13,13,832,4175,0.08317051895899687,0.3985635042190552,13,13,5.0232960627629204e-05,-0.005403399467468262,0.00014543533325195312,-0.004428935050964355,0.004431247711181641,0.004611492156982422,69.4866851978004,0.0003165779740156158,53,454,30,52,0,0,0,0,0.02757284389092372,-0.012223899364471436,0.03154943883419037,-0.01052292287349701,0.06024145185947413,0.08251403272151947
2,instance_memory,10,13,13,832,4061,0.07068313115451377,0.36243653297424316,13,13,-0.0010647911291856032,-0.006109833717346191,-0.0021379590034484863,-0.00592043399810791,0.003773260116577148,0.003915309906005859,69.76086249761283,0.0002920978561128002,64,396,40,62,0,0,0,0,0.021258700352448683,-0.04000842571258545,0.0251816064119339,-0.019763362407684323,0.04982218444347381,0.051568418741226196
2,instance_memory,11,13,13,832,3981,0.05310810989677098,0.31002622842788696,13,13,-0.004197748807760386,-0.01055145263671875,-0.0036274194717407227,-0.010115218162536622,0.0009162187576293924,0.001836538314819336,69.95119141601026,0.0002625,88,395,46,52,0,0,0,0,0.017044088015189536,-0.012784495949745178,0.017813488841056824,-0.008716022968292235,0.03838959336280822,0.0404544472694397
2,instance_memory,12,13,13,832,4154,0.054257065245184866,0.31088516116142273,13,13,-0.0005239660923297589,-0.004207491874694824,-0.001279592514038086,-0.0035888671875,0.0026547551155090316,0.0034090280532836914,69.77902314253151,0.0002290779740156158,75,390,24,67,0,0,0,0,0.023161896146260776,-0.011391043663024902,0.02411489188671112,-0.006229043006896972,0.04484805464744568,0.04507671296596527
2,instance_memory,13,13,13,832,4066,0.03658219488851627,0.25925952196121216,13,13,-0.0005069879385141226,-0.007948875427246094,-0.0005180835723876953,-0.0058382987976074215,0.0037822842597961407,0.004557013511657715,69.75767249055207,0.00019329248107183937,44,302,26,54,0,0,0,0,0.020127997375451602,-0.007943183183670044,0.016870170831680298,0.00220870077610016,0.04221891462802882,0.061618536710739136
2,instance_memory,14,13,13,832,4041,0.030707756109928413,0.23934870958328247,13,13,-0.0008221360353323129,-0.004572153091430664,-0.00048732757568359375,-0.004102230072021484,0.0022399902343749993,0.0024553537368774414,69.7602598592639,0.00015670751892816066,32,260,12,34,0,0,0,0,0.017205875653486986,-0.002164393663406372,0.016477257013320923,0.0027011156082153327,0.03361158967018124,0.04725298285484314
2,instance_memory,15,13,13,832,3986,0.021888783167929908,0.19046422839164734,13,13,0.00028869738945594203,-0.0056015849113464355,8.690357208251953e-05,-0.0035854578018188477,0.003347897529602051,0.0033785104751586914,69.45411092042923,0.00012092202598438422,57,240,22,48,0,0,0,0,0.014529111293646006,-0.013792186975479126,0.01400129497051239,-0.004559844732284544,0.02987798750400543,0.030384451150894165
2,instance_memory,16,13,13,832,4283,0.0115193605065057,0.1324840784072876,13,13,-0.0007587946378267729,-0.005657196044921875,-0.0007451772689819336,-0.004790806770324707,0.0031175851821899398,0.00381624698638916,69.56536999903619,8.750000000000004e-05,40,153,6,20,0,0,0,0,0.009462754886883955,-0.0005047917366027832,0.011504754424095154,0.00045876502990722674,0.02076249420642852,0.025052785873413086
2,instance_memory,17,13,13,832,3950,0.008237392805705342,0.09018176794052124,13,13,-0.002214042040017935,-0.005126059055328369,-0.0016309022903442383,-0.005065619945526123,0.0006716370582580557,0.001062631607055664,69.73261613585055,5.7902143887199866e-05,17,110,5,10,0,0,0,0,0.0059098056875742395,0.0003090575337409973,0.005214139819145203,0.002289122343063355,0.011165264248847957,0.012557625770568848
2,instance_memory,18,13,13,832,4237,0.004538461004419251,0.04333996772766113,13,13,-0.0009038952680734488,-0.003805994987487793,-0.0007205605506896973,-0.003426229953765869,0.0010617494583129879,0.0012404918670654297,70.01452164724469,3.342202598438421e-05,12,62,6,5,0,0,0,0,0.0014401817551025977,-0.0021534264087677,0.0009968429803848267,-0.0013260990381240845,0.004475359618663783,0.006237924098968506
2,instance_memory,19,13,13,832,3993,0.001918281421489592,0.024731159210205078,13,13,-0.0007302165031433105,-0.005925774574279785,-0.0001163482666015625,-0.005099654197692871,0.002529001235961914,0.0026044249534606934,69.51114092208445,1.5129544912544829e-05,1,28,3,4,0,0,0,0,-9.261988676511325e-05,-0.001504451036453247,-0.00038561224937438965,-0.0014738738536834717,0.0022998332977294893,0.003486424684524536
2,instance_memory,20,13,13,832,4067,0.000715522057454832,0.007892489433288574,13,13,-0.00019609469633836014,-0.004114747047424316,-0.0006960630416870117,-0.0030017018318176268,0.0031977891921997053,0.004029273986816406,69.94127690792084,3.824169871584004e-06,0,8,1,0,0,0,0,0,-0.00034847626319298375,-0.0007016658782958984,-0.00033971667289733887,-0.0005948692560195923,-6.506741046905545e-05,4.89354133605957e-05
