endpoint,step,epoch,loss,active_fused_metric,amp_scale_before,amp_scale_after,id_fused,triplet_fused,id_cnn,triplet_cnn,id_residual_cnn,triplet_residual_cnn,id_transformer,triplet_transformer,id_residual_transformer,triplet_residual_transformer,id_mamba,triplet_mamba,id_residual_mamba,triplet_residual_mamba
fold_0_balanced,1,1,4.122129917144775,hard_triplet,256.0,256.0,4.677450656890869,0.23474478721618652,4.611313343048096,0.26247698068618774,4.632145881652832,0.3433980941772461,4.648823261260986,0.2120615839958191,4.624342441558838,0.2503291964530945,4.6324687004089355,0.23854997754096985,4.64669942855835,0.30001014471054077
fold_0_balanced,2,1,4.051656246185303,hard_triplet,256.0,256.0,4.66924524307251,0.19955599308013916,4.673595428466797,0.2135782241821289,4.636322975158691,0.31196826696395874,4.717780590057373,0.18448567390441895,4.620798110961914,0.22177067399024963,4.665353298187256,0.20945945382118225,4.629380226135254,0.28348308801651
fold_0_balanced,3,1,3.8036515712738037,cross_scene_smooth_ap,256.0,256.0,4.549137592315674,0.017756164073944092,4.632905960083008,0.21068070828914642,4.620851516723633,0.31417739391326904,4.600326061248779,0.16259315609931946,4.632011890411377,0.17333318293094635,4.668896198272705,0.2045641541481018,4.618951797485352,0.2711145877838135
fold_0_balanced,4,1,3.907473087310791,cross_scene_smooth_ap,256.0,256.0,4.643798351287842,0.1762394905090332,4.722941875457764,0.15141277015209198,4.64247989654541,0.2933492064476013,4.699894905090332,0.07797576487064362,4.652866363525391,0.08809929341077805,4.6624627113342285,0.1283949613571167,4.656595230102539,0.19615748524665833
fold_0_balanced,5,1,3.8682401180267334,cross_scene_smooth_ap,256.0,256.0,4.51174259185791,0.11013400554656982,4.474374294281006,0.23161612451076508,4.597016334533691,0.3105185925960541,4.475088596343994,0.20694656670093536,4.549886226654053,0.21813160181045532,4.379992961883545,0.2354317605495453,4.59172248840332,0.29534250497817993
fold_0_balanced,6,1,3.7819125652313232,cross_scene_smooth_ap,256.0,256.0,4.700255870819092,0.025252223014831543,4.632838726043701,0.1537439376115799,4.632638454437256,0.2980540990829468,4.67700719833374,0.08032441139221191,4.684347629547119,0.08265939354896545,4.829161643981934,0.13797879219055176,4.636660099029541,0.20940706133842468
fold_0_balanced,7,1,4.134285926818848,cross_scene_smooth_ap,256.0,256.0,4.809431076049805,0.2447415590286255,4.709405899047852,0.22981500625610352,4.631825923919678,0.30842334032058716,4.656613826751709,0.19389554858207703,4.652878284454346,0.20256417989730835,4.620525360107422,0.23062026500701904,4.649430274963379,0.27653393149375916
fold_0_balanced,8,1,3.9246840476989746,cross_scene_smooth_ap,256.0,256.0,4.72667932510376,0.1303442120552063,4.682559013366699,0.18358278274536133,4.63248348236084,0.29855144023895264,4.788753509521484,0.12992754578590393,4.6217522621154785,0.13874086737632751,4.600140571594238,0.16126984357833862,4.658133506774902,0.21066558361053467
fold_0_control,1,1,4.122129917144775,hard_triplet,256.0,256.0,4.677450656890869,0.23474478721618652,4.611313343048096,0.26247698068618774,4.632145881652832,0.3433980941772461,4.648823261260986,0.2120615839958191,4.624342441558838,0.2503291964530945,4.6324687004089355,0.23854997754096985,4.64669942855835,0.30001014471054077
fold_0_control,2,1,4.051627159118652,hard_triplet,256.0,256.0,4.669134616851807,0.19955521821975708,4.673595428466797,0.2135782241821289,4.636322975158691,0.31196826696395874,4.717780590057373,0.18448567390441895,4.620798110961914,0.22177067399024963,4.665353775024414,0.20945768058300018,4.629380226135254,0.28348007798194885
fold_0_control,3,1,3.803643226623535,cross_scene_smooth_ap,256.0,256.0,4.548891067504883,0.01780533790588379,4.633018970489502,0.21066534519195557,4.620852470397949,0.31411588191986084,4.600433826446533,0.1626024842262268,4.632011890411377,0.17338579893112183,4.668840408325195,0.20456185936927795,4.618841648101807,0.2711290717124939
fold_0_control,4,1,3.908977508544922,cross_scene_smooth_ap,256.0,256.0,4.642928600311279,0.1776270866394043,4.723166465759277,0.15143093466758728,4.642592906951904,0.29327577352523804,4.700002670288086,0.07804427295923233,4.652922630310059,0.08818256109952927,4.662521839141846,0.12859323620796204,4.6568708419799805,0.19692058861255646
fold_0_control,5,1,3.867980480194092,cross_scene_smooth_ap,256.0,256.0,4.512206554412842,0.1100655198097229,4.474961757659912,0.2316090613603592,4.596687316894531,0.3103637397289276,4.474953651428223,0.206949383020401,4.549445152282715,0.21812547743320465,4.380132675170898,0.23507635295391083,4.591669082641602,0.2947116494178772
fold_0_control,6,1,3.781747341156006,cross_scene_smooth_ap,256.0,256.0,4.700177192687988,0.025248169898986816,4.631894111633301,0.1538209468126297,4.632694721221924,0.29745614528656006,4.676956653594971,0.08032558858394623,4.684845924377441,0.08287209272384644,4.8283867835998535,0.137780100107193,4.637207508087158,0.20957019925117493
fold_0_control,7,1,4.136002063751221,cross_scene_smooth_ap,256.0,256.0,4.810085296630859,0.24612873792648315,4.709753036499023,0.22981952130794525,4.631171703338623,0.30785685777664185,4.656673908233643,0.194044291973114,4.652712345123291,0.20283205807209015,4.62020206451416,0.23077049851417542,4.64959192276001,0.2773822247982025
fold_0_control,8,1,3.924189567565918,cross_scene_smooth_ap,256.0,256.0,4.728945732116699,0.12928658723831177,4.682504177093506,0.18358588218688965,4.6333699226379395,0.2980513572692871,4.7889323234558105,0.13075903058052063,4.621919631958008,0.1402728408575058,4.600261688232422,0.16030758619308472,4.658740043640137,0.20911386609077454
fold_1_balanced,1,1,4.149386405944824,hard_triplet,256.0,256.0,4.635481357574463,0.24779048562049866,4.635982036590576,0.2674800753593445,4.641592502593994,0.3487299084663391,4.634551048278809,0.23052458465099335,4.638511657714844,0.2780984342098236,4.6144914627075195,0.25338661670684814,4.644176006317139,0.32291457056999207
fold_1_balanced,2,1,4.027688026428223,hard_triplet,256.0,256.0,4.558399677276611,0.20616737008094788,4.598413467407227,0.22490282356739044,4.641211032867432,0.30772092938423157,4.689808368682861,0.18957799673080444,4.621716022491455,0.2137085497379303,4.738083839416504,0.21004623174667358,4.63425874710083,0.2738950252532959
fold_1_balanced,3,1,3.816621780395508,cross_scene_smooth_ap,256.0,256.0,4.6028618812561035,0.040213584899902344,4.618974685668945,0.1886036992073059,4.6390767097473145,0.3046720027923584,4.638832092285156,0.14062026143074036,4.630252361297607,0.16025030612945557,4.627747058868408,0.18269386887550354,4.636092662811279,0.26227158308029175
fold_1_balanced,4,1,4.002858638763428,cross_scene_smooth_ap,256.0,256.0,4.693206310272217,0.16704750061035156,4.685135364532471,0.20342910289764404,4.63381290435791,0.30997559428215027,4.67155647277832,0.1561278998851776,4.622427940368652,0.16769936680793762,4.730566501617432,0.20115359127521515,4.637923717498779,0.28451108932495117
fold_1_balanced,5,1,3.922584056854248,cross_scene_smooth_ap,256.0,256.0,4.676175117492676,0.11130410432815552,4.639806270599365,0.2056213617324829,4.634213924407959,0.30712199211120605,4.623363494873047,0.1645742803812027,4.628911972045898,0.16974830627441406,4.626219272613525,0.19694602489471436,4.64391565322876,0.25945600867271423
fold_1_balanced,6,1,3.8618178367614746,cross_scene_smooth_ap,256.0,256.0,4.82152795791626,0.025348126888275146,4.64424467086792,0.1907893866300583,4.6390180587768555,0.30424827337265015,4.603765964508057,0.14703144133090973,4.633256912231445,0.15699902176856995,4.651623725891113,0.19248753786087036,4.62168025970459,0.2682654857635498
fold_1_balanced,7,1,4.0413336753845215,cross_scene_smooth_ap,256.0,256.0,4.561480522155762,0.28173404932022095,4.620260238647461,0.20665696263313293,4.615858554840088,0.3016050457954407,4.595419406890869,0.1510605365037918,4.616113662719727,0.14661091566085815,4.627968788146973,0.19783680140972137,4.605431079864502,0.24613001942634583
fold_1_balanced,8,1,3.9398815631866455,cross_scene_smooth_ap,256.0,256.0,4.590692043304443,0.19137346744537354,4.485971450805664,0.21535909175872803,4.606738090515137,0.3048916757106781,4.471846580505371,0.15423348546028137,4.634024620056152,0.15608978271484375,4.595917224884033,0.20186752080917358,4.588214874267578,0.24332773685455322
fold_1_control,1,1,4.149386405944824,hard_triplet,256.0,256.0,4.635481357574463,0.24779048562049866,4.635982036590576,0.2674800753593445,4.641592502593994,0.3487299084663391,4.634551048278809,0.23052458465099335,4.638511657714844,0.2780984342098236,4.6144914627075195,0.25338661670684814,4.644176006317139,0.32291457056999207
fold_1_control,2,1,4.027685165405273,hard_triplet,256.0,256.0,4.5584001541137695,0.20616604387760162,4.598413467407227,0.22490282356739044,4.641211032867432,0.30772092938423157,4.689808368682861,0.18957799673080444,4.621716022491455,0.2137085497379303,4.738084316253662,0.2100430428981781,4.63425874710083,0.27389174699783325
fold_1_control,3,1,3.8166980743408203,cross_scene_smooth_ap,256.0,256.0,4.602753162384033,0.04022848606109619,4.6190290451049805,0.18862849473953247,4.639132022857666,0.3046869933605194,4.638997554779053,0.14065437018871307,4.630526542663574,0.16032758355140686,4.627746105194092,0.1826966404914856,4.636091709136963,0.2622905373573303
fold_1_control,4,1,4.00347375869751,cross_scene_smooth_ap,256.0,256.0,4.6938157081604,0.1672995686531067,4.685633182525635,0.20351740717887878,4.6339240074157715,0.3099829852581024,4.6717753410339355,0.1563369482755661,4.622537612915039,0.1680874526500702,4.730454444885254,0.20118248462677002,4.637923240661621,0.2843576669692993
fold_1_control,5,1,3.9231977462768555,cross_scene_smooth_ap,256.0,256.0,4.676999092102051,0.11147582530975342,4.640354633331299,0.20570117235183716,4.634217262268066,0.3070355951786041,4.623690605163574,0.16482166945934296,4.628913879394531,0.17010152339935303,4.626603126525879,0.19689255952835083,4.644411087036133,0.2592726945877075
fold_1_control,6,1,3.8619801998138428,cross_scene_smooth_ap,256.0,256.0,4.82166862487793,0.025425732135772705,4.643913745880127,0.19084954261779785,4.639129161834717,0.3040783405303955,4.603627681732178,0.14726263284683228,4.633200645446777,0.15754540264606476,4.652014255523682,0.19238555431365967,4.6219024658203125,0.26783257722854614
fold_1_control,7,1,4.042093276977539,cross_scene_smooth_ap,256.0,256.0,4.559782981872559,0.28276365995407104,4.6199541091918945,0.2067224085330963,4.616021633148193,0.3016684353351593,4.595060348510742,0.15161475539207458,4.6160569190979,0.14761397242546082,4.627639293670654,0.19763492047786713,4.605541706085205,0.24552220106124878
fold_1_control,8,1,3.940666437149048,cross_scene_smooth_ap,256.0,256.0,4.590315818786621,0.19177889823913574,4.485346794128418,0.21543093025684357,4.607120990753174,0.30482763051986694,4.471548557281494,0.15482664108276367,4.634192943572998,0.15724121034145355,4.595296859741211,0.20220467448234558,4.587885856628418,0.24357172846794128
fold_2_balanced,1,1,4.174502372741699,hard_triplet,256.0,256.0,4.650108337402344,0.2563025653362274,4.6451849937438965,0.2727016806602478,4.648654460906982,0.3468508720397949,4.633609294891357,0.2457740306854248,4.637226104736328,0.28713908791542053,4.655340671539307,0.2605994939804077,4.64134407043457,0.3225046694278717
fold_2_balanced,2,1,4.097501754760742,hard_triplet,256.0,256.0,4.678203582763672,0.2192726731300354,4.6774582862854,0.2286367416381836,4.647122859954834,0.32014167308807373,4.617866516113281,0.2091497778892517,4.622310161590576,0.25093117356300354,4.663346290588379,0.2290014624595642,4.637147426605225,0.30843469500541687
fold_2_balanced,3,1,3.9243812561035156,cross_scene_smooth_ap,256.0,256.0,4.69405460357666,0.061804890632629395,4.697671413421631,0.2171626091003418,4.628232002258301,0.30930817127227783,4.696961879730225,0.18624091148376465,4.640349864959717,0.21166042983531952,4.674681186676025,0.21287527680397034,4.653702735900879,0.28846973180770874
fold_2_balanced,4,1,4.023190975189209,cross_scene_smooth_ap,256.0,256.0,4.80275297164917,0.15712016820907593,4.7113189697265625,0.2058049440383911,4.64126443862915,0.309798002243042,4.571093559265137,0.17036202549934387,4.634604454040527,0.18779782950878143,4.684996604919434,0.20630821585655212,4.636349201202393,0.2882498502731323
fold_2_balanced,5,1,3.840111017227173,cross_scene_smooth_ap,256.0,256.0,4.50986385345459,0.12156522274017334,4.443406581878662,0.20289264619350433,4.616191387176514,0.30716031789779663,4.45322322845459,0.1535261869430542,4.582879066467285,0.15868330001831055,4.417494773864746,0.21217048168182373,4.590373516082764,0.29536354541778564
fold_2_balanced,6,1,3.9705824851989746,cross_scene_smooth_ap,256.0,256.0,4.900872707366943,0.10591983795166016,4.582277297973633,0.20113328099250793,4.636570453643799,0.3060252070426941,4.699573993682861,0.14589999616146088,4.626927852630615,0.14641204476356506,4.659535884857178,0.19505050778388977,4.669152736663818,0.27191025018692017
fold_2_balanced,7,1,4.119439125061035,cross_scene_smooth_ap,256.0,256.0,4.645863056182861,0.27078187465667725,4.6914963722229,0.22676140069961548,4.649670124053955,0.30776214599609375,4.70522928237915,0.19063439965248108,4.633985996246338,0.2051485776901245,4.590954780578613,0.2255573272705078,4.658634185791016,0.28291070461273193
fold_2_balanced,8,1,3.9761219024658203,cross_scene_smooth_ap,256.0,256.0,4.740993499755859,0.10385119915008545,4.589975357055664,0.2121962010860443,4.640785217285156,0.306894987821579,4.658483982086182,0.19114252924919128,4.649357795715332,0.21304510533809662,4.740525245666504,0.22127102315425873,4.6464762687683105,0.29500555992126465
fold_2_control,1,1,4.174502372741699,hard_triplet,256.0,256.0,4.650108337402344,0.2563025653362274,4.6451849937438965,0.2727016806602478,4.648654460906982,0.3468508720397949,4.633609294891357,0.2457740306854248,4.637226104736328,0.28713908791542053,4.655340671539307,0.2605994939804077,4.64134407043457,0.3225046694278717
fold_2_control,2,1,4.097512722015381,hard_triplet,256.0,256.0,4.678203105926514,0.21927320957183838,4.6774582862854,0.2286367416381836,4.647122859954834,0.32014167308807373,4.617866516113281,0.2091497778892517,4.622310161590576,0.25093117356300354,4.663401126861572,0.22900407016277313,4.637202739715576,0.3084374666213989
fold_2_control,3,1,3.9242961406707764,cross_scene_smooth_ap,256.0,256.0,4.693943500518799,0.061766743659973145,4.697671890258789,0.21717298030853271,4.628509521484375,0.3093668818473816,4.69690465927124,0.18615421652793884,4.640352725982666,0.21151813864707947,4.674679756164551,0.21286359429359436,4.653812408447266,0.2884538471698761
fold_2_control,4,1,4.022372722625732,cross_scene_smooth_ap,256.0,256.0,4.802641868591309,0.15658986568450928,4.71110200881958,0.20583485066890717,4.641265392303467,0.30973678827285767,4.570926666259766,0.17004670202732086,4.634604454040527,0.187248095870018,4.68505334854126,0.20628803968429565,4.636294364929199,0.28825271129608154
fold_2_control,5,1,3.840582847595215,cross_scene_smooth_ap,256.0,256.0,4.510179042816162,0.12154710292816162,4.443266868591309,0.20293325185775757,4.616574764251709,0.3071828782558441,4.4536309242248535,0.15395554900169373,4.583810329437256,0.15950772166252136,4.417247772216797,0.21211081743240356,4.590261936187744,0.2953430712223053
fold_2_control,6,1,3.970895767211914,cross_scene_smooth_ap,256.0,256.0,4.900293827056885,0.10578536987304688,4.582106113433838,0.20119452476501465,4.637173652648926,0.3059847056865692,4.699230194091797,0.1467258483171463,4.627142429351807,0.1478845477104187,4.659426689147949,0.1950080394744873,4.669261932373047,0.2719026505947113
fold_2_control,7,1,4.120735168457031,cross_scene_smooth_ap,256.0,256.0,4.646014213562012,0.27164626121520996,4.690887928009033,0.22678831219673157,4.650166034698486,0.30770188570022583,4.705718040466309,0.19099950790405273,4.634312152862549,0.20591160655021667,4.591230392456055,0.22556430101394653,4.658633708953857,0.2830578684806824
fold_2_control,8,1,3.9767537117004395,cross_scene_smooth_ap,256.0,256.0,4.7402215003967285,0.10368180274963379,4.589740753173828,0.21227115392684937,4.640787124633789,0.30686816573143005,4.660069942474365,0.19254210591316223,4.649408340454102,0.21543841063976288,4.740630626678467,0.22104185819625854,4.646419525146484,0.29488450288772583
overfit_balanced,1,1,4.122129917144775,hard_triplet,256.0,256.0,4.677450656890869,0.23474478721618652,4.611313343048096,0.26247698068618774,4.632145881652832,0.3433980941772461,4.648823261260986,0.2120615839958191,4.624342441558838,0.2503291964530945,4.6324687004089355,0.23854997754096985,4.64669942855835,0.30001014471054077
overfit_balanced,2,1,3.3267438411712646,hard_triplet,256.0,256.0,3.1750361919403076,0.18214643001556396,3.7953972816467285,0.21640560030937195,4.404591083526611,0.2874932289123535,3.7913551330566406,0.15393278002738953,4.330290794372559,0.15521790087223053,3.792412281036377,0.19396793842315674,4.380866527557373,0.2313637137413025
overfit_balanced,3,1,2.3877267837524414,cross_scene_smooth_ap,256.0,256.0,1.645942211151123,0.010382354259490967,2.866302728652954,0.20030756294727325,4.137469291687012,0.2549901604652405,2.843630075454712,0.0927211344242096,4.010254383087158,0.07569422572851181,2.854092597961426,0.15058965981006622,4.080029010772705,0.1585395485162735
overfit_balanced,4,1,1.8383636474609375,cross_scene_smooth_ap,256.0,256.0,0.9138797521591187,0.0001443624496459961,2.0446949005126953,0.18421649932861328,3.828021287918091,0.21946671605110168,2.0374491214752197,0.0490076057612896,3.691190719604492,0.021618571132421494,2.0417141914367676,0.09196394681930542,3.7550065517425537,0.07336504757404327
overfit_balanced,5,1,1.5047410726547241,cross_scene_smooth_ap,256.0,256.0,0.810319721698761,3.6954879760742188e-06,1.3775382041931152,0.16321676969528198,3.477334976196289,0.17559631168842316,1.3847987651824951,0.014513244852423668,3.3407979011535645,0.0,1.3899248838424683,0.04398024454712868,3.4123501777648926,0.017075080424547195
overfit_balanced,6,1,1.297611117362976,cross_scene_smooth_ap,256.0,256.0,0.8961016535758972,6.556510925292969e-07,0.967224657535553,0.13054406642913818,3.099234104156494,0.11458807438611984,0.9808855056762695,0.004394113086163998,2.985698699951172,0.0,0.9814467430114746,0.01614028960466385,3.0586657524108887,0.004288186319172382
overfit_balanced,7,1,1.157391905784607,cross_scene_smooth_ap,256.0,256.0,0.9973549246788025,0.0,0.8117518424987793,0.07948414981365204,2.712207078933716,0.04321242868900299,0.8197896480560303,0.001381048932671547,2.6375784873962402,0.0,0.8183023929595947,0.006078371778130531,2.7057108879089355,0.00027674436569213867
overfit_balanced,8,1,1.0631797313690186,cross_scene_smooth_ap,256.0,256.0,1.082985758781433,0.0,0.7977982759475708,0.02997918799519539,2.3371286392211914,0.008014867082238197,0.7980934977531433,1.9788742065429688e-05,2.2985846996307373,0.0,0.7975000143051147,0.001551315188407898,2.3613991737365723,0.0
overfit_balanced,9,1,0.996781051158905,cross_scene_smooth_ap,256.0,256.0,1.149599313735962,0.0,0.8357497453689575,0.00434175506234169,1.9910534620285034,0.0,0.8312283158302307,0.0,1.975024700164795,0.0,0.8319239616394043,0.00012247078120708466,2.0342013835906982,0.0
overfit_balanced,10,1,0.9446702003479004,cross_scene_smooth_ap,256.0,256.0,1.198188304901123,0.0,0.8863323330879211,2.193264663219452e-05,1.6823474168777466,0.0,0.8794864416122437,0.0,1.679362416267395,0.0,0.8810272812843323,0.0,1.7328556776046753,0.0
overfit_balanced,11,1,0.8994418382644653,cross_scene_smooth_ap,256.0,256.0,1.2306653261184692,0.0,0.9356247782707214,0.0,1.416597843170166,0.0,0.9277986884117126,0.0,1.423882007598877,0.0,0.9301888942718506,0.0,1.4672133922576904,0.0
overfit_balanced,12,1,0.8611236810684204,cross_scene_smooth_ap,256.0,256.0,1.248538613319397,0.0,0.9792917966842651,0.0,1.2017464637756348,0.0,0.9709225296974182,0.0,1.2155969142913818,0.0,0.9742750525474548,0.0,1.2460353374481201,0.0
overfit_balanced,13,1,0.830390214920044,cross_scene_smooth_ap,256.0,256.0,1.2531819343566895,0.0,1.016028642654419,0.0,1.0397759675979614,0.0,1.0075135231018066,0.0,1.0554935932159424,0.0,1.0117133855819702,0.0,1.074610948562622,0.0
overfit_balanced,14,1,0.8067470192909241,cross_scene_smooth_ap,256.0,256.0,1.2456059455871582,0.0,1.0454516410827637,0.0,0.9266687035560608,0.0,1.0371336936950684,0.0,0.9407107830047607,0.0,1.0422048568725586,0.0,0.9519761204719543,0.0
overfit_balanced,15,1,0.7887821197509766,cross_scene_smooth_ap,256.0,256.0,1.2267144918441772,0.0,1.0676758289337158,9.657349437475204e-06,0.8545940518379211,0.0,1.0599267482757568,0.0,0.865572452545166,0.0,1.0658464431762695,0.0,0.8715966939926147,0.0
overfit_balanced,16,1,0.7744350433349609,cross_scene_smooth_ap,256.0,256.0,1.1974291801452637,0.0,1.083385705947876,6.317161023616791e-06,0.8135043978691101,0.0,1.0759326219558716,0.0,0.8215813636779785,0.0,1.0829131603240967,0.0,0.823597252368927,0.0
overfit_balanced,17,1,0.7617294788360596,cross_scene_smooth_ap,256.0,256.0,1.158861756324768,0.0,1.0928778648376465,3.9935577660799026e-05,0.7939038872718811,0.0,1.0855991840362549,0.0,0.7990407943725586,0.0,1.0939453840255737,0.0,0.7986817359924316,0.0
overfit_balanced,18,1,0.74907386302948,cross_scene_smooth_ap,256.0,256.0,1.1122708320617676,0.0,1.096635103225708,9.733065962791443e-05,0.7877850532531738,0.0,1.0892534255981445,0.0,0.7899422645568848,0.0,1.0991802215576172,0.0,0.7889862060546875,0.0
overfit_balanced,19,1,0.7355121374130249,cross_scene_smooth_ap,256.0,256.0,1.0593483448028564,0.0,1.0951427221298218,0.00010570511221885681,0.7895500659942627,0.0,1.087151288986206,0.0,0.7886316776275635,0.0,1.0988949537277222,0.0,0.7884129881858826,0.0
overfit_balanced,20,1,0.7208024859428406,cross_scene_smooth_ap,256.0,256.0,1.0026564598083496,0.0,1.0886967182159424,0.00010382290929555893,0.7954906225204468,0.0,1.0795745849609375,0.0,0.7912272810935974,0.0,1.0936386585235596,0.0,0.7927210330963135,0.0
overfit_balanced,21,1,0.7052188515663147,cross_scene_smooth_ap,256.0,256.0,0.9454857707023621,0.0,1.077820897102356,6.981194019317627e-05,0.8031926155090332,0.0,1.0668010711669922,6.818119436502457e-05,0.7951956391334534,0.0,1.0836414098739624,0.0,0.7991033792495728,0.0
overfit_balanced,22,1,0.6896896362304688,cross_scene_smooth_ap,256.0,256.0,0.8926766514778137,0.0,1.0628702640533447,4.187785089015961e-05,0.8110551238059998,0.0,1.0493054389953613,0.00028656888753175735,0.7988544702529907,0.0,1.069374680519104,0.0,0.8058006763458252,0.0
overfit_balanced,23,1,0.6763057112693787,cross_scene_smooth_ap,256.0,256.0,0.8530880212783813,0.0,1.0444211959838867,0.0,0.8182347416877747,0.0,1.02782142162323,0.0005538379773497581,0.8013083338737488,0.0,1.0511982440948486,0.0,0.8117586970329285,0.0
overfit_balanced,24,1,0.6688504219055176,cross_scene_smooth_ap,256.0,256.0,0.8411319255828857,0.0,1.0230106115341187,0.0,0.8241906762123108,0.0,1.0031445026397705,0.0012270277366042137,0.8024182915687561,0.0,1.0298765897750854,0.0,0.816487193107605,0.0
overfit_balanced,25,1,0.6685507893562317,cross_scene_smooth_ap,256.0,256.0,0.8613400459289551,0.0,0.9994187951087952,0.0,0.8288490772247314,0.0,0.9770033955574036,0.0015378789976239204,0.8025549054145813,0.0,1.0062700510025024,0.0,0.819879412651062,0.0
overfit_balanced,26,1,0.6690688729286194,cross_scene_smooth_ap,256.0,256.0,0.8873347043991089,0.0,0.9745473265647888,3.7929508835077286e-05,0.8324527740478516,0.0,0.9509903192520142,0.0009214039891958237,0.8023486733436584,0.0,0.9813849329948425,0.0,0.8222203254699707,0.0
overfit_balanced,27,1,0.6638454794883728,cross_scene_smooth_ap,256.0,256.0,0.890504002571106,0.0,0.9492353796958923,0.00017594452947378159,0.8353301286697388,0.0,0.9260108470916748,0.000316037330776453,0.8025421500205994,0.0,0.9561176300048828,2.482440322637558e-05,0.8238475918769836,0.0
overfit_balanced,28,1,0.6526739597320557,cross_scene_smooth_ap,256.0,256.0,0.8689454793930054,0.0,0.92416912317276,0.00013564620167016983,0.837743878364563,0.0,0.9024713039398193,9.369757026433945e-05,0.8036972284317017,0.0,0.931087851524353,0.00014550844207406044,0.8249576687812805,0.0
overfit_balanced,29,1,0.6391447186470032,cross_scene_smooth_ap,256.0,256.0,0.8372957110404968,0.0,0.89939284324646,3.7066638469696045e-05,0.8394695520401001,0.0,0.8803135752677917,0.0002833842299878597,0.8051648736000061,0.0,0.9064921140670776,0.00014620274305343628,0.8256161212921143,0.0
overfit_balanced,30,1,0.6272395849227905,cross_scene_smooth_ap,256.0,256.0,0.8126571774482727,0.0,0.8752901554107666,0.0,0.8402579426765442,0.0,0.8592502474784851,0.0,0.8057940602302551,0.0,0.8824186325073242,0.00012430455535650253,0.8255198001861572,0.0
overfit_balanced,31,1,0.6194955110549927,cross_scene_smooth_ap,256.0,256.0,0.8041300773620605,0.0,0.8523167371749878,0.0,0.8398359417915344,0.0,0.8393121361732483,0.0,0.8055654168128967,0.0,0.8592594861984253,0.00022091064602136612,0.8246028423309326,0.0
overfit_balanced,32,1,0.6152113676071167,cross_scene_smooth_ap,256.0,256.0,0.8086287379264832,0.0,0.8311988115310669,6.109988316893578e-05,0.8380388617515564,0.0,0.8212180137634277,0.00011383416131138802,0.804233193397522,0.0,0.8376769423484802,0.0003621005453169346,0.8226736783981323,0.0
overfit_balanced,33,1,0.6127390265464783,cross_scene_smooth_ap,256.0,256.0,0.8184128999710083,0.0,0.8133235573768616,0.0001733284443616867,0.8348017930984497,0.0,0.8062703609466553,0.0002925158478319645,0.80219566822052,0.0,0.8187284469604492,0.00033258460462093353,0.819914698600769,0.0
overfit_balanced,34,1,0.6110312938690186,cross_scene_smooth_ap,256.0,256.0,0.8275039792060852,0.0,0.8003621101379395,0.00023416848853230476,0.8305220007896423,0.0,0.7961309552192688,0.0002898932434618473,0.7999944686889648,0.0,0.80404132604599,0.00022315653041005135,0.8165701627731323,0.0
overfit_balanced,35,1,0.6097408533096313,cross_scene_smooth_ap,256.0,256.0,0.8326430916786194,0.0,0.7937211394309998,0.00031558889895677567,0.825214684009552,0.0,0.7923258543014526,5.054008215665817e-05,0.7980963587760925,0.0,0.7952471971511841,0.00016659265384078026,0.8127573728561401,0.0
overfit_balanced,36,1,0.6090262532234192,cross_scene_smooth_ap,256.0,256.0,0.8329055309295654,0.0,0.794140636920929,0.0003617573529481888,0.8194659352302551,0.0,0.7955729961395264,0.0,0.7966419458389282,0.0,0.7936161160469055,0.00010560033842921257,0.8087589740753174,0.0
overfit_balanced,37,1,0.6089065074920654,cross_scene_smooth_ap,256.0,256.0,0.8287326693534851,0.0,0.8011919260025024,0.00039154989644885063,0.8134970664978027,0.0,0.8049630522727966,0.0,0.795796811580658,0.0,0.7990404367446899,3.853673115372658e-05,0.804900050163269,0.0
overfit_balanced,38,1,0.609222412109375,cross_scene_smooth_ap,256.0,256.0,0.8214449286460876,0.0,0.813062310218811,0.00029332470148801804,0.8077371120452881,0.0,0.8174651265144348,0.0,0.7955554127693176,0.0,0.8097958564758301,9.088357910513878e-05,0.8015658855438232,0.0
overfit_balanced,39,1,0.6095290184020996,cross_scene_smooth_ap,256.0,256.0,0.8129398226737976,0.0,0.8264287710189819,0.0001441766507923603,0.8023942112922668,0.0,0.8284909725189209,1.9641593098640442e-05,0.7956863045692444,0.0,0.822651743888855,0.0001373291015625,0.7989729046821594,0.0
overfit_balanced,40,1,0.6090858578681946,cross_scene_smooth_ap,256.0,256.0,0.8049687147140503,0.0,0.8362361192703247,3.7797726690769196e-06,0.7977198958396912,0.0,0.8334482908248901,2.5505665689706802e-05,0.7958275079727173,0.0,0.8333545327186584,0.00010798033326864243,0.7971263527870178,0.0
overfit_balanced,41,1,0.607284665107727,cross_scene_smooth_ap,256.0,256.0,0.7988613843917847,0.0,0.8378549218177795,0.0,0.7938933968544006,0.0,0.8301053047180176,6.16069883108139e-06,0.795502781867981,0.0,0.8374868631362915,5.217548459768295e-05,0.7958142757415771,0.0
overfit_balanced,42,1,0.6041783094406128,cross_scene_smooth_ap,256.0,256.0,0.7953746318817139,0.0,0.830504834651947,0.0,0.7910550832748413,0.0,0.820158839225769,0.0,0.7947499752044678,0.0,0.8327697515487671,0.0,0.7947774529457092,0.0
overfit_balanced,43,1,0.6005495190620422,cross_scene_smooth_ap,256.0,256.0,0.7943202257156372,0.0,0.8176677823066711,0.0,0.7891989350318909,0.0,0.8079012036323547,0.0,0.7938073873519897,0.0,0.8211467266082764,0.0,0.7939114570617676,0.0
overfit_balanced,44,1,0.597211480140686,cross_scene_smooth_ap,256.0,256.0,0.7944204211235046,0.0,0.8044371604919434,0.0,0.788101851940155,0.0,0.7972390055656433,0.0,0.7929791808128357,0.0,0.8074179291725159,0.0,0.7931013107299805,0.0
overfit_balanced,45,1,0.5946084856987,cross_scene_smooth_ap,256.0,256.0,0.7941056489944458,0.0,0.7943044900894165,0.0,0.7874716520309448,0.0,0.7902858853340149,0.0,0.7923855781555176,0.0,0.79607093334198,0.0,0.7924661040306091,0.0
overfit_balanced,46,1,0.592876672744751,cross_scene_smooth_ap,256.0,256.0,0.7927387356758118,0.0,0.788476824760437,0.0,0.7871890068054199,0.0,0.7872546911239624,0.0,0.7921004891395569,0.0,0.7892107367515564,0.0,0.792072057723999,0.0
overfit_balanced,47,1,0.5920332670211792,cross_scene_smooth_ap,256.0,256.0,0.7907747626304626,0.0,0.7866722345352173,0.0,0.7872480154037476,0.0,0.7874315977096558,0.0,0.7920606136322021,0.0,0.7868033647537231,0.0,0.7918587923049927,0.0
overfit_balanced,48,1,0.5919727087020874,cross_scene_smooth_ap,256.0,256.0,0.7890409231185913,0.0,0.7878179550170898,0.0,0.7875884175300598,0.0,0.7896860241889954,0.0,0.7921350002288818,0.0,0.7877342700958252,0.0,0.7915881276130676,0.0
overfit_balanced,49,1,0.5924712419509888,cross_scene_smooth_ap,256.0,256.0,0.7880856990814209,0.0,0.7907158732414246,0.0,0.7880263328552246,0.0,0.7928376197814941,0.0,0.7921000123023987,0.0,0.7906136512756348,0.0,0.7911045551300049,0.0
overfit_balanced,50,1,0.5932693481445312,cross_scene_smooth_ap,256.0,256.0,0.7880423069000244,0.0,0.7942623496055603,0.0,0.7883651256561279,0.0,0.7959436774253845,0.0,0.7919012308120728,0.0,0.7941976189613342,0.0,0.7904348373413086,0.0
overfit_balanced,51,1,0.5940823554992676,cross_scene_smooth_ap,256.0,256.0,0.7886002063751221,0.0,0.7975706458091736,0.0,0.7885524034500122,0.0,0.7983258366584778,0.0,0.7914571166038513,0.0,0.7975543141365051,0.0,0.7897268533706665,0.0
overfit_balanced,52,1,0.5946744084358215,cross_scene_smooth_ap,256.0,256.0,0.7892667055130005,0.0,0.800054669380188,0.0,0.7886425852775574,0.0,0.7995758652687073,0.0,0.7908744812011719,0.0,0.8000185489654541,0.0,0.7891263961791992,0.0
overfit_balanced,53,1,0.594897449016571,cross_scene_smooth_ap,256.0,256.0,0.7895935773849487,0.0,0.8013633489608765,0.0,0.7887552380561829,0.0,0.7995878458023071,0.0,0.7902687191963196,0.0,0.8013227581977844,0.0,0.7886906862258911,0.0
overfit_balanced,54,1,0.5946779847145081,cross_scene_smooth_ap,256.0,256.0,0.7893626689910889,0.0,0.8013719916343689,0.0,0.7887796759605408,0.0,0.7984058856964111,0.0,0.7897773385047913,0.0,0.8013054728507996,0.0,0.7884074449539185,0.0
overfit_balanced,55,1,0.5940598845481873,cross_scene_smooth_ap,256.0,256.0,0.7885904908180237,0.0,0.8001605868339539,0.0,0.7887218594551086,0.0,0.7962917685508728,0.0,0.7894601821899414,0.0,0.8000600934028625,0.0,0.7882524132728577,0.0
overfit_balanced,56,1,0.59317946434021,cross_scene_smooth_ap,256.0,256.0,0.7875397801399231,0.0,0.7979967594146729,0.0,0.7885259985923767,0.0,0.793632447719574,0.0,0.7893036603927612,0.0,0.7978764772415161,0.0,0.7881981134414673,0.0
overfit_balanced,57,1,0.5921906232833862,cross_scene_smooth_ap,256.0,256.0,0.7865447998046875,0.0,0.7951706647872925,0.0,0.7882538437843323,0.0,0.790840744972229,0.0,0.789122462272644,0.0,0.7950658202171326,0.0,0.7881994247436523,0.0
overfit_balanced,58,1,0.5912630558013916,cross_scene_smooth_ap,256.0,256.0,0.7858612537384033,0.0,0.792129635810852,0.0,0.7879323363304138,0.0,0.788334310054779,0.0,0.7889043092727661,0.0,0.7920808792114258,0.0,0.7881919145584106,0.0
overfit_balanced,59,1,0.5905251502990723,cross_scene_smooth_ap,256.0,256.0,0.7856166362762451,0.0,0.7892932891845703,0.0,0.7875986099243164,0.0,0.7864847779273987,0.0,0.7886576056480408,0.0,0.7893197536468506,0.0,0.7880977392196655,0.0
overfit_balanced,60,1,0.5900311470031738,cross_scene_smooth_ap,256.0,256.0,0.785698413848877,0.0,0.7870221734046936,0.0,0.7872239947319031,0.0,0.785487711429596,0.0,0.7884978652000427,0.0,0.7871217131614685,0.0,0.7879253625869751,0.0
overfit_balanced,61,1,0.5897727012634277,cross_scene_smooth_ap,256.0,256.0,0.7858688831329346,0.0,0.7855753302574158,0.0,0.7868207097053528,0.0,0.7853307723999023,0.0,0.7884612083435059,0.0,0.7857579588890076,0.0,0.7877200245857239,0.0
overfit_balanced,62,1,0.5896728038787842,cross_scene_smooth_ap,256.0,256.0,0.7858054041862488,0.0,0.7850202918052673,0.0,0.7864435315132141,0.0,0.7858083248138428,0.0,0.7885201573371887,0.0,0.7852942943572998,0.0,0.7875710129737854,0.0
overfit_balanced,63,1,0.5896660089492798,cross_scene_smooth_ap,256.0,256.0,0.785463809967041,0.0,0.7852312922477722,0.0,0.7861449718475342,0.0,0.7865744233131409,0.0,0.7885359525680542,0.0,0.7855961322784424,0.0,0.7875175476074219,0.0
overfit_balanced,64,1,0.5897138118743896,cross_scene_smooth_ap,256.0,256.0,0.785053551197052,0.0,0.785940408706665,0.0,0.785963773727417,0.0,0.7872955203056335,0.0,0.788398265838623,0.0,0.7863526344299316,0.0,0.7874543070793152,0.0
overfit_balanced,65,1,0.5897960662841797,cross_scene_smooth_ap,256.0,256.0,0.7848337888717651,0.0,0.7868176698684692,0.0,0.7858647704124451,0.0,0.7877228260040283,0.0,0.7881231904029846,0.0,0.787209689617157,0.0,0.7873132228851318,0.0
overfit_balanced,66,1,0.5898662209510803,cross_scene_smooth_ap,256.0,256.0,0.7848686575889587,0.0,0.7875452637672424,0.0,0.7858405113220215,0.0,0.7877349257469177,0.0,0.787742018699646,0.0,0.7878615856170654,0.0,0.7870640754699707,0.0
overfit_balanced,67,1,0.5898852944374084,cross_scene_smooth_ap,256.0,256.0,0.7850619554519653,0.0,0.7878947257995605,0.0,0.7858750820159912,0.0,0.7873736619949341,0.0,0.7874085307121277,0.0,0.7880868911743164,0.0,0.7867988348007202,0.0
overfit_balanced,68,1,0.5898212194442749,cross_scene_smooth_ap,256.0,256.0,0.7852233052253723,0.0,0.7878100275993347,0.0,0.7859638929367065,0.0,0.7867530584335327,0.0,0.7871647477149963,0.0,0.7878987789154053,0.0,0.786594569683075,0.0
overfit_balanced,69,1,0.589667797088623,cross_scene_smooth_ap,256.0,256.0,0.7852299809455872,0.0,0.7873203158378601,0.0,0.7860606908798218,0.0,0.7860389351844788,0.0,0.7870238423347473,0.0,0.7873643040657043,0.0,0.7865157127380371,0.0
overfit_balanced,70,1,0.5894515514373779,cross_scene_smooth_ap,256.0,256.0,0.7850407361984253,0.0,0.7865936160087585,0.0,0.7861523032188416,0.0,0.7854001522064209,0.0,0.7869704961776733,0.0,0.7866474986076355,0.0,0.7865318655967712,0.0
overfit_balanced,71,1,0.5892152786254883,cross_scene_smooth_ap,256.0,256.0,0.7847225666046143,0.0,0.7858185768127441,0.0,0.7862114310264587,0.0,0.7849372029304504,0.0,0.7869628667831421,0.0,0.7859026193618774,0.0,0.7865827679634094,0.0
overfit_balanced,72,1,0.5890116095542908,cross_scene_smooth_ap,256.0,256.0,0.7844067811965942,0.0,0.7851342558860779,0.0,0.7862165570259094,0.0,0.7846938371658325,0.0,0.7869688868522644,0.0,0.7852741479873657,0.0,0.7866314053535461,0.0
overfit_balanced,73,1,0.5888824462890625,cross_scene_smooth_ap,256.0,256.0,0.7842110991477966,0.0,0.7846693992614746,0.0,0.7861761450767517,0.0,0.7846671342849731,0.0,0.7869724631309509,0.0,0.78485107421875,0.0,0.7866203784942627,0.0
overfit_balanced,74,1,0.5888301134109497,cross_scene_smooth_ap,256.0,256.0,0.7841809988021851,0.0,0.7844396233558655,0.0,0.7860926389694214,0.0,0.7847765684127808,0.0,0.7869096994400024,0.0,0.7846587896347046,0.0,0.7865406274795532,0.0
overfit_balanced,75,1,0.5888369083404541,cross_scene_smooth_ap,256.0,256.0,0.7842602729797363,0.0,0.7844282984733582,0.0,0.7859858870506287,0.0,0.7849436402320862,0.0,0.7868140935897827,0.0,0.7846688628196716,0.0,0.7864212989807129,0.0
overfit_balanced,76,1,0.5888626575469971,cross_scene_smooth_ap,256.0,256.0,0.7843405604362488,0.0,0.7845638990402222,0.0,0.785862922668457,0.0,0.7850965261459351,0.0,0.7866817712783813,0.0,0.7848199605941772,0.0,0.7863050103187561,0.0
overfit_balanced,77,1,0.5888731479644775,cross_scene_smooth_ap,256.0,256.0,0.7843379974365234,0.0,0.7847726345062256,0.0,0.7857304811477661,0.0,0.7851940393447876,0.0,0.7865477800369263,0.0,0.785015344619751,0.0,0.7862030863761902,0.0
overfit_balanced,78,1,0.5888549089431763,cross_scene_smooth_ap,256.0,256.0,0.7842415571212769,0.0,0.7849583625793457,0.0,0.7855883240699768,0.0,0.7851974964141846,0.0,0.7864465713500977,0.0,0.7851999998092651,0.0,0.7861433625221252,0.0
overfit_balanced,79,1,0.5888133645057678,cross_scene_smooth_ap,256.0,256.0,0.7841061353683472,0.0,0.7850745916366577,0.0,0.7854592204093933,0.0,0.7851200103759766,0.0,0.7863825559616089,0.0,0.7853156924247742,0.0,0.7860898971557617,0.0
overfit_balanced,80,1,0.5887587666511536,cross_scene_smooth_ap,256.0,256.0,0.7839967012405396,0.0,0.7850868701934814,0.0,0.785355269908905,0.0,0.7849744558334351,0.0,0.7863354682922363,0.0,0.7853209972381592,0.0,0.7860417366027832,0.0
overfit_balanced,81,1,0.5887002944946289,cross_scene_smooth_ap,256.0,256.0,0.7839522361755371,0.0,0.784991443157196,0.0,0.7852743864059448,0.0,0.784794807434082,0.0,0.7862814664840698,0.0,0.7852216362953186,0.0,0.7859829068183899,0.0
overfit_balanced,82,1,0.5886399745941162,cross_scene_smooth_ap,256.0,256.0,0.7839449644088745,0.0,0.7848145961761475,0.0,0.7852247357368469,0.0,0.7846208214759827,0.0,0.7862334847450256,0.0,0.7850255370140076,0.0,0.7859259247779846,0.0
overfit_balanced,83,1,0.5885850787162781,cross_scene_smooth_ap,256.0,256.0,0.7839628458023071,0.0,0.7846042513847351,0.0,0.7851940393447876,0.0,0.7844734787940979,0.0,0.7861791849136353,0.0,0.7847988605499268,0.0,0.7858825922012329,0.0
overfit_balanced,84,1,0.5885356664657593,cross_scene_smooth_ap,256.0,256.0,0.7839571833610535,0.0,0.7844008803367615,0.0,0.7851896286010742,0.0,0.7843873500823975,0.0,0.7861471176147461,0.0,0.7845785021781921,0.0,0.7858526110649109,0.0
overfit_balanced,85,1,0.5884904265403748,cross_scene_smooth_ap,256.0,256.0,0.7839182615280151,0.0,0.784238874912262,0.0,0.7852073907852173,0.0,0.784342348575592,0.0,0.7861201763153076,0.0,0.7844025492668152,0.0,0.7858192920684814,0.0
overfit_balanced,86,1,0.5884636640548706,cross_scene_smooth_ap,256.0,256.0,0.783861517906189,0.0,0.7841503620147705,0.0,0.7852480411529541,0.0,0.784354031085968,0.0,0.7861078977584839,0.0,0.7843142151832581,0.0,0.7858052253723145,0.0
overfit_balanced,87,1,0.5884497165679932,cross_scene_smooth_ap,256.0,256.0,0.7838110327720642,0.0,0.7841297388076782,0.0,0.7852738499641418,0.0,0.7843921184539795,0.0,0.7860753536224365,0.0,0.7842919826507568,0.0,0.7857999801635742,0.0
overfit_balanced,88,1,0.5884480476379395,cross_scene_smooth_ap,256.0,256.0,0.7837725877761841,0.0,0.7841624021530151,0.0,0.785283625125885,0.0,0.7844347357749939,0.0,0.7860509753227234,0.0,0.784331738948822,0.0,0.7857949137687683,0.0
overfit_balanced,89,1,0.5884536504745483,cross_scene_smooth_ap,256.0,256.0,0.7837657928466797,0.0,0.7842202186584473,0.0,0.7852804660797119,0.0,0.7844562530517578,0.0,0.7860109806060791,0.0,0.784393310546875,0.0,0.785784900188446,0.0
overfit_balanced,90,1,0.58845055103302,cross_scene_smooth_ap,256.0,256.0,0.7837601900100708,0.0,0.784269392490387,0.0,0.7852498888969421,0.0,0.7844492793083191,0.0,0.7859545350074768,0.0,0.7844496965408325,0.0,0.7857531309127808,0.0
overfit_balanced,91,1,0.5884346961975098,cross_scene_smooth_ap,256.0,256.0,0.7837512493133545,0.0,0.7842810153961182,0.0,0.7851981520652771,0.0,0.78440260887146,0.0,0.7859050631523132,0.0,0.7844626307487488,0.0,0.7857131958007812,0.0
overfit_balanced,92,1,0.5884085893630981,cross_scene_smooth_ap,256.0,256.0,0.7837339043617249,0.0,0.7842573523521423,0.0,0.7851313352584839,0.0,0.7843394875526428,0.0,0.7858730554580688,0.0,0.7844324111938477,0.0,0.7856668829917908,0.0
overfit_balanced,93,1,0.5883733630180359,cross_scene_smooth_ap,256.0,256.0,0.783710777759552,0.0,0.7841984629631042,0.0,0.7850553393363953,0.0,0.7842686176300049,0.0,0.7858372926712036,0.0,0.7843688726425171,0.0,0.785618782043457,0.0
overfit_balanced,94,1,0.5883421897888184,cross_scene_smooth_ap,256.0,256.0,0.7836971879005432,0.0,0.7841256260871887,0.0,0.7849962711334229,0.0,0.7842068672180176,0.0,0.7858047485351562,0.0,0.7842835187911987,0.0,0.7855978012084961,0.0
overfit_balanced,95,1,0.588317334651947,cross_scene_smooth_ap,256.0,256.0,0.7836942672729492,0.0,0.7840574979782104,0.0,0.7849493622779846,0.0,0.7841666340827942,0.0,0.7857867479324341,0.0,0.7842040657997131,0.0,0.7855608463287354,0.0
overfit_balanced,96,1,0.5882982015609741,cross_scene_smooth_ap,256.0,256.0,0.7836849093437195,0.0,0.7840088605880737,0.0,0.7849138975143433,0.0,0.7841581702232361,0.0,0.7857575416564941,0.0,0.7841470241546631,0.0,0.785538375377655,0.0
overfit_balanced,97,1,0.5882885456085205,cross_scene_smooth_ap,256.0,256.0,0.7836821675300598,0.0,0.7839840650558472,0.0,0.7849016189575195,0.0,0.784160852432251,0.0,0.7857358455657959,0.0,0.7841153144836426,0.0,0.7855184078216553,0.0
overfit_balanced,98,1,0.5882793664932251,cross_scene_smooth_ap,256.0,256.0,0.783669114112854,0.0,0.7839782238006592,0.0,0.7848925590515137,0.0,0.7841709852218628,0.0,0.7857024669647217,0.0,0.7841095328330994,0.0,0.7854917049407959,0.0
overfit_balanced,99,1,0.5882722735404968,cross_scene_smooth_ap,256.0,256.0,0.7836503982543945,0.0,0.7839862108230591,0.0,0.7848880290985107,0.0,0.7841772437095642,0.0,0.7856788635253906,0.0,0.7841161489486694,0.0,0.7854694128036499,0.0
overfit_balanced,100,1,0.5882640480995178,cross_scene_smooth_ap,256.0,256.0,0.7836339473724365,0.0,0.7839979529380798,0.0,0.7848860025405884,0.0,0.7841617465019226,0.0,0.7856450080871582,0.0,0.7841198444366455,0.0,0.7854557633399963,0.0
overfit_control,1,1,4.122129917144775,hard_triplet,256.0,256.0,4.677450656890869,0.23474478721618652,4.611313343048096,0.26247698068618774,4.632145881652832,0.3433980941772461,4.648823261260986,0.2120615839958191,4.624342441558838,0.2503291964530945,4.6324687004089355,0.23854997754096985,4.64669942855835,0.30001014471054077
overfit_control,2,1,3.3267242908477783,hard_triplet,256.0,256.0,3.1749823093414307,0.1821465790271759,3.7953972816467285,0.21640560030937195,4.404591083526611,0.2874932289123535,3.7913551330566406,0.15393278002738953,4.330290794372559,0.15521790087223053,3.7923290729522705,0.19396637380123138,4.380866527557373,0.2313690185546875
overfit_control,3,1,2.3877487182617188,cross_scene_smooth_ap,256.0,256.0,1.6461527347564697,0.010381698608398438,2.866163969039917,0.20031467080116272,4.13738489151001,0.2549920082092285,2.843714714050293,0.0927341878414154,4.010227680206299,0.07571083307266235,2.854036331176758,0.15056949853897095,4.079891204833984,0.1585211157798767
overfit_control,4,1,1.831089735031128,cross_scene_smooth_ap,256.0,256.0,0.9095990657806396,0.00015306472778320312,2.0341415405273438,0.18201135098934174,3.8124241828918457,0.21314315497875214,2.035527229309082,0.048744283616542816,3.6886446475982666,0.021087925881147385,2.038534164428711,0.09119868278503418,3.7508959770202637,0.0712391585111618
overfit_control,5,1,1.488426685333252,cross_scene_smooth_ap,256.0,256.0,0.8115067481994629,3.635883331298828e-06,1.3596794605255127,0.1517997533082962,3.4337894916534424,0.15241611003875732,1.381765604019165,0.013657585717737675,3.3336925506591797,8.390191942453384e-05,1.3851238489151,0.042230717837810516,3.404057502746582,0.015961438417434692
overfit_control,6,1,1.2662079334259033,cross_scene_smooth_ap,256.0,256.0,0.899906575679779,2.980232238769531e-07,0.9539317488670349,0.09379856288433075,3.029391288757324,0.06274806708097458,0.9788002967834473,0.0036060884594917297,2.9770071506500244,0.0,0.9773932695388794,0.014128402806818485,3.0449628829956055,0.003480859100818634
overfit_control,7,1,1.125998616218567,cross_scene_smooth_ap,256.0,256.0,1.0018081665039062,0.0,0.8072230219841003,0.028335895389318466,2.630244493484497,0.007534081116318703,0.818787157535553,0.0006342809647321701,2.625425100326538,0.0,0.8164926767349243,0.0040981462225317955,2.6865782737731934,0.0
overfit_control,8,1,1.0451234579086304,cross_scene_smooth_ap,256.0,256.0,1.0872361660003662,0.0,0.7991297245025635,0.001306413672864437,2.258790969848633,0.0,0.7981522679328918,0.0,2.281998872756958,0.0,0.7979933023452759,0.0004910547286272049,2.338315486907959,0.0
overfit_control,9,1,0.9873718619346619,cross_scene_smooth_ap,256.0,256.0,1.1531614065170288,0.0,0.8396325707435608,0.0,1.9200561046600342,0.0,0.8321422338485718,0.0,1.9564509391784668,0.0,0.8335390686988831,0.0,2.007157325744629,0.0
overfit_control,10,1,0.9364637136459351,cross_scene_smooth_ap,256.0,256.0,1.201005220413208,0.0,0.891268789768219,0.0,1.615049123764038,0.0,0.8806919455528259,0.0,1.6610790491104126,0.0,0.8832382559776306,0.0,1.7032215595245361,0.0
overfit_control,11,1,0.8918187618255615,cross_scene_smooth_ap,256.0,256.0,1.232243537902832,0.0,0.9410076141357422,3.2613519579172134e-05,1.357348918914795,0.0,0.9289845824241638,0.0,1.4076536893844604,0.0,0.932598352432251,0.0,1.4374032020568848,0.0
overfit_control,12,1,0.8544298410415649,cross_scene_smooth_ap,256.0,256.0,1.2483763694763184,0.0,0.9843599796295166,0.00040369899943470955,1.1533857583999634,0.0,0.9720086455345154,0.0,1.2013381719589233,0.0,0.9765674471855164,0.0,1.2191575765609741,0.0
overfit_control,13,1,0.8244837522506714,cross_scene_smooth_ap,256.0,256.0,1.250718593597412,0.0,1.0198984146118164,0.00035563530400395393,1.002164363861084,0.0,1.0083211660385132,0.0,1.0433220863342285,0.0,1.013709306716919,0.0,1.053166151046753,0.0
overfit_control,14,1,0.8015668392181396,cross_scene_smooth_ap,256.0,256.0,1.2401609420776367,0.0,1.047776222229004,0.0003161132335662842,0.9004487991333008,0.0,1.0374900102615356,0.0,0.9318049550056458,0.0,1.043506383895874,0.0,0.9363448619842529,0.0
overfit_control,15,1,0.7840588688850403,cross_scene_smooth_ap,256.0,256.0,1.2179042100906372,0.0,1.06829833984375,0.00018012803047895432,0.8387535810470581,0.0,1.0596226453781128,0.0,0.8601469993591309,0.0,1.0663954019546509,0.0,0.8612360954284668,0.0
overfit_control,16,1,0.7696150541305542,cross_scene_smooth_ap,256.0,256.0,1.1847255229949951,0.0,1.0816729068756104,4.3143052607774734e-05,0.8053527474403381,0.0,1.0748778581619263,0.0,0.8189090490341187,0.0,1.0824735164642334,0.0,0.8177875280380249,0.0
overfit_control,17,1,0.7561440467834473,cross_scene_smooth_ap,256.0,256.0,1.141684889793396,0.0,1.0885157585144043,0.0,0.79045170545578,0.0,1.0835230350494385,0.0,0.7979351282119751,0.0,1.0920335054397583,0.0,0.7962141633033752,0.0
overfit_control,18,1,0.7422077655792236,cross_scene_smooth_ap,256.0,256.0,1.090330958366394,0.0,1.0892174243927002,0.0,0.7869254350662231,0.0,1.0857700109481812,0.0,0.7895871996879578,0.0,1.095492959022522,0.0,0.7885071039199829,0.0
overfit_control,19,1,0.7270287871360779,cross_scene_smooth_ap,256.0,256.0,1.0327732563018799,0.0,1.084116816520691,0.0,0.7897835969924927,0.0,1.0818498134613037,0.0,0.7883858680725098,0.0,1.0931603908538818,0.0,0.7887288928031921,0.0
overfit_control,20,1,0.7106436491012573,cross_scene_smooth_ap,256.0,256.0,0.9725140929222107,0.0,1.0736995935440063,0.0,0.7955154776573181,0.0,1.072102665901184,0.0,0.7905623912811279,0.0,1.0854185819625854,0.0,0.7928825616836548,0.0
overfit_control,21,1,0.693709671497345,cross_scene_smooth_ap,256.0,256.0,0.9143146872520447,0.0,1.0584551095962524,0.0,0.8018430471420288,0.0,1.0567318201065063,5.6607648730278015e-05,0.7934980392456055,0.0,1.0725599527359009,0.0,0.7983139753341675,0.0
overfit_control,22,1,0.6780486106872559,cross_scene_smooth_ap,256.0,256.0,0.8661856651306152,0.0,1.0390424728393555,0.0,0.807437002658844,0.0,1.0362534523010254,0.00029458384960889816,0.7957248091697693,0.0,1.0551350116729736,4.485715180635452e-05,0.8034154772758484,0.0
overfit_control,23,1,0.6673731803894043,cross_scene_smooth_ap,256.0,256.0,0.8424813747406006,0.0,1.0161471366882324,0.0,0.8115776777267456,0.0,1.0119270086288452,0.0007977942004799843,0.796886682510376,0.0,1.0338201522827148,0.0003113136626780033,0.8073479533195496,0.0
overfit_control,24,1,0.6652019023895264,cross_scene_smooth_ap,256.0,256.0,0.8564830422401428,0.0,0.9906249046325684,0.0,0.8141757845878601,0.0,0.9853600263595581,0.0014822869561612606,0.7972515821456909,0.0,1.0098847150802612,0.0004576989449560642,0.8098559975624084,0.0
overfit_control,25,1,0.6668623685836792,cross_scene_smooth_ap,256.0,256.0,0.8882518410682678,0.0,0.9639210104942322,0.00010059075430035591,0.8156355619430542,0.0,0.9592295289039612,0.0013114591129124165,0.7975097894668579,0.0,0.9846604466438293,0.00036910688504576683,0.8112933039665222,0.0
overfit_control,26,1,0.6628933548927307,cross_scene_smooth_ap,256.0,256.0,0.8977078199386597,0.0,0.9372528791427612,0.00023466628044843674,0.8166623711585999,0.0,0.9353659749031067,0.0004774825647473335,0.7979356646537781,0.0,0.9595725536346436,7.871817797422409e-05,0.8124348521232605,0.0
overfit_control,27,1,0.6515592336654663,cross_scene_smooth_ap,256.0,256.0,0.8759149312973022,0.0,0.9113591909408569,0.00020823953673243523,0.8175554275512695,0.0,0.9137271046638489,8.12578946352005e-07,0.7988520264625549,0.0,0.9349719285964966,6.962521001696587e-05,0.8136634230613708,0.0
overfit_control,28,1,0.6372821927070618,cross_scene_smooth_ap,256.0,256.0,0.8407407999038696,0.0,0.8864405155181885,7.437681779265404e-05,0.8182874917984009,0.0,0.8932096362113953,0.0,0.8010864853858948,0.0,0.9109748005867004,0.00010502804070711136,0.8146266341209412,0.0
overfit_control,29,1,0.6251803040504456,cross_scene_smooth_ap,256.0,256.0,0.8135818243026733,0.0,0.8625178933143616,0.0,0.8183010816574097,0.0,0.873146653175354,0.00010637566447257996,0.8038347363471985,0.0,0.8873328566551208,0.00022997241467237473,0.8152758479118347,0.0
overfit_control,30,1,0.6174975037574768,cross_scene_smooth_ap,256.0,256.0,0.8044242858886719,0.0,0.8401851654052734,0.0,0.8171876072883606,0.0,0.8532057404518127,0.00020792009308934212,0.8052976131439209,0.0,0.8640832304954529,0.00032762764021754265,0.8151311278343201,0.0
overfit_control,31,1,0.6132012605667114,cross_scene_smooth_ap,256.0,256.0,0.8093007206916809,0.0,0.8203528523445129,0.0,0.8147103786468506,0.0,0.8337454795837402,0.00015680771321058273,0.804401159286499,0.0,0.8418828248977661,0.00039886170998215675,0.8137536644935608,0.0
overfit_control,32,1,0.6105297207832336,cross_scene_smooth_ap,256.0,256.0,0.8193247318267822,0.0,0.8045786619186401,0.00010273093357682228,0.8109802603721619,0.0,0.8158643841743469,4.5025721192359924e-05,0.8018979430198669,0.0,0.8218855857849121,0.0005596186965703964,0.8110532164573669,0.0
overfit_control,33,1,0.6085454225540161,cross_scene_smooth_ap,256.0,256.0,0.8279851078987122,0.0,0.7947546243667603,0.0002584191970527172,0.8062830567359924,0.0,0.8015686273574829,0.0004018247127532959,0.7992235422134399,0.0,0.8058415651321411,0.0005156858824193478,0.8073902726173401,0.0
overfit_control,34,1,0.6070152521133423,cross_scene_smooth_ap,256.0,256.0,0.832219123840332,0.0,0.7924870848655701,0.0005258424207568169,0.8012666702270508,0.0,0.7932761311531067,0.0005026753060519695,0.7972151637077332,0.0,0.7957497239112854,0.00028265034779906273,0.8035970330238342,0.0
overfit_control,35,1,0.6062374114990234,cross_scene_smooth_ap,256.0,256.0,0.8313270211219788,0.0,0.7981227040290833,0.0007156278006732464,0.7966114282608032,0.0,0.7929646968841553,0.0002479972317814827,0.7961732149124146,0.0,0.7933050394058228,2.293521538376808e-05,0.8007310032844543,0.0
overfit_control,36,1,0.6065487265586853,cross_scene_smooth_ap,256.0,256.0,0.8263000249862671,0.0,0.8099474906921387,0.00030101556330919266,0.7927738428115845,0.0,0.8006846904754639,5.536200478672981e-05,0.7966367602348328,0.0,0.7989233732223511,8.163787424564362e-05,0.7994047403335571,0.0
overfit_control,37,1,0.6077113151550293,cross_scene_smooth_ap,256.0,256.0,0.818791925907135,0.0,0.8242847323417664,5.7237688452005386e-05,0.7899604439735413,0.0,0.8136047124862671,5.601346492767334e-05,0.7979925274848938,0.0,0.8107845783233643,8.408911526203156e-05,0.7989405393600464,0.0
overfit_control,38,1,0.6086699962615967,cross_scene_smooth_ap,256.0,256.0,0.8107304573059082,0.0,0.8358122110366821,0.0,0.7883221507072449,0.0,0.8262566924095154,1.8309801816940308e-06,0.7984792590141296,0.0,0.8247895836830139,2.3426953703165054e-05,0.7981131076812744,0.0
overfit_control,39,1,0.6083714365959167,cross_scene_smooth_ap,256.0,256.0,0.8037335872650146,0.0,0.8391225934028625,0.0,0.7878426313400269,0.0,0.8332894444465637,0.0,0.7967577576637268,0.0,0.835503101348877,0.0,0.7967407703399658,0.0
overfit_control,40,1,0.6063535213470459,cross_scene_smooth_ap,256.0,256.0,0.7986664772033691,0.0,0.8326911330223083,0.0,0.788057804107666,0.0,0.8318146467208862,0.0,0.7941274642944336,0.0,0.8381916284561157,0.0,0.7953593730926514,0.0
overfit_control,41,1,0.6029910445213318,cross_scene_smooth_ap,256.0,256.0,0.7955864071846008,0.0,0.8198756575584412,0.0,0.7884281873703003,0.0,0.8226547837257385,0.0,0.7923993468284607,0.0,0.831244707107544,0.0,0.7945301532745361,0.0
overfit_control,42,1,0.5991858243942261,cross_scene_smooth_ap,256.0,256.0,0.7939671874046326,0.0,0.8059767484664917,0.0,0.7886207699775696,0.0,0.8098800778388977,0.0,0.7920501828193665,0.0,0.8177659511566162,0.0,0.7940343618392944,0.0
overfit_control,43,1,0.5958796739578247,cross_scene_smooth_ap,256.0,256.0,0.7930176258087158,0.0,0.7950178980827332,0.0,0.7886330485343933,0.0,0.7983199954032898,0.0,0.7925816774368286,0.0,0.8034893870353699,0.0,0.7934609651565552,0.0
overfit_control,44,1,0.5935801267623901,cross_scene_smooth_ap,256.0,256.0,0.7920061945915222,0.0,0.7886272668838501,0.0,0.7885663509368896,0.0,0.7906359434127808,0.0,0.7934951782226562,0.0,0.7929232716560364,0.0,0.7926949262619019,0.0
overfit_control,45,1,0.5923794507980347,cross_scene_smooth_ap,256.0,256.0,0.7907145619392395,0.0,0.7867151498794556,0.0,0.7883552312850952,0.0,0.7873526811599731,0.0,0.7944148182868958,0.0,0.7875418663024902,0.0,0.7920297384262085,0.0
overfit_control,46,1,0.5920833945274353,cross_scene_smooth_ap,256.0,256.0,0.7893552780151367,0.0,0.7882007956504822,0.0,0.7879547476768494,0.0,0.7874532341957092,0.0,0.7950360178947449,0.0,0.7867262959480286,0.0,0.7915636897087097,0.0
overfit_control,47,1,0.5924077033996582,cross_scene_smooth_ap,256.0,256.0,0.7883343696594238,0.0,0.7916595339775085,0.0,0.7874605655670166,0.0,0.7895715832710266,0.0,0.7950199842453003,0.0,0.7889427542686462,0.0,0.7912344336509705,0.0
overfit_control,48,1,0.5930450558662415,cross_scene_smooth_ap,256.0,256.0,0.7878270149230957,0.0,0.7958120107650757,0.0,0.7870149612426758,0.0,0.7924515008926392,0.0,0.7943498492240906,0.0,0.7925607562065125,0.0,0.7908702492713928,0.0
overfit_control,49,1,0.5937316417694092,cross_scene_smooth_ap,256.0,256.0,0.7877988815307617,0.0,0.7995739579200745,0.0,0.7867625951766968,0.0,0.7951043248176575,0.0,0.7931604385375977,0.0,0.7963235974311829,0.0,0.790457546710968,0.0
overfit_control,50,1,0.5942497253417969,cross_scene_smooth_ap,256.0,256.0,0.7880154848098755,0.0,0.8022804856300354,0.0,0.7866591811180115,0.0,0.7969198822975159,0.0,0.7917796969413757,0.0,0.7993141412734985,0.0,0.7899971008300781,0.0
overfit_control,51,1,0.5944650769233704,cross_scene_smooth_ap,256.0,256.0,0.7881905436515808,0.0,0.803543210029602,0.0,0.7866272330284119,0.0,0.7975984215736389,0.0,0.7905726432800293,0.0,0.8010643124580383,0.0,0.7896034121513367,0.0
overfit_control,52,1,0.5943142175674438,cross_scene_smooth_ap,256.0,256.0,0.7881457805633545,0.0,0.8032720685005188,0.0,0.7865536212921143,0.0,0.7971088290214539,0.0,0.7897705435752869,0.0,0.8013835549354553,0.0,0.7892442345619202,0.0
overfit_control,53,1,0.5938326120376587,cross_scene_smooth_ap,256.0,256.0,0.7878502607345581,0.0,0.8016340136528015,0.0,0.7864431738853455,0.0,0.7956303358078003,0.0,0.789440393447876,0.0,0.8003582954406738,0.0,0.7889337539672852,0.0
overfit_control,54,1,0.5931044220924377,cross_scene_smooth_ap,256.0,256.0,0.7873532772064209,0.0,0.7989279627799988,0.0,0.7863525152206421,0.0,0.793514609336853,0.0,0.7894421219825745,0.0,0.7982546091079712,0.0,0.7887013554573059,0.0
overfit_control,55,1,0.5922384262084961,cross_scene_smooth_ap,256.0,256.0,0.7867594957351685,0.0,0.795585036277771,0.0,0.7863032817840576,0.0,0.7911596298217773,0.0,0.7895280122756958,0.0,0.7954319715499878,0.0,0.7885744571685791,0.0
overfit_control,56,1,0.5913769006729126,cross_scene_smooth_ap,256.0,256.0,0.7862223982810974,0.0,0.7920961380004883,0.0,0.7862793207168579,0.0,0.7889702916145325,0.0,0.7896080017089844,0.0,0.7923673391342163,0.0,0.7885347604751587,0.0
overfit_control,57,1,0.5906347036361694,cross_scene_smooth_ap,256.0,256.0,0.7858359813690186,0.0,0.7889506220817566,0.0,0.7862301468849182,0.0,0.7872364521026611,0.0,0.7897198796272278,0.0,0.7894803285598755,0.0,0.788490355014801,0.0
overfit_control,58,1,0.590092658996582,cross_scene_smooth_ap,256.0,256.0,0.7856026291847229,0.0,0.7865926623344421,0.0,0.7861549854278564,0.0,0.7861244678497314,0.0,0.7898852825164795,0.0,0.7871909141540527,0.0,0.7883558869361877,0.0
overfit_control,59,1,0.589777410030365,cross_scene_smooth_ap,256.0,256.0,0.7854522466659546,0.0,0.7853041887283325,0.0,0.7860779762268066,0.0,0.7856220602989197,0.0,0.7899518013000488,0.0,0.7857946753501892,0.0,0.7882213592529297,0.0
overfit_control,60,1,0.5896555185317993,cross_scene_smooth_ap,256.0,256.0,0.7852956056594849,0.0,0.7851474285125732,0.0,0.786031186580658,0.0,0.7855890989303589,0.0,0.7897322177886963,0.0,0.7853473424911499,0.0,0.7881320714950562,0.0
overfit_control,61,1,0.5896572470664978,cross_scene_smooth_ap,256.0,256.0,0.7851195335388184,0.0,0.785891592502594,0.0,0.7859955430030823,0.0,0.7858057618141174,0.0,0.789107084274292,0.0,0.7856979966163635,0.0,0.7880299091339111,0.0
overfit_control,62,1,0.5897296667098999,cross_scene_smooth_ap,256.0,256.0,0.7849960923194885,0.0,0.7871174812316895,0.0,0.785963773727417,0.0,0.7860982418060303,0.0,0.788266658782959,0.0,0.7864827513694763,0.0,0.7878382205963135,0.0
overfit_control,63,1,0.5898123979568481,cross_scene_smooth_ap,256.0,256.0,0.7849720120429993,0.0,0.7882934212684631,0.0,0.7858952879905701,0.0,0.7863417863845825,0.0,0.7874795198440552,0.0,0.787291407585144,0.0,0.7875308990478516,0.0
overfit_control,64,1,0.5898711681365967,cross_scene_smooth_ap,256.0,256.0,0.7850398421287537,0.0,0.7890111207962036,0.0,0.7858229875564575,0.0,0.7864682674407959,0.0,0.7870006561279297,0.0,0.7877936959266663,0.0,0.7872378826141357,0.0
overfit_control,65,1,0.5898692607879639,cross_scene_smooth_ap,256.0,256.0,0.7851380109786987,0.0,0.7890687584877014,0.0,0.7857472896575928,0.0,0.7864442467689514,0.0,0.7869024872779846,0.0,0.7878317832946777,0.0,0.7870229482650757,0.0
overfit_control,66,1,0.5897799730300903,cross_scene_smooth_ap,256.0,256.0,0.7851605415344238,0.0,0.7884976863861084,0.0,0.7856900691986084,0.0,0.7862599492073059,0.0,0.7870622873306274,0.0,0.7874932289123535,0.0,0.7868746519088745,0.0
overfit_control,67,1,0.5895979404449463,cross_scene_smooth_ap,256.0,256.0,0.78505939245224,0.0,0.7874994277954102,0.0,0.7856365442276001,0.0,0.7859046459197998,0.0,0.7872849702835083,0.0,0.7869064807891846,0.0,0.7867653965950012,0.0
overfit_control,68,1,0.5893661379814148,cross_scene_smooth_ap,256.0,256.0,0.7848485708236694,0.0,0.7864170670509338,0.0,0.7856019139289856,0.0,0.7854923009872437,0.0,0.7874228954315186,0.0,0.7862427830696106,0.0,0.7866708636283875,0.0
overfit_control,69,1,0.5891268849372864,cross_scene_smooth_ap,256.0,256.0,0.7845841646194458,0.0,0.785459578037262,0.0,0.7855837345123291,0.0,0.7851283550262451,0.0,0.787369966506958,0.0,0.7856383323669434,0.0,0.7865901589393616,0.0
overfit_control,70,1,0.5889372825622559,cross_scene_smooth_ap,256.0,256.0,0.7843695282936096,0.0,0.7848194241523743,0.0,0.7855749130249023,0.0,0.7848803997039795,0.0,0.7871826887130737,0.0,0.7851681709289551,0.0,0.7865131497383118,0.0
overfit_control,71,1,0.5888309478759766,cross_scene_smooth_ap,256.0,256.0,0.7842790484428406,0.0,0.7845391631126404,0.0,0.7855674624443054,0.0,0.7847757339477539,0.0,0.7869439721107483,0.0,0.7848697900772095,0.0,0.7864383459091187,0.0
overfit_control,72,1,0.5887988805770874,cross_scene_smooth_ap,256.0,256.0,0.784286618232727,0.0,0.78458172082901,0.0,0.7855623960494995,0.0,0.7847506403923035,0.0,0.7867056131362915,0.0,0.784750759601593,0.0,0.7863752841949463,0.0
overfit_control,73,1,0.5888081192970276,cross_scene_smooth_ap,256.0,256.0,0.7843042016029358,0.0,0.784830629825592,0.0,0.7855275273323059,0.0,0.784752368927002,0.0,0.7865363955497742,0.0,0.7847825288772583,0.0,0.7863549590110779,0.0
overfit_control,74,1,0.5888241529464722,cross_scene_smooth_ap,256.0,256.0,0.7842901945114136,0.0,0.7851483225822449,0.0,0.7854840755462646,0.0,0.784753143787384,0.0,0.7863971590995789,0.0,0.7849005460739136,0.0,0.7863354682922363,0.0
overfit_control,75,1,0.5888235569000244,cross_scene_smooth_ap,256.0,256.0,0.7842227220535278,0.0,0.7854277491569519,0.0,0.785429060459137,0.0,0.7847456336021423,0.0,0.7862693071365356,0.0,0.7850459218025208,0.0,0.7862969040870667,0.0
overfit_control,76,1,0.5888037085533142,cross_scene_smooth_ap,256.0,256.0,0.7841404676437378,0.0,0.7855815887451172,0.0,0.7853646278381348,0.0,0.7847246527671814,0.0,0.786158561706543,0.0,0.7851593494415283,0.0,0.7862342000007629,0.0
overfit_control,77,1,0.588762640953064,cross_scene_smooth_ap,256.0,256.0,0.7840583920478821,0.0,0.7855720520019531,0.0,0.7853014469146729,0.0,0.7847034335136414,0.0,0.7860543131828308,0.0,0.785195529460907,0.0,0.7861487865447998,0.0
overfit_control,78,1,0.5887118577957153,cross_scene_smooth_ap,256.0,256.0,0.7840073108673096,0.0,0.7854166030883789,0.0,0.7852461934089661,0.0,0.7846877574920654,0.0,0.785960853099823,0.0,0.7851473689079285,0.0,0.7860610485076904,0.0
overfit_control,79,1,0.5886537432670593,cross_scene_smooth_ap,256.0,256.0,0.7839871644973755,0.0,0.7851439118385315,0.0,0.7852010130882263,0.0,0.784656286239624,0.0,0.7858988046646118,0.0,0.7850144505500793,0.0,0.7859690189361572,0.0
overfit_control,80,1,0.5885929465293884,cross_scene_smooth_ap,256.0,256.0,0.7839775085449219,0.0,0.7848305702209473,0.0,0.7851755023002625,0.0,0.7846053838729858,0.0,0.7858709096908569,0.0,0.7848317623138428,0.0,0.7858686447143555,0.0
overfit_control,81,1,0.5885336399078369,cross_scene_smooth_ap,256.0,256.0,0.7839729189872742,0.0,0.7845303416252136,0.0,0.7851572632789612,0.0,0.7845370173454285,0.0,0.7858644723892212,0.0,0.7846236228942871,0.0,0.7857716083526611,0.0
overfit_control,82,1,0.5884831547737122,cross_scene_smooth_ap,256.0,256.0,0.7839425206184387,0.0,0.7843197584152222,0.0,0.7851589322090149,0.0,0.7844549417495728,0.0,0.7858619689941406,0.0,0.7844582796096802,0.0,0.7857166528701782,0.0
overfit_control,83,1,0.5884459614753723,cross_scene_smooth_ap,256.0,256.0,0.7838977575302124,0.0,0.7842225432395935,0.0,0.7851665616035461,0.0,0.7843813896179199,0.0,0.7858411073684692,0.0,0.7843436598777771,0.0,0.7857024669647217,0.0
overfit_control,84,1,0.5884265899658203,cross_scene_smooth_ap,256.0,256.0,0.7838542461395264,0.0,0.7842229604721069,0.0,0.785176157951355,0.0,0.7843255996704102,0.0,0.7858182191848755,0.0,0.7842909693717957,0.0,0.7857226133346558,0.0
overfit_control,85,1,0.5884190201759338,cross_scene_smooth_ap,256.0,256.0,0.7838156223297119,0.0,0.7842984199523926,0.0,0.7851742506027222,0.0,0.7842923402786255,0.0,0.785753071308136,0.0,0.7843199372291565,0.0,0.7857429385185242,0.0
overfit_control,86,1,0.5884144306182861,cross_scene_smooth_ap,256.0,256.0,0.7837904691696167,0.0,0.7843925356864929,0.0,0.78515625,0.0,0.7842750549316406,0.0,0.7856745719909668,0.0,0.7843582630157471,0.0,0.78574538230896,0.0
overfit_control,87,1,0.5884042978286743,cross_scene_smooth_ap,256.0,256.0,0.7837646007537842,0.0,0.7844562530517578,0.0,0.7851167917251587,0.0,0.7842727303504944,0.0,0.7855873107910156,0.0,0.7844026684761047,0.0,0.7857221961021423,0.0
overfit_control,88,1,0.5883927345275879,cross_scene_smooth_ap,256.0,256.0,0.7837616205215454,0.0,0.7844743132591248,0.0,0.7850714921951294,0.0,0.7842729091644287,0.0,0.7855069637298584,0.0,0.7844188809394836,0.0,0.7856832146644592,0.0
overfit_control,89,1,0.5883662700653076,cross_scene_smooth_ap,256.0,256.0,0.7837409973144531,0.0,0.7844300270080566,0.0,0.7850154042243958,0.0,0.7842673063278198,0.0,0.7854433655738831,0.0,0.7843904495239258,0.0,0.7856251001358032,0.0
overfit_control,90,1,0.5883361101150513,cross_scene_smooth_ap,256.0,256.0,0.7837328314781189,0.0,0.7843290567398071,0.0,0.7849719524383545,0.0,0.7842439413070679,0.0,0.7854030132293701,0.0,0.7843266725540161,0.0,0.785560131072998,0.0
overfit_control,91,1,0.5883055925369263,cross_scene_smooth_ap,256.0,256.0,0.7837193012237549,0.0,0.7842233180999756,0.0,0.7849369645118713,0.0,0.7842187881469727,0.0,0.7853950262069702,0.0,0.7842431664466858,0.0,0.7854915857315063,0.0
overfit_control,92,1,0.5882795453071594,cross_scene_smooth_ap,256.0,256.0,0.7837074995040894,0.0,0.7841232419013977,0.0,0.7849094867706299,0.0,0.7841907143592834,0.0,0.7853983640670776,0.0,0.7841800451278687,0.0,0.7854301333427429,0.0
overfit_control,93,1,0.5882618427276611,cross_scene_smooth_ap,256.0,256.0,0.7836979031562805,0.0,0.784064531326294,0.0,0.784902036190033,0.0,0.7841617465019226,0.0,0.7853970527648926,0.0,0.7841290235519409,0.0,0.7853937149047852,0.0
overfit_control,94,1,0.5882501602172852,cross_scene_smooth_ap,256.0,256.0,0.7836862802505493,0.0,0.7840368151664734,0.0,0.7849062085151672,0.0,0.7841346859931946,0.0,0.7853893041610718,0.0,0.7841089367866516,0.0,0.7853672504425049,0.0
overfit_control,95,1,0.5882428288459778,cross_scene_smooth_ap,256.0,256.0,0.7836698293685913,0.0,0.7840452194213867,0.0,0.7849076390266418,0.0,0.78411865234375,0.0,0.7853662371635437,0.0,0.7841078639030457,0.0,0.7853585481643677,0.0
overfit_control,96,1,0.5882352590560913,cross_scene_smooth_ap,256.0,256.0,0.783652663230896,0.0,0.7840573787689209,0.0,0.784905195236206,0.0,0.7841051816940308,0.0,0.7853269577026367,0.0,0.7841122150421143,0.0,0.7853581309318542,0.0
overfit_control,97,1,0.5882267951965332,cross_scene_smooth_ap,256.0,256.0,0.7836401462554932,0.0,0.784075140953064,0.0,0.7848895192146301,0.0,0.7840960025787354,0.0,0.7852776050567627,0.0,0.7841109037399292,0.0,0.7853519320487976,0.0
overfit_control,98,1,0.5882174968719482,cross_scene_smooth_ap,256.0,256.0,0.7836318016052246,0.0,0.7840828895568848,0.0,0.7848644256591797,0.0,0.7840861082077026,0.0,0.7852340936660767,0.0,0.7841079235076904,0.0,0.7853391766548157,0.0
overfit_control,99,1,0.5882067680358887,cross_scene_smooth_ap,256.0,256.0,0.7836295366287231,0.0,0.7840734720230103,0.0,0.7848338484764099,0.0,0.784077525138855,0.0,0.7851910591125488,0.0,0.7840901613235474,0.0,0.7853261232376099,0.0
overfit_control,100,1,0.588193416595459,cross_scene_smooth_ap,256.0,256.0,0.7836282849311829,0.0,0.7840436100959778,0.0,0.7847986817359924,0.0,0.7840622067451477,0.0,0.7851646542549133,0.0,0.784074068069458,0.0,0.7852929830551147,0.0
