fold,protocol,stratum,cases,triplets,comparison,view,output,before_margin_mean,after_margin_mean,absolute_margin_change_mean,margin_decreased_count,lost_correct_count,repaired_count,before_nonpositive_count,after_nonpositive_count,before_hinge_mean,after_hinge_mean,before_hinge_positive_count,after_hinge_positive_count,reliable_original_and_style_count,stable_lost_correct_count,stable_hinge_violated_count,stable_lost_correct_rate,stable_hinge_violated_rate
all_separate_model_coordinates,identity,all,1680,42147840,initial_to_control,original,baseline_only,0.5194770514517858,0.5194770514517858,0.0,0,0,0,16,16,0.00019562134509966666,0.00019562134509966666,200476,200476,41947364,0,0,0.0,0.0
all_separate_model_coordinates,identity,all,1680,42147840,initial_to_control,original,fused,0.6566804937970475,0.6641644766465434,0.02527654145362201,16980935,0,4,4,0,3.826825407404107e-05,1.303542778339105e-05,40785,15506,42003765,0,1053,0.0,2.5069181298390753e-05
all_separate_model_coordinates,identity,all,1680,42147840,initial_to_control,original,cnn,0.6552344877253636,0.6582261097631068,0.028736941895481486,19680575,0,5,5,0,6.661220574452773e-05,1.891031915207088e-05,67178,22695,41972979,0,1890,0.0,4.502896970929798e-05
all_separate_model_coordinates,identity,all,1680,42147840,initial_to_control,original,transformer,0.6596541062148871,0.6715532078479679,0.03727286423432294,16733390,0,5,5,0,2.5473722496527244e-05,9.560993816949906e-06,27030,11187,41982983,0,1975,0.0,4.704286972652705e-05
all_separate_model_coordinates,identity,all,1680,42147840,initial_to_control,original,mamba,0.6551528864634919,0.6627141104443516,0.029788648097262074,17578566,1,2,4,3,7.24554237854584e-05,2.6964482693034558e-05,71725,29918,41957658,0,2649,0.0,6.313507774909648e-05
all_separate_model_coordinates,identity,all,1680,42147840,initial_to_control,original,cnn_RGB_residual,0.7992280039560171,0.800343951715599,0.08742219721709463,20801741,10911,31950,56473,35434,0.00260858240973964,0.0019036820982379946,1004156,781748,39882028,90,154849,2.256655554226079e-06,0.003882676176848379
all_separate_model_coordinates,identity,all,1680,42147840,initial_to_control,original,cnn_NI_residual,0.7566821359458321,0.7524649536514767,0.08789903348201389,21717804,18108,50603,85554,53059,0.004011168469127019,0.0029725030121602707,1528170,1221257,39087183,109,248135,2.788637902096961e-06,0.0063482446407048575
all_separate_model_coordinates,identity,all,1680,42147840,initial_to_control,original,cnn_TI_residual,0.8170657362295441,0.8381167003401481,0.08620324040594186,17701065,7442,36072,61360,32730,0.002875956218406239,0.0018008953854055229,1081243,722862,40483443,1,93029,2.47014563459931e-08,0.002297951782411392
all_separate_model_coordinates,identity,all,1680,42147840,initial_to_control,original,transformer_RGB_residual,0.8083523623465082,0.8289163361372565,0.11654418747257875,18651770,16749,18048,35164,33865,0.0015887176194378685,0.00145634752550018,624732,550215,39597301,967,171171,2.442085636089187e-05,0.004322794626835804
all_separate_model_coordinates,identity,all,1680,42147840,initial_to_control,original,transformer_NI_residual,0.7679686908959268,0.7799484084203929,0.11505709207020573,19576683,30016,33689,61712,58039,0.0027773627412862926,0.002523010465790719,1066781,949076,38856496,1364,291513,3.510352554692528e-05,0.007502297685308526
all_separate_model_coordinates,identity,all,1680,42147840,initial_to_control,original,transformer_TI_residual,0.8231725253551292,0.8620234633972421,0.10834646946925869,16266104,9721,24868,42728,27581,0.001951379553419705,0.0013267752764869877,741994,507838,40696971,81,103252,1.9903201149785815e-06,0.0025370929939724507
all_separate_model_coordinates,identity,all,1680,42147840,initial_to_control,original,mamba_RGB_residual,0.7954595079120568,0.8117211503520264,0.08803556247269366,18399925,13883,30585,59819,43117,0.0027174297247462694,0.0020366779387138425,1033939,794407,39769480,98,146757,2.464201191466421e-06,0.0036901915740411993
all_separate_model_coordinates,identity,all,1680,42147840,initial_to_control,original,mamba_NI_residual,0.7544041359852585,0.7587349504869337,0.09177843123943435,20575586,21204,54875,96056,62385,0.004240483769092862,0.0031596046835932036,1580430,1248077,38917191,108,246918,2.7751232096890034e-06,0.006344702524907309
all_separate_model_coordinates,identity,all,1680,42147840,initial_to_control,original,mamba_TI_residual,0.8226226262407563,0.8473975204921599,0.08546378088939935,17187008,10179,33379,62330,39130,0.0027998021219502595,0.0019150561397909191,1036430,738285,40510724,23,105205,5.677508997370672e-07,0.0025969666698625283
all_separate_model_coordinates,identity,all,1680,42147840,initial_to_control,original,pure_bank,0.793883958987726,0.8088519245418215,0.05055308337846959,16980942,0,2,2,0,1.8757986184583754e-05,3.4438763305788675e-06,18596,3777,41830385,0,655,0.0,1.5658474097238167e-05
all_separate_model_coordinates,identity,all,1680,42147840,initial_to_control,original,pure_cnn,0.7909919567485166,0.7969752002430965,0.05747388562623382,19680573,0,28,28,0,6.421492116637581e-05,9.913696492251141e-06,55989,10495,41773284,0,2107,0.0,5.0438936043429095e-05
all_separate_model_coordinates,identity,all,1680,42147840,initial_to_control,original,pure_transformer,0.7998311933054802,0.8236293973258412,0.07454573104054257,16733397,0,5,5,0,1.3137101192557778e-05,2.9929738440575398e-06,12747,3233,41642436,0,1192,0.0,2.8624646262288786e-05
all_separate_model_coordinates,identity,all,1680,42147840,initial_to_control,original,pure_mamba,0.7908287532186293,0.8059512018881777,0.05957729811363007,17578576,2,61,65,6,7.086797030457249e-05,1.5908695991903044e-05,58524,15473,41736249,0,2946,0.0,7.058612286887593e-05
all_separate_model_coordinates,identity,all,1680,42147840,initial_to_control,registered_style,baseline_only,0.5194770514517858,0.5194770514517858,0.0,0,0,0,16,16,0.00019562134509966666,0.00019562134509966666,200476,200476,41947364,0,0,0.0,0.0
all_separate_model_coordinates,identity,all,1680,42147840,initial_to_control,registered_style,fused,0.6346625919647001,0.6529350120092802,0.03210375108885761,13421571,0,45,46,1,0.00015159496722904272,2.1149038996251822e-05,142098,25340,42003765,0,1389,0.0,3.306846421981458e-05
all_separate_model_coordinates,identity,all,1680,42147840,initial_to_control,registered_style,cnn,0.6363510837150622,0.647950125333292,0.03295140465144479,16660461,1,66,68,3,0.00019039616371463062,2.782436358659e-05,171197,33496,41972979,0,2528,0.0,6.02292250926483e-05
all_separate_model_coordinates,identity,all,1680,42147840,initial_to_control,registered_style,transformer,0.6326866497473266,0.6586389280352544,0.045699387758986014,13357405,3,62,62,3,0.00017809396716374202,1.8225353085691963e-05,163178,21176,41982983,0,2924,0.0,6.964726636980511e-05
all_separate_model_coordinates,identity,all,1680,42147840,initial_to_control,registered_style,mamba,0.6349500414999812,0.6522159809819706,0.035422879123645855,14586053,1,99,106,8,0.00021015989933839297,4.1310340585342585e-05,186381,45538,41957658,0,3470,0.0,8.27024234765439e-05
all_separate_model_coordinates,identity,all,1680,42147840,initial_to_control,registered_style,cnn_RGB_residual,0.7551251130212066,0.7768806837415062,0.09857404738911864,18475447,13760,173544,219539,59755,0.00697028386642856,0.0029566690858257943,2192112,1160756,39882028,131,203153,3.2846875289290704e-06,0.005093848286752118
all_separate_model_coordinates,identity,all,1680,42147840,initial_to_control,registered_style,cnn_NI_residual,0.7127518885992129,0.7296641720770372,0.09821089253458114,19247643,23453,228033,291495,86915,0.009367481863933467,0.004431079769052784,2944877,1735677,39087183,170,321596,4.349251773912692e-06,0.008227658667548389
all_separate_model_coordinates,identity,all,1680,42147840,initial_to_control,registered_style,cnn_TI_residual,0.7917984456523277,0.8227248408599891,0.09238831602175954,16587272,9025,83886,119308,44447,0.004609332920818181,0.0023200016624555283,1589678,908267,40483443,41,115657,1.012759710185717e-06,0.0028568963366085243
all_separate_model_coordinates,identity,all,1680,42147840,initial_to_control,registered_style,transformer_RGB_residual,0.7441758075989706,0.7998155347383336,0.1363011911746537,15894720,23796,264780,307280,66296,0.008679985938750537,0.0026552695234886067,2499227,955735,39597301,1224,230678,3.091119771016716e-05,0.00582559907302773
all_separate_model_coordinates,identity,all,1680,42147840,initial_to_control,registered_style,transformer_NI_residual,0.7050625306191284,0.7505732987661821,0.132226301872774,16781182,41376,300704,365527,106199,0.010824183143962702,0.004278239205360864,3203513,1529831,38856496,1928,387257,4.96184730604633e-05,0.009966338704344314
all_separate_model_coordinates,identity,all,1680,42147840,initial_to_control,registered_style,transformer_TI_residual,0.7884504965951818,0.8430136928127112,0.11829001788705505,14909021,12647,81904,110980,41723,0.004087745838878697,0.001864662454957644,1396870,693801,40696971,145,134514,3.5629187243443743e-06,0.003305258270941098
all_separate_model_coordinates,identity,all,1680,42147840,initial_to_control,registered_style,mamba_RGB_residual,0.7490644474310603,0.7885986803737203,0.10303612687021739,16132780,18029,188449,242601,72181,0.007482311344152762,0.003158026490015187,2302950,1175007,39769480,168,191868,4.2243448996567214e-06,0.00482450361432938
all_separate_model_coordinates,identity,all,1680,42147840,initial_to_control,registered_style,mamba_NI_residual,0.7077533947556868,0.7357614909010601,0.10532061794764666,18041490,28396,255580,331482,104298,0.010185140559801058,0.004747606693411436,3113214,1776421,38917191,262,320180,6.7322433420233235e-06,0.008227212493316899
all_separate_model_coordinates,identity,all,1680,42147840,initial_to_control,registered_style,mamba_TI_residual,0.7944513539339344,0.8305046701674972,0.09298653809371744,15970285,12870,80492,122531,54909,0.004591049691533164,0.002513053132330618,1566849,942460,40510724,33,133323,8.145991170140529e-07,0.0032910544872019566
all_separate_model_coordinates,identity,all,1680,42147840,initial_to_control,registered_style,pure_bank,0.7498481545507955,0.7863929947172662,0.06420750312438646,13421583,1,1437,1445,9,0.0004734848592140976,1.738555894126166e-05,315997,17540,41830385,0,1503,0.0,3.593081918801369e-05
all_separate_model_coordinates,identity,all,1680,42147840,initial_to_control,registered_style,pure_cnn,0.7532251469455711,0.7764232305953224,0.0659028115012879,16660460,5,2514,2535,26,0.0005881861861325706,3.1984425874424366e-05,370268,31919,41773284,0,4189,0.0,0.00010027940345796131
all_separate_model_coordinates,identity,all,1680,42147840,initial_to_control,registered_style,pure_transformer,0.7458962786808663,0.7978008367584021,0.09139877838911065,13357404,9,3170,3180,19,0.0008186895860784817,2.0828140158168462e-05,504120,20055,41642436,0,3544,0.0,8.510549190734182e-05
all_separate_model_coordinates,identity,all,1680,42147840,initial_to_control,registered_style,pure_mamba,0.750423062120004,0.7849549421051697,0.07084576039902754,14586061,5,2896,2935,44,0.0006601383975767678,5.157110329450668e-05,407268,46437,41736249,0,5748,0.0,0.00013772200755271513
all_separate_model_coordinates,identity,all,1680,42147840,initial_to_bounded,original,baseline_only,0.5194770514517858,0.5194770514517858,0.0,0,0,0,16,16,0.00019562134509966666,0.00019562134509966666,200476,200476,41947364,0,0,0.0,0.0
all_separate_model_coordinates,identity,all,1680,42147840,initial_to_bounded,original,fused,0.6566804937970475,0.6270383104029268,0.03542064932534006,35116142,0,4,4,0,3.826825407404107e-05,1.7059413440975117e-05,40785,20612,42003765,0,2145,0.0,5.10668507930182e-05
all_separate_model_coordinates,identity,all,1680,42147840,initial_to_bounded,original,cnn,0.6552344877253636,0.6534640816530971,0.028644362227635157,21905607,0,5,5,0,6.661220574452773e-05,1.9717815422912394e-05,67178,23679,41972979,0,2000,0.0,4.7649703396082513e-05
all_separate_model_coordinates,identity,all,1680,42147840,initial_to_bounded,original,transformer,0.6596541062148871,0.6574084605996502,0.03553151679655983,22064408,0,5,5,0,2.5473722496527244e-05,1.0139413697165597e-05,27030,11924,41982983,0,2163,0.0,5.152087454100153e-05
all_separate_model_coordinates,identity,all,1680,42147840,initial_to_bounded,original,mamba,0.6551528864634919,0.6594869994151301,0.02969198880805536,19106688,0,3,4,1,7.24554237854584e-05,2.7652593174815092e-05,71725,30585,41957658,0,2838,0.0,6.76396189701532e-05
all_separate_model_coordinates,identity,all,1680,42147840,initial_to_bounded,original,cnn_RGB_residual,0.7992280039560171,0.7892383770687176,0.08672147659591004,22483633,10762,32029,56473,35206,0.00260858240973964,0.0019197453668661343,1004156,791721,39882028,78,157292,1.9557681469959352e-06,0.003943931838170316
all_separate_model_coordinates,identity,all,1680,42147840,initial_to_bounded,original,cnn_NI_residual,0.7566821359458321,0.7427496435441422,0.0878261189903931,23192706,17388,50868,85554,52074,0.004011168469127019,0.0029665734878464543,1528170,1225249,39087183,81,247542,2.0722905510995765e-06,0.006333073427164091
all_separate_model_coordinates,identity,all,1680,42147840,initial_to_bounded,original,cnn_TI_residual,0.8170657362295441,0.8303654161279579,0.08555832637742733,18936021,6865,36593,61360,31632,0.002875956218406239,0.0017861373293355596,1081243,722107,40483443,3,91806,7.41043690379793e-08,0.0022677419013002425
all_separate_model_coordinates,identity,all,1680,42147840,initial_to_bounded,original,transformer_RGB_residual,0.8083523623465082,0.7989529182933259,0.11229490456114306,22157706,16304,18382,35164,33086,0.0015887176194378685,0.0014818428046989417,624732,573282,39597301,958,181173,2.4193568142434757e-05,0.00457538760028114
all_separate_model_coordinates,identity,all,1680,42147840,initial_to_bounded,original,transformer_NI_residual,0.7679686908959268,0.7455256295422901,0.11207231705223822,23713506,28069,33929,61712,55852,0.0027773627412862926,0.0025517847375356446,1066781,983324,38856496,1163,301499,2.993064531603673e-05,0.007759294610610283
all_separate_model_coordinates,identity,all,1680,42147840,initial_to_bounded,original,transformer_TI_residual,0.8231725253551292,0.8415411728728188,0.10751154677459224,18936160,9276,25652,42728,26352,0.001951379553419705,0.001312964432909422,741994,512883,40696971,101,110133,2.481757180405392e-06,0.002706171916332545
all_separate_model_coordinates,identity,all,1680,42147840,initial_to_bounded,original,mamba_RGB_residual,0.7954595079120568,0.8055872904308498,0.0886029944080635,19415721,13117,30802,59819,42134,0.0027174297247462694,0.0020316416308806414,1033939,797203,39769480,89,147673,2.2378970004133825e-06,0.0037132243117083755
all_separate_model_coordinates,identity,all,1680,42147840,initial_to_bounded,original,mamba_NI_residual,0.7544041359852585,0.7520778016754868,0.09344281680836039,21650895,20554,56110,96056,60500,0.004240483769092862,0.003110716533007215,1580430,1236853,38917191,95,246587,2.441080601115327e-06,0.006336197286181317
all_separate_model_coordinates,identity,all,1680,42147840,initial_to_bounded,original,mamba_TI_residual,0.8226226262407563,0.8408258616983227,0.08513820736063307,18063864,10047,33595,62330,38782,0.0027998021219502595,0.0019198825038493055,1036430,741772,40510724,59,105489,1.4564044819342157e-06,0.0026039771592331947
all_separate_model_coordinates,identity,all,1680,42147840,initial_to_bounded,original,pure_bank,0.793883958987726,0.7940960003364096,0.04912031742835084,21018826,0,2,2,0,1.8757986184583754e-05,3.6295142875911184e-06,18596,3961,41830385,0,676,0.0,1.616050151104275e-05
all_separate_model_coordinates,identity,all,1680,42147840,initial_to_bounded,original,pure_cnn,0.7909919567485166,0.787451144027403,0.05728872633922013,21905602,0,27,28,1,6.421492116637581e-05,1.0509682983355137e-05,55989,11135,41773284,0,2228,0.0,5.333552420729e-05
all_separate_model_coordinates,identity,all,1680,42147840,initial_to_bounded,original,pure_transformer,0.7998311933054802,0.7953399016681273,0.07106303595224563,22064416,0,5,5,0,1.3137101192557778e-05,3.096479955193395e-06,12747,3509,41642436,0,1257,0.0,3.018555398632299e-05
all_separate_model_coordinates,identity,all,1680,42147840,initial_to_bounded,original,pure_mamba,0.7908287532186293,0.7994969797578237,0.05938397971827156,19106699,0,60,65,5,7.086797030457249e-05,1.6454656597563052e-05,58524,15890,41736249,0,3201,0.0,7.669591965487842e-05
all_separate_model_coordinates,identity,all,1680,42147840,initial_to_bounded,registered_style,baseline_only,0.5194770514517858,0.5194770514517858,0.0,0,0,0,16,16,0.00019562134509966666,0.00019562134509966666,200476,200476,41947364,0,0,0.0,0.0
all_separate_model_coordinates,identity,all,1680,42147840,initial_to_bounded,registered_style,fused,0.6346625919647001,0.6167790678942543,0.034149743693261014,29871529,0,45,46,1,0.00015159496722904272,2.7108596469913515e-05,142098,32924,42003765,0,2761,0.0,6.573220281562855e-05
all_separate_model_coordinates,identity,all,1680,42147840,initial_to_bounded,registered_style,cnn,0.6363510837150622,0.6434255596723486,0.03228636001296902,18612364,0,66,68,2,0.00019039616371463062,2.8971555153866505e-05,171197,34808,41972979,0,2675,0.0,6.373147829226036e-05
all_separate_model_coordinates,identity,all,1680,42147840,initial_to_bounded,registered_style,transformer,0.6326866497473266,0.6447291494052311,0.04157525918183277,17864856,3,62,62,3,0.00017809396716374202,1.9266642353965915e-05,163178,22490,41982983,0,3163,0.0,7.534004908607852e-05
all_separate_model_coordinates,identity,all,1680,42147840,initial_to_bounded,registered_style,mamba,0.6349500414999812,0.649037108153889,0.03491830418877154,15955407,0,101,106,5,0.00021015989933839297,4.245697735018707e-05,186381,46669,41957658,0,3712,0.0,8.847014292361123e-05
all_separate_model_coordinates,identity,all,1680,42147840,initial_to_bounded,registered_style,cnn_RGB_residual,0.7551251130212066,0.7663708811583715,0.09692863338843632,19952196,13668,173373,219539,59834,0.00697028386642856,0.0029773276579697313,2192112,1170698,39882028,122,205037,3.0590219735064624e-06,0.00514108760968725
all_separate_model_coordinates,identity,all,1680,42147840,initial_to_bounded,registered_style,cnn_NI_residual,0.7127518885992129,0.7204286135058142,0.0972839897032768,20570015,22586,228481,291495,85600,0.009367481863933467,0.0044206882495583695,2944877,1739661,39087183,151,319964,3.863158928593038e-06,0.008185905850518826
all_separate_model_coordinates,identity,all,1680,42147840,initial_to_bounded,registered_style,cnn_TI_residual,0.7917984456523277,0.8153228084802983,0.09156422630404153,17733607,8273,84603,119308,42978,0.004609332920818181,0.0023037533797790237,1589678,908656,40483443,18,114962,4.446262142278758e-07,0.002839728824448059
all_separate_model_coordinates,identity,all,1680,42147840,initial_to_bounded,registered_style,transformer_RGB_residual,0.7441758075989706,0.7706019765860788,0.12843692406692342,18974169,22487,264741,307280,65026,0.008679985938750537,0.002721061024650269,2499227,1000716,39597301,1206,243513,3.0456621273252944e-05,0.006149737326794066
all_separate_model_coordinates,identity,all,1680,42147840,initial_to_bounded,registered_style,transformer_NI_residual,0.7050625306191284,0.716927768205354,0.12481625622001999,20452508,39153,299580,365527,105100,0.010824183143962702,0.00439471446856871,3203513,1601520,38856496,1638,405042,4.2155113523360416e-05,0.010424048529749054
all_separate_model_coordinates,identity,all,1680,42147840,initial_to_bounded,registered_style,transformer_TI_residual,0.7884504965951818,0.8224141066639805,0.11563748764760909,17441128,12654,83298,110980,40336,0.004087745838878697,0.001860073876517166,1396870,705780,40696971,196,145909,4.816083241182741e-06,0.003585254538968023
all_separate_model_coordinates,identity,all,1680,42147840,initial_to_bounded,registered_style,mamba_RGB_residual,0.7490644474310603,0.782577024624632,0.1030946615313626,17060971,17556,188858,242601,71299,0.007482311344152762,0.0031562316424371202,2302950,1179898,39769480,155,194411,3.897461068135666e-06,0.0048884471207569224
all_separate_model_coordinates,identity,all,1680,42147840,initial_to_bounded,registered_style,mamba_NI_residual,0.7077533947556868,0.7291468352144096,0.10622092127038954,19040721,27690,257984,331482,101188,0.010185140559801058,0.004677052330576475,3113214,1762923,38917191,275,321923,7.0662859505969995e-06,0.008271999898451047
all_separate_model_coordinates,identity,all,1680,42147840,initial_to_bounded,registered_style,mamba_TI_residual,0.7944513539339344,0.8240677448256023,0.09250802111975982,16809328,12790,80630,122531,54691,0.004591049691533164,0.0025181372565355143,1566849,946476,40510724,63,134171,1.5551437688450101e-06,0.003311987216027045
all_separate_model_coordinates,identity,all,1680,42147840,initial_to_bounded,registered_style,pure_bank,0.7498481545507955,0.7719841837326445,0.06028547565616322,16793146,0,1436,1445,9,0.0004734848592140976,1.808222986297687e-05,315997,18303,41830385,0,1569,0.0,3.750861963139952e-05
all_separate_model_coordinates,identity,all,1680,42147840,initial_to_bounded,registered_style,pure_cnn,0.7532251469455711,0.7673740992255542,0.06457272200002916,18612367,2,2515,2535,22,0.0005881861861325706,3.363381934324052e-05,370268,33386,41773284,0,4476,0.0,0.0001071498233176975
all_separate_model_coordinates,identity,all,1680,42147840,initial_to_bounded,registered_style,pure_transformer,0.7458962786808663,0.7699812786441068,0.08315052087424138,17864864,8,3178,3180,10,0.0008186895860784817,2.2753934460183353e-05,504120,22528,41642436,0,4093,0.0,9.828915868418456e-05
all_separate_model_coordinates,identity,all,1680,42147840,initial_to_bounded,registered_style,pure_mamba,0.750423062120004,0.7785971968879287,0.06983661083346823,15955417,6,2901,2935,40,0.0006601383975767678,5.301217114728675e-05,407268,47822,41736249,0,6247,0.0,0.00014967804126336318
all_separate_model_coordinates,identity,all,1680,42147840,control_to_bounded,original,baseline_only,0.5194770514517858,0.5194770514517858,0.0,0,0,0,16,16,0.00019562134509966666,0.00019562134509966666,200476,200476,41947364,0,0,0.0,0.0
all_separate_model_coordinates,identity,all,1680,42147840,control_to_bounded,original,fused,0.6641644766465434,0.6270383104029268,0.037179318419047404,41931404,0,0,0,0,1.303542778339105e-05,1.7059413440975117e-05,15506,20612,42121471,0,4293,0.0,0.00010191951748313823
all_separate_model_coordinates,identity,all,1680,42147840,control_to_bounded,original,cnn,0.6582261097631068,0.6534640816530971,0.009064275762236085,28726527,0,0,0,0,1.891031915207088e-05,1.9717815422912394e-05,22695,23679,42112440,0,2245,0.0,5.3309663367878946e-05
all_separate_model_coordinates,identity,all,1680,42147840,control_to_bounded,original,transformer,0.6715532078479679,0.6574084605996502,0.02180428216677272,30927079,0,0,0,0,9.560993816949906e-06,1.0139413697165597e-05,11187,11924,42125768,0,2183,0.0,5.182101368454576e-05
all_separate_model_coordinates,identity,all,1680,42147840,control_to_bounded,original,mamba,0.6627141104443516,0.6594869994151301,0.00966368802092848,25670615,0,2,3,1,2.6964482693034558e-05,2.7652593174815092e-05,29918,30585,42100220,0,2634,0.0,6.256499372212307e-05
all_separate_model_coordinates,identity,all,1680,42147840,control_to_bounded,original,cnn_RGB_residual,0.800343951715599,0.7892383770687176,0.026123876088681067,27115150,4400,4628,35434,35206,0.0019036820982379946,0.0019197453668661343,781748,791721,40931811,0,61453,0.0,0.0015013506243347014
all_separate_model_coordinates,identity,all,1680,42147840,control_to_bounded,original,cnn_NI_residual,0.7524649536514767,0.7427496435441422,0.025812243231368937,26387611,6766,7751,53059,52074,0.0029725030121602707,0.0029665734878464543,1221257,1225249,40320696,0,92008,0.0,0.0022819050544167193
all_separate_model_coordinates,identity,all,1680,42147840,control_to_bounded,original,cnn_TI_residual,0.8381167003401481,0.8303654161279579,0.024777161094258378,25462399,3391,4489,32730,31632,0.0018008953854055229,0.0017861373293355596,722862,722107,41186526,0,48246,0.0,0.0011714025115883771
all_separate_model_coordinates,identity,all,1680,42147840,control_to_bounded,original,transformer_RGB_residual,0.8289163361372565,0.7989529182933259,0.06052052182002803,28166530,7324,8103,33865,33086,0.00145634752550018,0.0014818428046989417,550215,573282,41152267,0,95108,0.0,0.0023111241963899585
all_separate_model_coordinates,identity,all,1680,42147840,control_to_bounded,original,transformer_NI_residual,0.7799484084203929,0.7455256295422901,0.06186585763436772,29113623,12271,14458,58039,55852,0.002523010465790719,0.0025517847375356446,949076,983324,40549603,2,157972,4.932230779176802e-08,0.003895771803240589
all_separate_model_coordinates,identity,all,1680,42147840,control_to_bounded,original,transformer_TI_residual,0.8620234633972421,0.8415411728728188,0.06018280461751626,25902003,6210,7439,27581,26352,0.0013267752764869877,0.001312964432909422,507838,512883,41416203,0,81487,0.0,0.001967514984413226
all_separate_model_coordinates,identity,all,1680,42147840,control_to_bounded,original,mamba_RGB_residual,0.8117211503520264,0.8055872904308498,0.027685739128913894,24010398,5161,6144,43117,42134,0.0020366779387138425,0.0020316416308806414,794407,797203,40917884,0,62478,0.0,0.0015269118021841012
all_separate_model_coordinates,identity,all,1680,42147840,control_to_bounded,original,mamba_NI_residual,0.7587349504869337,0.7520778016754868,0.028254390193260582,24500285,7886,9771,62385,60500,0.0031596046835932036,0.003110716533007215,1248077,1236853,40282836,0,94442,0.0,0.002344472469614602
all_separate_model_coordinates,identity,all,1680,42147840,control_to_bounded,original,mamba_TI_residual,0.8473975204921599,0.8408258616983227,0.028820918747076173,24106377,4843,5191,39130,38782,0.0019150561397909191,0.0019198825038493055,738285,741772,41153156,0,54736,0.0,0.0013300559500223992
all_separate_model_coordinates,identity,all,1680,42147840,control_to_bounded,original,pure_bank,0.8088519245418215,0.7940960003364096,0.020382593930625657,32348171,0,0,0,0,3.4438763305788675e-06,3.6295142875911184e-06,3777,3961,42129787,0,523,0.0,1.2414019562928244e-05
all_separate_model_coordinates,identity,all,1680,42147840,control_to_bounded,original,pure_cnn,0.7969752002430965,0.787451144027403,0.018128551972381793,28726534,1,0,0,1,9.913696492251141e-06,1.0509682983355137e-05,10495,11135,42114672,0,1707,0.0,4.053219267622457e-05
all_separate_model_coordinates,identity,all,1680,42147840,control_to_bounded,original,pure_transformer,0.8236293973258412,0.7953399016681273,0.043608565814678736,30927085,0,0,0,0,2.9929738440575398e-06,3.096479955193395e-06,3233,3509,42127367,0,1068,0.0,2.535169121773027e-05
all_separate_model_coordinates,identity,all,1680,42147840,control_to_bounded,original,pure_mamba,0.8059512018881777,0.7994969797578237,0.019327376757270465,25670630,1,2,6,5,1.5908695991903044e-05,1.6454656597563052e-05,15473,15890,42099842,0,2204,0.0,5.23517404174581e-05
all_separate_model_coordinates,identity,all,1680,42147840,control_to_bounded,registered_style,baseline_only,0.5194770514517858,0.5194770514517858,0.0,0,0,0,16,16,0.00019562134509966666,0.00019562134509966666,200476,200476,41947364,0,0,0.0,0.0
all_separate_model_coordinates,identity,all,1680,42147840,control_to_bounded,registered_style,fused,0.6529350120092802,0.6167790678942543,0.036215352825742744,41901167,0,0,1,1,2.1149038996251822e-05,2.7108596469913515e-05,25340,32924,42121471,0,8031,0.0,0.00019066285695482952
all_separate_model_coordinates,identity,all,1680,42147840,control_to_bounded,registered_style,cnn,0.647950125333292,0.6434255596723486,0.008967099278728938,28391192,0,1,3,2,2.782436358659e-05,2.8971555153866505e-05,33496,34808,42112440,0,3963,0.0,9.410520976699522e-05
all_separate_model_coordinates,identity,all,1680,42147840,control_to_bounded,registered_style,transformer,0.6586389280352544,0.6447291494052311,0.02158861889051861,30841031,0,0,3,3,1.8225353085691963e-05,1.9266642353965915e-05,21176,22490,42125768,0,5032,0.0,0.00011945182815420718
all_separate_model_coordinates,identity,all,1680,42147840,control_to_bounded,registered_style,mamba,0.6522159809819706,0.649037108153889,0.00961258392614409,25617479,0,3,8,5,4.1310340585342585e-05,4.245697735018707e-05,45538,46669,42100220,0,5069,0.0,0.00012040317128984124
all_separate_model_coordinates,identity,all,1680,42147840,control_to_bounded,registered_style,cnn_RGB_residual,0.7768806837415062,0.7663708811583715,0.026092424569626373,26780904,7526,7447,59755,59834,0.0029566690858257943,0.0029773276579697313,1160756,1170698,40931811,0,104781,0.0,0.002559891620725015
all_separate_model_coordinates,identity,all,1680,42147840,control_to_bounded,registered_style,cnn_NI_residual,0.7296641720770372,0.7204286135058142,0.025812357955284464,26126703,11174,12489,86915,85600,0.004431079769052784,0.0044206882495583695,1735677,1739661,40320696,0,149857,0.0,0.0037166273121872697
all_separate_model_coordinates,identity,all,1680,42147840,control_to_bounded,registered_style,cnn_TI_residual,0.8227248408599891,0.8153228084802983,0.02483574454876628,25249081,4685,6154,44447,42978,0.0023200016624555283,0.0023037533797790237,908267,908656,41186526,0,70294,0.0,0.0017067232133149565
all_separate_model_coordinates,identity,all,1680,42147840,control_to_bounded,registered_style,transformer_RGB_residual,0.7998155347383336,0.7706019765860788,0.06015783558549111,28036280,14799,16069,66296,65026,0.0026552695234886067,0.002721061024650269,955735,1000716,41152267,7,195275,1.7009998501419132e-07,0.004745182081949458
all_separate_model_coordinates,identity,all,1680,42147840,control_to_bounded,registered_style,transformer_NI_residual,0.7505732987661821,0.716927768205354,0.06145674875886335,28966640,24328,25427,106199,105100,0.004278239205360864,0.00439471446856871,1529831,1601520,40549603,4,302561,9.864461558353605e-08,0.007461503383892562
all_separate_model_coordinates,identity,all,1680,42147840,control_to_bounded,registered_style,transformer_TI_residual,0.8430136928127112,0.8224141066639805,0.06033881600335097,25898304,9479,10866,41723,40336,0.001864662454957644,0.001860073876517166,693801,705780,41416203,0,131005,0.0,0.003163134003375442
all_separate_model_coordinates,identity,all,1680,42147840,control_to_bounded,registered_style,mamba_RGB_residual,0.7885986803737203,0.782577024624632,0.027752253284385776,23967642,8881,9763,72181,71299,0.003158026490015187,0.0031562316424371202,1175007,1179898,40917884,0,108568,0.0,0.0026533141352079693
all_separate_model_coordinates,identity,all,1680,42147840,control_to_bounded,registered_style,mamba_NI_residual,0.7357614909010601,0.7291468352144096,0.028348666052322228,24447886,12943,16053,104298,101188,0.004747606693411436,0.004677052330576475,1776421,1762923,40282836,0,155569,0.0,0.003861917765670719
all_separate_model_coordinates,identity,all,1680,42147840,control_to_bounded,registered_style,mamba_TI_residual,0.8305046701674972,0.8240677448256023,0.028840255117782307,24031281,6881,7099,54909,54691,0.002513053132330618,0.0025181372565355143,942460,946476,41153156,0,82021,0.0,0.0019930670687808246
all_separate_model_coordinates,identity,all,1680,42147840,control_to_bounded,registered_style,pure_bank,0.7863929947172662,0.7719841837326445,0.020114514047267888,32192616,1,1,9,9,1.738555894126166e-05,1.808222986297687e-05,17540,18303,42129787,0,3042,0.0,7.220544457060749e-05
all_separate_model_coordinates,identity,all,1680,42147840,control_to_bounded,registered_style,pure_cnn,0.7764232305953224,0.7673740992255542,0.017934199061637717,28391201,4,8,26,22,3.1984425874424366e-05,3.363381934324052e-05,31919,33386,42114672,0,5908,0.0,0.00014028365221507603
all_separate_model_coordinates,identity,all,1680,42147840,control_to_bounded,registered_style,pure_transformer,0.7978008367584021,0.7699812786441068,0.043177239248468925,30841031,3,12,19,10,2.0828140158168462e-05,2.2753934460183353e-05,20055,22528,42127367,0,7941,0.0,0.00018849979397003377
all_separate_model_coordinates,identity,all,1680,42147840,control_to_bounded,registered_style,pure_mamba,0.7849549421051697,0.7785971968879287,0.019225168413754407,25617484,4,8,44,40,5.157110329450668e-05,5.301217114728675e-05,46437,47822,42099842,0,7873,0.0,0.00018700782772533922
all_separate_model_coordinates,cross_camera,all,1680,3401664,initial_to_control,original,baseline_only,0.46787622963953734,0.46787622963953734,0.0,0,0,0,7,7,0.0005942340970262317,0.0005942340970262317,48698,48698,3352966,0,0,0.0,0.0
all_separate_model_coordinates,cross_camera,all,1680,3401664,initial_to_control,original,fused,0.6064137656911786,0.6159580240163266,0.025333703576948113,1277478,0,4,4,0,0.00010987608123818102,3.635287184490411e-05,9064,3235,3370268,0,163,0.0,4.836410635593371e-05
all_separate_model_coordinates,cross_camera,all,1680,3401664,initial_to_control,original,cnn,0.6060993879663603,0.6117752255304997,0.0297005022718913,1500623,0,4,4,0,0.000184278965027299,5.3700464015780285e-05,14543,4878,3363151,0,352,0.0,0.00010466375134509275
all_separate_model_coordinates,cross_camera,all,1680,3401664,initial_to_control,original,transformer,0.6103581964506102,0.6239023516344895,0.03655651771104108,1279873,0,5,5,0,7.060845551170119e-05,2.6144970542086344e-05,5930,2289,3370755,0,336,0.0,9.968093201671436e-05
all_separate_model_coordinates,cross_camera,all,1680,3401664,initial_to_control,original,mamba,0.6027837121501518,0.6121964925597455,0.02972110566108151,1341133,0,2,3,1,0.00019590115974430397,7.150440438716165e-05,15359,6270,3360063,0,552,0.0,0.00016428263398632703
all_separate_model_coordinates,cross_camera,all,1680,3401664,initial_to_control,original,cnn_RGB_residual,0.7636604688768525,0.7635759707772835,0.09040937046684885,1701500,1292,3846,6537,3983,0.0039451987043622495,0.0029697886131577838,121982,99209,3149131,4,20664,1.2701916814511686e-06,0.006561810226376737
all_separate_model_coordinates,cross_camera,all,1680,3401664,initial_to_control,original,cnn_NI_residual,0.7016374657792894,0.7022954720554778,0.09442135108105323,1695854,3022,7880,12456,7598,0.007225369389931041,0.00525615055891445,215044,169475,2996334,28,32664,9.34475262103624e-06,0.010901321414768848
all_separate_model_coordinates,cross_camera,all,1680,3401664,initial_to_control,original,cnn_TI_residual,0.7676698038869014,0.8011513245959412,0.08950477120849776,1299334,1269,6471,10873,5671,0.005598331303691727,0.003393977714484524,158906,103526,3181669,0,11659,0.0,0.003664428952226017
all_separate_model_coordinates,cross_camera,all,1680,3401664,initial_to_control,original,transformer_RGB_residual,0.7685912536356099,0.789746958590526,0.11083069720063814,1494526,1803,2138,4172,3837,0.002456579559277668,0.0022486377011293186,77087,69039,3151445,64,18487,2.030814435917492e-05,0.005866197887001042
all_separate_model_coordinates,cross_camera,all,1680,3401664,initial_to_control,original,transformer_NI_residual,0.7166314423029028,0.7317667082265028,0.11383197062024702,1555739,4402,5200,9584,8786,0.004948754397942354,0.004499296330977363,148540,130683,3023711,155,35833,5.126151275700621e-05,0.01185066959110841
all_separate_model_coordinates,cross_camera,all,1680,3401664,initial_to_control,original,transformer_TI_residual,0.773297886530871,0.8182718610664591,0.10900466848374173,1250036,1153,4287,6565,3431,0.0035463498358179533,0.002130326228467695,106210,65656,3228528,13,11922,4.02660283571956e-06,0.0036927045390345073
all_separate_model_coordinates,cross_camera,all,1680,3401664,initial_to_control,original,mamba_RGB_residual,0.7498496999127793,0.7697836847248508,0.08863986610162405,1456748,1849,4113,7505,5241,0.004352020369240081,0.0032340765013649632,132565,100292,3132434,7,17982,2.234683955033051e-06,0.005740583839914903
all_separate_model_coordinates,cross_camera,all,1680,3401664,initial_to_control,original,mamba_NI_residual,0.6973351463917831,0.6987567317303612,0.09166456822256404,1690534,3531,9503,15255,9283,0.00797158201210191,0.00577236853470077,228915,177926,2969317,41,31715,1.3807889154307203e-05,0.010680907427532998
all_separate_model_coordinates,cross_camera,all,1680,3401664,initial_to_control,original,mamba_TI_residual,0.7658888389630412,0.8010099562697506,0.08911695292811721,1258896,1284,5707,10445,6022,0.005335920509108402,0.003363460122202645,150740,100026,3189082,3,11853,9.40709583510239e-07,0.0037167435644489544
all_separate_model_coordinates,cross_camera,all,1680,3401664,initial_to_control,original,pure_bank,0.7449513247696264,0.764039839676051,0.05066740658501725,1277479,0,2,2,0,5.297507862182064e-05,9.195943228386937e-06,3880,754,3349883,0,100,0.0,2.9851788853521153e-05
all_separate_model_coordinates,cross_camera,all,1680,3401664,initial_to_control,original,pure_cnn,0.744322577913192,0.7556742537307913,0.05940100705133349,1500621,0,8,8,0,0.00015804281031285832,2.483670707922523e-05,10570,1946,3339320,0,286,0.0,8.564617946168682e-05
all_separate_model_coordinates,cross_camera,all,1680,3401664,initial_to_control,original,pure_transformer,0.7528401945408078,0.77992850445531,0.07311303688541937,1279873,0,4,4,0,3.366682821338209e-05,5.513411279396611e-06,2622,536,3336755,0,147,0.0,4.405477777061846e-05
all_separate_model_coordinates,cross_camera,all,1680,3401664,initial_to_control,original,pure_mamba,0.7376912246640275,0.7565167861607399,0.05944221316170852,1341133,0,11,11,0,0.0001545936208463844,3.4565583133067135e-05,10551,2635,3333379,0,513,0.0,0.0001538978915988851
all_separate_model_coordinates,cross_camera,all,1680,3401664,initial_to_control,registered_style,baseline_only,0.46787622963953734,0.46787622963953734,0.0,0,0,0,7,7,0.0005942340970262317,0.0005942340970262317,48698,48698,3352966,0,0,0.0,0.0
all_separate_model_coordinates,cross_camera,all,1680,3401664,initial_to_control,registered_style,fused,0.5845865389100956,0.6049932041713608,0.03264571890927727,1006256,0,16,16,0,0.0004269603404042879,5.456594461150353e-05,31011,5311,3370268,0,209,0.0,6.20128725668107e-05
all_separate_model_coordinates,cross_camera,all,1680,3401664,initial_to_control,registered_style,cnn,0.5865580160835143,0.601738966884903,0.034758538671707515,1251136,0,20,20,0,0.0005482455321059052,7.271343941121631e-05,37758,6990,3363151,0,443,0.0,0.0001317217097894207
all_separate_model_coordinates,cross_camera,all,1680,3401664,initial_to_control,registered_style,transformer,0.5849217482290459,0.6112145725390226,0.04440883544809802,1034482,0,19,19,0,0.00041983163873786936,4.892608630953322e-05,30608,4585,3370755,0,551,0.0,0.00016346486172979052
all_separate_model_coordinates,cross_camera,all,1680,3401664,initial_to_control,registered_style,mamba,0.5822798533800223,0.6020260738040346,0.036059729400890944,1096594,0,26,27,1,0.0005884542927846134,0.00010508569441193406,40864,9626,3360063,0,707,0.0,0.0002104127214281399
all_separate_model_coordinates,cross_camera,all,1680,3401664,initial_to_control,registered_style,cnn_RGB_residual,0.7198683443286492,0.741346179002636,0.10132721659723658,1507431,1552,19633,25046,6965,0.00976556183561769,0.004533908341782805,243629,142565,3149131,6,25702,1.905287522176753e-06,0.008161616649164484
all_separate_model_coordinates,cross_camera,all,1680,3401664,initial_to_control,registered_style,cnn_NI_residual,0.6522197303482608,0.6778666464959932,0.10665873324640107,1478853,3705,37525,48141,14321,0.016830663712722155,0.008049219483110492,389982,239078,2996334,36,40283,1.2014681941332309e-05,0.013444095351185816
all_separate_model_coordinates,cross_camera,all,1680,3401664,initial_to_control,registered_style,cnn_TI_residual,0.7436314252930184,0.7875923865673019,0.09685202649257113,1211533,1419,11745,16948,6622,0.007845032579631768,0.0040016233234040416,210533,120385,3181669,2,13369,6.286009009736713e-07,0.004201882722558507
all_separate_model_coordinates,cross_camera,all,1680,3401664,initial_to_control,registered_style,transformer_RGB_residual,0.7095889836744597,0.760637167172727,0.12717564510063328,1288694,2827,22468,28270,8629,0.010268421950036428,0.004191883625026385,244674,118143,3151445,77,25047,2.4433236182132325e-05,0.007947782683816471
all_separate_model_coordinates,cross_camera,all,1680,3401664,initial_to_control,registered_style,transformer_NI_residual,0.652731498528204,0.7002092098930799,0.13089217795522723,1338819,6179,37541,48737,17375,0.016319663096364942,0.007620849188518496,367385,204689,3023711,199,46404,6.581316799125313e-05,0.015346704761136233
all_separate_model_coordinates,cross_camera,all,1680,3401664,initial_to_control,registered_style,transformer_TI_residual,0.743581403292886,0.8028124727556472,0.1179466241892064,1151196,1360,10218,13516,4658,0.006127101027795646,0.002692085138009688,166348,81129,3228528,13,13819,4.02660283571956e-06,0.004280278814369892
all_separate_model_coordinates,cross_camera,all,1680,3401664,initial_to_control,registered_style,mamba_RGB_residual,0.7055020456580291,0.7482258144719701,0.10368903337975417,1275351,2256,21188,27715,8783,0.010591092805049681,0.004814418799511374,259807,141781,3132434,11,22042,3.511646215051937e-06,0.007036700533834073
all_separate_model_coordinates,cross_camera,all,1680,3401664,initial_to_control,registered_style,mamba_NI_residual,0.6444005602209655,0.6737105508553402,0.10715234011525962,1452905,4623,40579,53602,17646,0.018303594407459964,0.00893406528418793,417027,253556,2969317,55,39544,1.8522778133826735e-05,0.013317540700437171
all_separate_model_coordinates,cross_camera,all,1680,3401664,initial_to_control,registered_style,mamba_TI_residual,0.7401479186403761,0.7865914903689779,0.09676888752470957,1168773,1575,10657,16700,7618,0.007612291684661478,0.004092287906370183,203637,119340,3189082,3,13721,9.40709583510239e-07,0.0043024920651146634
all_separate_model_coordinates,cross_camera,all,1680,3401664,initial_to_control,registered_style,pure_bank,0.7012968700106399,0.7421102010266941,0.0652914385233441,1006255,0,292,292,0,0.0010175664291615046,3.731138184032014e-05,51537,3145,3349883,0,229,0.0,6.836059647456344e-05
all_separate_model_coordinates,cross_camera,all,1680,3401664,initial_to_control,registered_style,pure_cnn,0.7052398317443065,0.7356017349515798,0.06951707983192068,1251136,0,607,608,1,0.0013082106953356345,6.457657773756612e-05,61573,5178,3339320,0,528,0.0,0.00015811602362157564
all_separate_model_coordinates,cross_camera,all,1680,3401664,initial_to_control,registered_style,pure_transformer,0.7019672955376447,0.7545529452101416,0.08881767328223594,1034482,0,422,425,3,0.0013286131559251625,5.296289465526653e-05,64679,3927,3336755,0,557,0.0,0.00016692864774309172
all_separate_model_coordinates,cross_camera,all,1680,3401664,initial_to_control,registered_style,pure_mamba,0.6966835047623933,0.7361759472634107,0.07211946088481443,1096594,0,568,572,4,0.0014191945059632012,0.00010485830179346825,67576,8050,3333379,0,982,0.0,0.0002945959640352927
all_separate_model_coordinates,cross_camera,all,1680,3401664,initial_to_bounded,original,baseline_only,0.46787622963953734,0.46787622963953734,0.0,0,0,0,7,7,0.0005942340970262317,0.0005942340970262317,48698,48698,3352966,0,0,0.0,0.0
all_separate_model_coordinates,cross_camera,all,1680,3401664,initial_to_bounded,original,fused,0.6064137656911786,0.5805195436534957,0.0327604456199938,2749781,0,4,4,0,0.00010987608123818102,4.7933868427751616e-05,9064,4370,3370268,0,361,0.0,0.00010711314352449123
all_separate_model_coordinates,cross_camera,all,1680,3401664,initial_to_bounded,original,cnn,0.6060993879663603,0.6073225284561602,0.02929763149567398,1668071,0,4,4,0,0.000184278965027299,5.7284635649823646e-05,14543,5177,3363151,0,396,0.0,0.00011774672026322933
all_separate_model_coordinates,cross_camera,all,1680,3401664,initial_to_bounded,original,transformer,0.6103581964506102,0.6120135214750516,0.034664924797878936,1666301,0,5,5,0,7.060845551170119e-05,2.9577217824320262e-05,5930,2575,3370755,0,398,0.0,0.00011807443732932237
all_separate_model_coordinates,cross_camera,all,1680,3401664,initial_to_bounded,original,mamba,0.6027837121501518,0.6087562506836661,0.029769951334643052,1479478,0,3,3,0,0.00019590115974430397,7.71831565678396e-05,15359,6553,3360063,0,609,0.0,0.0001812466016262195
all_separate_model_coordinates,cross_camera,all,1680,3401664,initial_to_bounded,original,cnn_RGB_residual,0.7636604688768525,0.7541655148335349,0.08934306389715106,1815841,1258,3949,6537,3846,0.0039451987043622495,0.0029409288441950335,121982,98905,3149131,5,19854,1.5877396018139608e-06,0.0063045964108828755
all_separate_model_coordinates,cross_camera,all,1680,3401664,initial_to_bounded,original,cnn_NI_residual,0.7016374657792894,0.6933631649154106,0.09374246486022277,1795274,2955,7964,12456,7447,0.007225369389931041,0.005217313617445489,215044,168901,2996334,20,31950,6.6748233007401715e-06,0.010663030222932423
all_separate_model_coordinates,cross_camera,all,1680,3401664,initial_to_bounded,original,cnn_TI_residual,0.7676698038869014,0.7927779001645004,0.08865334879997966,1415212,1195,6557,10873,5511,0.005598331303691727,0.0033887508778929535,158906,104492,3181669,0,12209,0.0,0.003837294199993777
all_separate_model_coordinates,cross_camera,all,1680,3401664,initial_to_bounded,original,transformer_RGB_residual,0.7685912536356099,0.759421532757898,0.10623001285625301,1795753,1569,2225,4172,3516,0.002456579559277668,0.002264503627321268,77087,72727,3151445,54,20219,1.7134996803053838e-05,0.006415787043721213
all_separate_model_coordinates,cross_camera,all,1680,3401664,initial_to_bounded,original,transformer_NI_residual,0.7166314423029028,0.7034547153237347,0.11014961948432389,1840856,3735,5397,9584,7922,0.004948754397942354,0.004328729253152792,148540,130269,3023711,131,35379,4.3324246265598795e-05,0.011700522966645952
all_separate_model_coordinates,cross_camera,all,1680,3401664,initial_to_bounded,original,transformer_TI_residual,0.773297886530871,0.805576300133932,0.11066359739809212,1408952,1139,4376,6565,3328,0.0035463498358179533,0.0021103157874189124,106210,65811,3228528,9,12465,2.7876481170366187e-06,0.0038608926420957168
all_separate_model_coordinates,cross_camera,all,1680,3401664,initial_to_bounded,original,mamba_RGB_residual,0.7498496999127793,0.761791878640784,0.08993032099550159,1561580,1753,4065,7505,5193,0.004352020369240081,0.0033376152442604907,132565,104168,3132434,4,19275,1.2769622600188862e-06,0.006153361890466009
all_separate_model_coordinates,cross_camera,all,1680,3401664,initial_to_bounded,original,mamba_NI_residual,0.6973351463917831,0.6918564156013057,0.09381786266311166,1778525,3388,9578,15255,9065,0.00797158201210191,0.005709635102508734,228915,177518,2969317,22,31989,7.409111253530694e-06,0.01077318454041788
all_separate_model_coordinates,cross_camera,all,1680,3401664,initial_to_bounded,original,mamba_TI_residual,0.7658888389630412,0.7952606266785146,0.0887377174729621,1327856,1279,5771,10445,5953,0.005335920509108402,0.0033469286823216075,150740,98941,3189082,12,11394,3.762838334040956e-06,0.0035728149981718877
all_separate_model_coordinates,cross_camera,all,1680,3401664,initial_to_bounded,original,pure_bank,0.7449513247696264,0.7508519935880688,0.04912013368939965,1581287,0,2,2,0,5.297507862182064e-05,1.0638460096166443e-05,3880,848,3349883,0,105,0.0,3.134437829619721e-05
all_separate_model_coordinates,cross_camera,all,1680,3401664,initial_to_bounded,original,pure_cnn,0.744322577913192,0.7467688572373603,0.058595264969756526,1668069,0,8,8,0,0.00015804281031285832,2.7757463799591928e-05,10570,2135,3339320,0,350,0.0,0.00010481175808248386
all_separate_model_coordinates,cross_camera,all,1680,3401664,initial_to_bounded,original,pure_transformer,0.7528401945408078,0.7561508445335847,0.06932985165595464,1666301,0,4,4,0,3.366682821338209e-05,6.36213718236704e-06,2622,672,3336755,0,172,0.0,5.154708691528146e-05
all_separate_model_coordinates,cross_camera,all,1680,3401664,initial_to_bounded,original,pure_mamba,0.7376912246640275,0.7496363024887539,0.059539904800212914,1479476,0,11,11,0,0.0001545936208463844,3.925251501613182e-05,10551,2904,3333379,0,633,0.0,0.00018989739840564185
all_separate_model_coordinates,cross_camera,all,1680,3401664,initial_to_bounded,registered_style,baseline_only,0.46787622963953734,0.46787622963953734,0.0,0,0,0,7,7,0.0005942340970262317,0.0005942340970262317,48698,48698,3352966,0,0,0.0,0.0
all_separate_model_coordinates,cross_camera,all,1680,3401664,initial_to_bounded,registered_style,fused,0.5845865389100956,0.5705211483790065,0.032400703265233345,2312094,0,16,16,0,0.0004269603404042879,7.16929554722977e-05,31011,7104,3370268,0,477,0.0,0.00014153177136061584
all_separate_model_coordinates,cross_camera,all,1680,3401664,initial_to_bounded,registered_style,cnn,0.5865580160835143,0.5974880901620667,0.0338307908473436,1397871,0,20,20,0,0.0005482455321059052,7.737838421364089e-05,37758,7347,3363151,0,504,0.0,0.00014985946215320098
all_separate_model_coordinates,cross_camera,all,1680,3401664,initial_to_bounded,registered_style,transformer,0.5849217482290459,0.5994376900305235,0.04073720326641148,1365380,0,19,19,0,0.00041983163873786936,5.2993677843737275e-05,30608,4950,3370755,0,633,0.0,0.00018779175585291723
all_separate_model_coordinates,cross_camera,all,1680,3401664,initial_to_bounded,registered_style,mamba,0.5822798533800223,0.5986461258632123,0.03556641451474808,1217671,0,27,27,0,0.0005884542927846134,0.0001130678312511986,40864,10141,3360063,0,798,0.0,0.00023749554695849453
all_separate_model_coordinates,cross_camera,all,1680,3401664,initial_to_bounded,registered_style,cnn_RGB_residual,0.7198683443286492,0.7325130748736302,0.09971811058617423,1607250,1512,19727,25046,6831,0.00976556183561769,0.004492346828961906,243629,142269,3149131,5,24679,1.5877396018139608e-06,0.007836765126633347
all_separate_model_coordinates,cross_camera,all,1680,3401664,initial_to_bounded,registered_style,cnn_NI_residual,0.6522197303482608,0.6694086430737406,0.10523710967419572,1568037,3706,37480,48141,14367,0.016830663712722155,0.008015989752684194,389982,238328,2996334,34,39375,1.1347199611258292e-05,0.013141058373332211
all_separate_model_coordinates,cross_camera,all,1680,3401664,initial_to_bounded,registered_style,cnn_TI_residual,0.7436314252930184,0.7793782353990943,0.09574775613114622,1318557,1344,11859,16948,6433,0.007845032579631768,0.0039995253320539775,210533,121548,3181669,2,13986,6.286009009736713e-07,0.004395806100508884
all_separate_model_coordinates,cross_camera,all,1680,3401664,initial_to_bounded,registered_style,transformer_RGB_residual,0.7095889836744597,0.7310147372027517,0.11923690428073887,1558769,2466,22652,28270,8084,0.010268421950036428,0.004256232427613903,244674,124810,3151445,69,27510,2.189471813723546e-05,0.008729328926889093
all_separate_model_coordinates,cross_camera,all,1680,3401664,initial_to_bounded,registered_style,transformer_NI_residual,0.652731498528204,0.6721502444915262,0.1237036897462355,1593597,5480,37611,48737,16606,0.016319663096364942,0.007595461062679988,367385,209467,3023711,179,46480,5.9198779248413624e-05,0.015371839438359023
all_separate_model_coordinates,cross_camera,all,1680,3401664,initial_to_bounded,registered_style,transformer_TI_residual,0.743581403292886,0.7898325732127877,0.11813474994141425,1305759,1379,10326,13516,4569,0.006127101027795646,0.002684237808503468,166348,81554,3228528,12,14671,3.7168641560488246e-06,0.004544176169449359
all_separate_model_coordinates,cross_camera,all,1680,3401664,initial_to_bounded,registered_style,mamba_RGB_residual,0.7055020456580291,0.7403111890523045,0.10388621947201362,1369682,2237,20983,27715,8969,0.010591092805049681,0.004958898546068542,259807,146565,3132434,9,23628,2.873165085042494e-06,0.007543016069931561
all_separate_model_coordinates,cross_camera,all,1680,3401664,initial_to_bounded,registered_style,mamba_NI_residual,0.6444005602209655,0.6667522437100016,0.10813359231961862,1535133,4527,40830,53602,17299,0.018303594407459964,0.008864210478233495,417027,253903,2969317,42,39927,1.4144666938558598e-05,0.013446526591805456
all_separate_model_coordinates,cross_camera,all,1680,3401664,initial_to_bounded,registered_style,mamba_TI_residual,0.7401479186403761,0.7811847402278039,0.09630064696242532,1231889,1601,10761,16700,7540,0.007612291684661478,0.0040583500788725696,203637,117972,3189082,15,13344,4.703547917551195e-06,0.004184276227453543
all_separate_model_coordinates,cross_camera,all,1680,3401664,initial_to_bounded,registered_style,pure_bank,0.7012968700106399,0.729171730885629,0.06148458483941081,1258327,0,292,292,0,0.0010175664291615046,4.01108981553994e-05,51537,3360,3349883,0,263,0.0,7.851020468476063e-05
all_separate_model_coordinates,cross_camera,all,1680,3401664,initial_to_bounded,registered_style,pure_cnn,0.7052398317443065,0.7270999821326052,0.06766158427343089,1397871,0,608,608,0,0.0013082106953356345,7.046611834070255e-05,61573,5572,3339320,0,628,0.0,0.00018806224021657104
all_separate_model_coordinates,cross_camera,all,1680,3401664,initial_to_bounded,registered_style,pure_transformer,0.7019672955376447,0.7309991798506695,0.08147440918679959,1365379,0,425,425,0,0.0013286131559251625,5.35061774365899e-05,64679,4258,3336755,0,661,0.0,0.00019809665378488981
all_separate_model_coordinates,cross_camera,all,1680,3401664,initial_to_bounded,registered_style,pure_mamba,0.6966835047623933,0.7294160532000895,0.07113283186389693,1217670,1,570,572,3,0.0014191945059632012,0.00011498698774155684,67576,8609,3333379,0,1152,0.0,0.00034559526534486476
all_separate_model_coordinates,cross_camera,all,1680,3401664,control_to_bounded,original,baseline_only,0.46787622963953734,0.46787622963953734,0.0,0,0,0,7,7,0.0005942340970262317,0.0005942340970262317,48698,48698,3352966,0,0,0.0,0.0
all_separate_model_coordinates,cross_camera,all,1680,3401664,control_to_bounded,original,fused,0.6159580240163266,0.5805195436534957,0.03546600208063874,3388914,0,0,0,0,3.635287184490411e-05,4.7933868427751616e-05,3235,4370,3396158,0,963,0.0,0.0002835557120722887
all_separate_model_coordinates,cross_camera,all,1680,3401664,control_to_bounded,original,cnn,0.6117752255304997,0.6073225284561602,0.008847097739565588,2297746,0,0,0,0,5.3700464015780285e-05,5.7284635649823646e-05,4878,5177,3394222,0,536,0.0,0.0001579154221497592
all_separate_model_coordinates,cross_camera,all,1680,3401664,control_to_bounded,original,transformer,0.6239023516344895,0.6120135214750516,0.02076130134784552,2393017,0,0,0,0,2.6144970542086344e-05,2.9577217824320262e-05,2289,2575,3396940,0,479,0.0,0.00014100926127632516
all_separate_model_coordinates,cross_camera,all,1680,3401664,control_to_bounded,original,mamba,0.6121964925597455,0.6087562506836661,0.009541471118611396,2106081,0,1,1,0,7.150440438716165e-05,7.71831565678396e-05,6270,6553,3391648,0,659,0.0,0.00019430082367038088
all_separate_model_coordinates,cross_camera,all,1680,3401664,control_to_bounded,original,cnn_RGB_residual,0.7635759707772835,0.7541655148335349,0.026225531379467686,2129454,475,612,3983,3846,0.0029697886131577838,0.0029409288441950335,99209,98905,3251994,0,7170,0.0,0.0022048011158692176
all_separate_model_coordinates,cross_camera,all,1680,3401664,control_to_bounded,original,cnn_NI_residual,0.7022954720554778,0.6933631649154106,0.025976195493519597,2089442,1032,1183,7598,7447,0.00525615055891445,0.005217313617445489,169475,168901,3149683,0,11345,0.0,0.003601949783517897
all_separate_model_coordinates,cross_camera,all,1680,3401664,control_to_bounded,original,cnn_TI_residual,0.8011513245959412,0.7927779001645004,0.02450952675080795,2082695,542,702,5671,5511,0.003393977714484524,0.0033887508778929535,103526,104492,3274195,0,7005,0.0,0.0021394571795510043
all_separate_model_coordinates,cross_camera,all,1680,3401664,control_to_bounded,original,transformer_RGB_residual,0.789746958590526,0.759421532757898,0.05831117990564969,2299882,772,1093,3837,3516,0.0022486377011293186,0.002264503627321268,69039,72727,3278681,0,11337,0.0,0.0034577929356347874
all_separate_model_coordinates,cross_camera,all,1680,3401664,control_to_bounded,original,transformer_NI_residual,0.7317667082265028,0.7034547153237347,0.05798942600438883,2251389,1580,2444,8786,7922,0.004499296330977363,0.004328729253152792,130683,130269,3187949,0,17793,0.0,0.005581331445390124
all_separate_model_coordinates,cross_camera,all,1680,3401664,control_to_bounded,original,transformer_TI_residual,0.8182718610664591,0.805576300133932,0.061613105823581545,1944144,900,1003,3431,3328,0.002130326228467695,0.0021103157874189124,65656,65811,3315435,0,10499,0.0,0.0031667036150610705
all_separate_model_coordinates,cross_camera,all,1680,3401664,control_to_bounded,original,mamba_RGB_residual,0.7697836847248508,0.761791878640784,0.028507706396015048,1989537,777,825,5241,5193,0.0032340765013649632,0.0033376152442604907,100292,104168,3252973,0,9610,0.0,0.0029542206467745046
all_separate_model_coordinates,cross_camera,all,1680,3401664,control_to_bounded,original,mamba_NI_residual,0.6987567317303612,0.6918564156013057,0.028630870249270968,1974550,1332,1550,9283,9065,0.00577236853470077,0.005709635102508734,177926,177518,3135989,0,13329,0.0,0.004250333786247337
all_separate_model_coordinates,cross_camera,all,1680,3401664,control_to_bounded,original,mamba_TI_residual,0.8010099562697506,0.7952606266785146,0.027725379570138164,1926663,745,814,6022,5953,0.003363460122202645,0.0033469286823216075,100026,98941,3275729,0,6266,0.0,0.001912856649619062
all_separate_model_coordinates,cross_camera,all,1680,3401664,control_to_bounded,original,pure_bank,0.764039839676051,0.7508519935880688,0.019765318181712944,2538911,0,0,0,0,9.195943228386937e-06,1.0638460096166443e-05,754,848,3398444,0,124,0.0,3.6487286534661156e-05
all_separate_model_coordinates,cross_camera,all,1680,3401664,control_to_bounded,original,pure_cnn,0.7556742537307913,0.7467688572373603,0.017694197071988695,2297743,0,0,0,0,2.483670707922523e-05,2.7757463799591928e-05,1946,2135,3396246,0,325,0.0,9.569389260966373e-05
all_separate_model_coordinates,cross_camera,all,1680,3401664,control_to_bounded,original,pure_transformer,0.77992850445531,0.7561508445335847,0.04152260324455038,2393016,0,0,0,0,5.513411279396611e-06,6.36213718236704e-06,536,672,3397689,0,212,0.0,6.239535166402811e-05
all_separate_model_coordinates,cross_camera,all,1680,3401664,control_to_bounded,original,pure_mamba,0.7565167861607399,0.7496363024887539,0.01908294264418951,2106083,0,0,0,0,3.4565583133067135e-05,3.925251501613182e-05,2635,2904,3393394,0,484,0.0,0.0001426300629988737
all_separate_model_coordinates,cross_camera,all,1680,3401664,control_to_bounded,registered_style,baseline_only,0.46787622963953734,0.46787622963953734,0.0,0,0,0,7,7,0.0005942340970262317,0.0005942340970262317,48698,48698,3352966,0,0,0.0,0.0
all_separate_model_coordinates,cross_camera,all,1680,3401664,control_to_bounded,registered_style,fused,0.6049932041713608,0.5705211483790065,0.03450875617334848,3385557,0,0,0,0,5.456594461150353e-05,7.16929554722977e-05,5311,7104,3396158,0,1863,0.0,0.0005485610504576054
all_separate_model_coordinates,cross_camera,all,1680,3401664,control_to_bounded,registered_style,cnn,0.601738966884903,0.5974880901620667,0.008788517281150853,2273266,0,0,0,0,7.271343941121631e-05,7.737838421364089e-05,6990,7347,3394222,0,891,0.0,0.00026250492749148405
all_separate_model_coordinates,cross_camera,all,1680,3401664,control_to_bounded,registered_style,transformer,0.6112145725390226,0.5994376900305235,0.02067734263091916,2388276,0,0,0,0,4.892608630953322e-05,5.2993677843737275e-05,4585,4950,3396940,0,1099,0.0,0.00032352646793879197
all_separate_model_coordinates,cross_camera,all,1680,3401664,control_to_bounded,registered_style,mamba,0.6020260738040346,0.5986461258632123,0.009533343435097713,2099373,0,1,1,0,0.00010508569441193406,0.0001130678312511986,9626,10141,3391648,0,1262,0.0,0.00037209049995754276
all_separate_model_coordinates,cross_camera,all,1680,3401664,control_to_bounded,registered_style,cnn_RGB_residual,0.741346179002636,0.7325130748736302,0.02626681813007792,2103499,858,992,6965,6831,0.004533908341782805,0.004492346828961906,142565,142269,3251994,0,11777,0.0,0.0036214703963168443
all_separate_model_coordinates,cross_camera,all,1680,3401664,control_to_bounded,registered_style,cnn_NI_residual,0.6778666464959932,0.6694086430737406,0.026069328696473756,2068990,1946,1900,14321,14367,0.008049219483110492,0.008015989752684194,239078,238328,3149683,0,18448,0.0,0.005857097365036418
all_separate_model_coordinates,cross_camera,all,1680,3401664,control_to_bounded,registered_style,cnn_TI_residual,0.7875923865673019,0.7793782353990943,0.024554840100663076,2074530,693,882,6622,6433,0.0040016233234040416,0.0039995253320539775,120385,121548,3274195,0,9234,0.0,0.002820235202851388
all_separate_model_coordinates,cross_camera,all,1680,3401664,control_to_bounded,registered_style,transformer_RGB_residual,0.760637167172727,0.7310147372027517,0.058290126656867135,2287146,1781,2326,8629,8084,0.004191883625026385,0.004256232427613903,118143,124810,3278681,1,23070,3.050006999766064e-07,0.0070363661484603105
all_separate_model_coordinates,cross_camera,all,1680,3401664,control_to_bounded,registered_style,transformer_NI_residual,0.7002092098930799,0.6721502444915262,0.05804927029712753,2246927,3384,4153,17375,16606,0.007620849188518496,0.007595461062679988,204689,209467,3187949,0,35084,0.0,0.011005194876078633
all_separate_model_coordinates,cross_camera,all,1680,3401664,control_to_bounded,registered_style,transformer_TI_residual,0.8028124727556472,0.7898325732127877,0.06155912245567529,1949114,1230,1319,4658,4569,0.002692085138009688,0.002684237808503468,81129,81554,3315435,0,14743,0.0,0.004446776968934695
all_separate_model_coordinates,cross_camera,all,1680,3401664,control_to_bounded,registered_style,mamba_RGB_residual,0.7482258144719701,0.7403111890523045,0.028556752429402844,1987576,1366,1180,8783,8969,0.004814418799511374,0.004958898546068542,141781,146565,3252973,0,15122,0.0,0.004648670616079507
all_separate_model_coordinates,cross_camera,all,1680,3401664,control_to_bounded,registered_style,mamba_NI_residual,0.6737105508553402,0.6667522437100016,0.02893433025597822,1973367,2352,2699,17646,17299,0.00893406528418793,0.008864210478233495,253556,253903,3135989,0,22076,0.0,0.007039565508680037
all_separate_model_coordinates,cross_camera,all,1680,3401664,control_to_bounded,registered_style,mamba_TI_residual,0.7865914903689779,0.7811847402278039,0.027718121600293397,1914114,938,1016,7618,7540,0.004092287906370183,0.0040583500788725696,119340,117972,3275729,0,8660,0.0,0.0026436863366902453
all_separate_model_coordinates,cross_camera,all,1680,3401664,control_to_bounded,registered_style,pure_bank,0.7421102010266941,0.729171730885629,0.019606179134848814,2527350,0,0,0,0,3.731138184032014e-05,4.01108981553994e-05,3145,3360,3398444,0,605,0.0,0.00017802264801185483
all_separate_model_coordinates,cross_camera,all,1680,3401664,control_to_bounded,registered_style,pure_cnn,0.7356017349515798,0.7270999821326052,0.017577034919144568,2273267,0,1,1,0,6.457657773756612e-05,7.046611834070255e-05,5178,5572,3396246,0,1051,0.0,0.00030945932656232795
all_separate_model_coordinates,cross_camera,all,1680,3401664,control_to_bounded,registered_style,pure_transformer,0.7545529452101416,0.7309991798506695,0.04135468685278677,2388277,0,3,3,0,5.296289465526653e-05,5.35061774365899e-05,3927,4258,3397689,0,1399,0.0,0.0004117504574432798
all_separate_model_coordinates,cross_camera,all,1680,3401664,control_to_bounded,registered_style,pure_mamba,0.7361759472634107,0.7294160532000895,0.019066686816451472,2099372,1,2,4,3,0.00010485830179346825,0.00011498698774155684,8050,8609,3393394,0,1579,0.0,0.00046531584602318505
