fold,view,role,modality,stratum,observations,signed_parallel_to_h_norm_mean,signed_parallel_to_h_norm_min,signed_parallel_to_h_norm_p05,signed_parallel_to_h_norm_median,signed_parallel_to_h_norm_p95,signed_parallel_to_h_norm_max,perpendicular_to_h_norm_mean,perpendicular_to_h_norm_min,perpendicular_to_h_norm_p05,perpendicular_to_h_norm_median,perpendicular_to_h_norm_p95,perpendicular_to_h_norm_max,tangent_energy_fraction_mean,tangent_energy_fraction_min,tangent_energy_fraction_p05,tangent_energy_fraction_median,tangent_energy_fraction_p95,tangent_energy_fraction_max,angle_y_h_degrees_mean,angle_y_h_degrees_min,angle_y_h_degrees_p05,angle_y_h_degrees_median,angle_y_h_degrees_p95,angle_y_h_degrees_max
0,original,cnn,RGB,all,37120,0.06894755752131916,-0.06153082180628656,0.01421678626431132,0.06789117435746642,0.12782058620634174,0.2391961019924891,0.22572978090092835,0.10359442391057684,0.1630264400775951,0.22128662855335257,0.30445594640521323,0.4708481796226013,0.9044187821293094,0.5432715831271431,0.7752409424873201,0.9156574207884565,0.9946064004689811,0.9999999997075608,11.889689368917121,5.6630165273884465,8.855206638828395,11.697078455851107,15.642289238846608,23.14045025129178
0,original,cnn,RGB,plan_active,18880,0.06896100551482602,-0.06153082180628656,0.014717573102528742,0.06779797285123122,0.12750653156748318,0.2391961019924891,0.22600173009822913,0.1161684949193217,0.16372979858883321,0.2217425084335364,0.3039089030665944,0.4435501190269138,0.9045907966528857,0.5794432514280539,0.7757274926463403,0.9157635940902429,0.9944824635699858,0.9999999888796866,11.904267948596575,6.491177261262917,8.886329827688106,11.719173819847114,15.617433281594453,21.19428449627048
0,original,cnn,RGB,plan_inactive,18240,0.06893363766839103,-0.04252117752699705,0.0139804934645887,0.06801259482478517,0.12817169396883815,0.23355452994820705,0.2254482896265293,0.10359442391057684,0.1622249238769539,0.2209798536649834,0.30495918669733835,0.4708481796226013,0.9042407320084146,0.5432715831271431,0.7744927101241574,0.9155605643177129,0.9947989874762265,0.9999999997075608,11.874599260126114,5.6630165273884465,8.83332969095854,11.674247533633462,15.667333271827344,23.14045025129178
0,original,cnn,NI,all,37120,0.058835369268359715,-0.06449894806878799,0.009624773710365436,0.05687151230186194,0.11376799370857228,0.2560424833112579,0.20777515799399524,0.10542837441056344,0.15410355907344422,0.20422972886235274,0.2744914992384319,0.40455438344125066,0.9140666638722621,0.5807040767320791,0.7865409783437016,0.9272808868238114,0.9964997938692954,0.9999999999219911,11.08065247932783,5.821995900676241,8.401967467406319,10.916044875245941,14.339089327125716,20.352098887464216
0,original,cnn,NI,plan_active,18880,0.0582987624757573,-0.03722193683075709,0.009429499830729075,0.05642615832449625,0.11235584810170283,0.18915941213149237,0.2079973382522924,0.10542837441056344,0.15438200415652728,0.204517677598345,0.27430497684046196,0.3892590634303728,0.915228933910987,0.5839012504692994,0.7881724126771841,0.92857899554655,0.9967100340843413,0.9999999990645791,11.098856162146625,5.821995900676241,8.428596829570639,10.929013062890574,14.350525212101683,20.044729938355164
0,original,cnn,NI,plan_inactive,18240,0.059390804369474526,-0.06449894806878799,0.009837316965063249,0.05738490066577854,0.11495915934612362,0.2560424833112579,0.20754518193716132,0.10856056458100868,0.15365783935345503,0.20393165507765404,0.27490956582243103,0.40455438344125066,0.9128636124286698,0.5807040767320791,0.7845274995197912,0.9260226893949831,0.9963242411973048,0.9999999999219911,11.061810070796092,6.009712594226347,8.367142291259265,10.901290324750075,14.325235388375953,20.352098887464216
0,original,cnn,TI,all,37120,0.06620621442339711,-0.03247081703975215,0.019463188994360142,0.06228816466367375,0.1269479555742897,0.21556007129673108,0.21484954881017695,0.09964496234242706,0.15358078078832035,0.20912782227267898,0.2953730862474367,0.4599754116963952,0.9054728223215783,0.6304865962715073,0.7873048638105076,0.9165477170345383,0.9900841515903279,0.9999999954295472,11.351737289003662,5.650097525455345,8.34437113336646,11.134507327297495,15.097843620594123,21.880024109009923
0,original,cnn,TI,plan_active,18880,0.06584571101895054,-0.03247081703975215,0.018804675695757805,0.062282151795559876,0.12605601369043362,0.21556007129673108,0.21493161639858313,0.09964496234242706,0.15403599591286088,0.20919663889687762,0.2958271502808948,0.4599754116963952,0.9062881950860212,0.6415045864516092,0.7894539395431823,0.9172307323044684,0.9906546441442942,0.9999999954295472,11.359797800819315,5.650097525455345,8.362342883910364,11.144366934540278,15.126208515180872,21.880024109009923
0,original,cnn,TI,plan_inactive,18240,0.06657936707010495,-0.028721834617363214,0.020166719489529465,0.062306037050266536,0.1279371627849927,0.20746665075543008,0.21476460165726532,0.10934649497088914,0.15308125254999197,0.20903799188858008,0.2948499106863684,0.44782016955689447,0.9046288399864529,0.6304865962715073,0.7852199689082705,0.9156430149948964,0.9895393497879693,0.9999999655342724,11.343393952212018,6.092071186272796,8.325942849997256,11.120901290074848,15.053555425654821,21.48607664997205
0,original,transformer,RGB,all,37120,0.008103062650409273,-0.06486074824053463,-0.022686322747348504,0.007450397996193863,0.04117039861766081,0.08737262823675666,0.15530378372532505,0.08131646981384566,0.12064598265082659,0.15290504389252946,0.19844402365136293,0.38515050914483984,0.98323247199802,0.7968868645071958,0.9401722992887639,0.9912096726808599,0.9999189026280592,0.9999999999882249,8.747374933215184,4.716567684175862,6.880077817672777,8.62655399809718,11.037494478707924,21.250332791252585
0,original,transformer,RGB,plan_active,18880,0.008269578203978436,-0.06486074824053463,-0.02221634957162843,0.007692668536392847,0.040907899536219046,0.08737262823675666,0.15520662296082097,0.08131646981384566,0.12070216327216064,0.15281383371642965,0.19885243434268918,0.3211326572443542,0.983399910754041,0.8012518950477925,0.9409943942955815,0.9913922573985925,0.9999182762302992,0.9999999997137056,8.740575393610118,4.716567684175862,6.882799456852448,8.620367475939297,11.042943085365042,17.47540035512773
0,original,transformer,RGB,plan_inactive,18240,0.007930704445837681,-0.05528090529449625,-0.023169830715544265,0.007188429950445375,0.041567102223299165,0.08412592751242155,0.1554043536394609,0.08416846555717943,0.1205780464345422,0.1529886569883383,0.1982494938957655,0.38515050914483984,0.9830591581979282,0.7968868645071958,0.9391166068944828,0.9910307304110315,0.9999193329752926,0.9999999999882249,8.754413053157268,4.840585027338877,6.877819006476564,8.632034870596108,11.027407138736955,21.250332791252585
0,original,transformer,NI,all,37120,0.005601072795818054,-0.07117166876317783,-0.026580742710393,0.004699132867842407,0.04086033036153073,0.09279618395514302,0.15312660294351768,0.0856301314974818,0.12001816817083427,0.15117645111982364,0.19294376092650703,0.4001249198818446,0.9823554091058426,0.7786096369274865,0.9347729390215048,0.9913329637709143,0.9999201907436341,0.9999999999995206,8.649751797854096,4.882291467703156,6.849404789844702,8.548988720350762,10.764407983006166,22.481833166536962
0,original,transformer,NI,plan_active,18880,0.005599681812224142,-0.06974698340050565,-0.02650350139025586,0.004872546528343348,0.0406879743897597,0.09279618395514302,0.15304785131705267,0.0856301314974818,0.11945625611391746,0.15105961768285814,0.19327587169004867,0.4001249198818446,0.9824850151008226,0.7786096369274865,0.9354110029891235,0.9914228710855656,0.9999161102812332,0.9999999998673748,8.645222828708636,4.882291467703156,6.833504595058039,8.539481657388912,10.777246955953617,22.481833166536962
0,original,transformer,NI,plan_inactive,18240,0.005602512585853858,-0.07117166876317783,-0.026695678170589935,0.004496340935154342,0.04095828865952385,0.09034533368298549,0.15320811778494636,0.08686826427035993,0.12052098050329882,0.15126652776383553,0.19259459375660973,0.34501544368673376,0.9822212555320916,0.7940577674875774,0.9338356668357242,0.9912505399987273,0.9999217928279022,0.9999999999995206,8.654439678197642,4.932889695238016,6.865235515646033,8.558481216635524,10.750726426909273,18.67084086189647
0,original,transformer,TI,all,37120,0.01649888888140339,-0.04951886872444919,-0.012231640682313234,0.01574017795098586,0.04767533335577449,0.1088736069090995,0.1487946760031292,0.06848067060795454,0.10579699426121274,0.14352506802548598,0.20632806478710164,0.5716856970960321,0.9761211852988787,0.7772805342309278,0.9179879695840825,0.9864279395175553,0.99986685917744,0.9999999999069354,8.310153528540825,3.8638341481685137,5.980442534895667,8.055537594734608,11.369609352444861,29.45209411651454
0,original,transformer,TI,plan_active,18880,0.01636589371995282,-0.04951886872444919,-0.012507917246839867,0.015723942203448405,0.047211338105431905,0.1088736069090995,0.14862322520518706,0.06848067060795454,0.10628823457101631,0.14365462120090883,0.20443897278216358,0.531832413642283,0.976426512390725,0.8029003747566045,0.9200254208242704,0.9862976735141133,0.9998631651808121,0.9999999999069354,8.302695938331867,3.8638341481685137,6.012382141680607,8.063635185223788,11.26749277300491,27.35485237852797
0,original,transformer,TI,plan_inactive,18240,0.016636550539746962,-0.04567728426994791,-0.011954785223840494,0.015769229066431828,0.048332862361722295,0.0977498246200834,0.148972142618543,0.06961601823063106,0.10532887104758687,0.143370910185178,0.2083144569026866,0.5716856970960321,0.9758051449757396,0.7772805342309278,0.9154332671288974,0.9865435079592031,0.9998704690845848,0.9999999974574966,8.317872788581681,3.9108501103082247,5.949022745983504,8.044787826123404,11.485009926325903,29.45209411651454
0,original,mamba,RGB,all,37120,344.3099915986883,-19850.30515634143,-6259.538656363766,406.1596292905658,6889.832593539681,26516.300356297284,63898.496172667605,8277.305123292248,25179.61558444864,60703.34626013206,114081.36479457101,199820.37626574232,0.9967592116068729,0.9488823036183898,0.9883368534496066,0.9984179972819693,0.9999843968607727,0.9999999999992671,89.62286210430214,76.93241073817757,84.28610360143036,89.5428126139835,95.00876413816715,99.71996406070582
0,original,mamba,RGB,plan_active,18880,317.2467466684783,-19850.30515634143,-6262.0993179011475,378.2419858865293,6869.644540790726,20347.917975593722,64063.44137933989,9828.35064870122,25159.488355183283,61124.86551583718,113653.29688315386,189701.689619693,0.9967950401971553,0.9554686374617205,0.9883007366737597,0.9984620527028572,0.9999848949391881,0.9999999999992671,89.64232151178025,77.81701483612909,84.30367917799747,89.57296853018934,94.99907942193943,99.71996406070582
0,original,mamba,RGB,plan_inactive,18240,372.32282407030914,-17131.53544001978,-6258.188693638771,431.6418059943402,6915.702135363817,26516.300356297284,63727.76341488399,8277.305123292248,25203.7239878728,60247.23162585909,114472.96769502352,199820.37626574232,0.9967221258730719,0.9488823036183898,0.988383086285791,0.9983697443665678,0.9999840569605184,0.9999999999867474,89.60271991059669,76.93241073817757,84.2711910387932,89.51756351717437,95.02120290330821,99.49294383677119
0,original,mamba,NI,all,37120,98.40429593560053,-29503.568814780236,-9256.289835983465,444.8559241085501,8472.264715869638,24570.63316285148,83605.33968897033,8681.015898828617,32259.310263253927,82549.23664830791,140612.05383932887,247920.04850520528,0.9966759803700773,0.9533826244594864,0.9878751369166802,0.9983335079870508,0.9999843610929539,0.9999999999903861,89.58695572254021,77.53008512623023,84.1629217557664,89.57802235694574,94.92863678362474,99.60996481326715
0,original,mamba,NI,plan_active,18880,26.561527268721374,-29503.568814780236,-9344.012452729698,355.44709983475275,8420.274242486352,24570.63316285148,83611.5192886905,8681.015898828617,32145.18169118782,82966.2746176231,139306.24286251073,247920.04850520528,0.9966710026776622,0.9558115819579098,0.9878558610408757,0.9983386714390137,0.9999850216274093,0.9999999999903861,89.64801634373195,77.86443501309525,84.15720942603959,89.66425478840256,94.99979781840047,99.60996481326715
0,original,mamba,NI,plan_inactive,18240,172.76786350307194,-25337.28374168987,-9148.004701266205,532.3459831911782,8540.064320982856,22715.09744803106,83598.9432611898,9872.731600135947,32341.259258405782,82191.94775213746,141768.80329105034,227406.97466874556,0.9966811327183668,0.9533826244594864,0.9878894658997257,0.9983261017960032,0.999983478159142,0.9999999999156086,89.52375262341194,77.53008512623023,84.16480721480455,89.49551674479814,94.83181004941142,99.47553406666067
0,original,mamba,TI,all,37120,-1304.6900591796157,-38054.07712531498,-12136.101690527645,133.9432816470073,4629.979442068753,19127.378560645862,56279.64095009702,3355.6219684394673,12835.973696719993,49014.05103318914,126152.06985819901,223883.71325863895,0.9952996019126298,0.9514333589429,0.9825870222549745,0.9978035435815938,0.9999853435197672,0.9999999999999672,90.27743351702387,80.49872134801365,84.55478995006287,89.72802796581936,97.52178833405351,102.73081249046741
0,original,mamba,TI,plan_active,18880,-1288.6101568800252,-34901.33745228705,-12184.489916705366,140.89922814113774,4715.788029374064,19127.378560645862,56686.91004929806,3355.6219684394673,12777.285991749388,49074.53766262923,127500.4557915955,214464.97748317264,0.9953380420079964,0.9514333589429,0.9828709532397681,0.9978033486788834,0.9999862895741819,0.9999999999999672,90.26299371412182,80.49872134801365,84.5545615895739,89.71369222648346,97.4538377252944,102.73081249046741
0,original,mamba,TI,plan_inactive,18240,-1321.3341685774374,-38054.07712531498,-12109.237974041942,128.15415826032205,4529.515098045659,15471.293482050065,55858.08170706435,3640.2088680744628,12916.271532654524,48969.393866830105,124592.34267831234,223883.71325863895,0.9952598130419875,0.9531945470245042,0.9822062538985846,0.9978046924992836,0.9999845526320026,0.9999999999994089,90.2923799796769,80.6410641004949,84.55658906217141,89.7463557551288,97.59269360606018,102.49406762083119
0,registered_style,cnn,RGB,all,37120,0.06845816986863927,-0.061681948421659784,0.01355824224432495,0.06750767910066963,0.1276021373900354,0.259727768180272,0.22517148950517582,0.10359442391057684,0.16269898288075182,0.22058457046509533,0.3039267270907228,0.4730266105983681,0.904991995255809,0.5432715831271431,0.7754830580334497,0.9161523099624853,0.9949577274009765,0.9999999997075608,11.866441868435839,5.6630165273884465,8.838464786061117,11.666058575797296,15.608493050971479,23.6733627948207
0,registered_style,cnn,RGB,plan_active,18880,0.06799881962142147,-0.061681948421659784,0.013227807389266984,0.06715017142749927,0.1269691335291729,0.259727768180272,0.22490407243878352,0.11151684113812659,0.16295345472879086,0.22027441207688042,0.30295348188442434,0.4730266105983681,0.9057177919524445,0.5931244293408919,0.7765637633466325,0.9167219862550561,0.9951138866450803,0.9999999887787548,11.858560998497776,6.1577014044061045,8.849394744286428,11.658752304026763,15.556768069050063,23.6733627948207
0,registered_style,cnn,RGB,plan_inactive,18240,0.06893363766839103,-0.04252117752699705,0.0139804934645887,0.06801259482478517,0.12817169396883815,0.23355452994820705,0.2254482896265293,0.10359442391057684,0.1622249238769539,0.2209798536649834,0.30495918669733835,0.4708481796226013,0.9042407320084146,0.5432715831271431,0.7744927101241574,0.9155605643177129,0.9947989874762265,0.9999999997075608,11.874599260126114,5.6630165273884465,8.83332969095854,11.674247533633462,15.667333271827344,23.14045025129178
0,registered_style,cnn,NI,all,37120,0.05841159265555016,-0.06449894806878799,0.009028507363670812,0.05662405349468267,0.1136518775405093,0.2560424833112579,0.20700925286369865,0.09775197756150948,0.1532671751142854,0.20344221819512348,0.2740136683851812,0.4157773067054111,0.914427128459279,0.5726599204070805,0.7871710789519262,0.9275555583625966,0.9966612694096,0.9999999999219911,11.044853476115128,5.363898966851484,8.355536479396429,10.882474298332134,14.322906381435311,20.67480922559121
0,registered_style,cnn,NI,plan_active,18880,0.057465574559046974,-0.038053014479007094,0.008368611651089373,0.05579951296839182,0.11170601296404116,0.1880177606513238,0.20649149087747198,0.09775197756150948,0.15287097017740467,0.20302766950264836,0.27332816708645313,0.4157773067054111,0.9159376439464778,0.5726599204070805,0.7890852779312664,0.9290535326505351,0.9969179357744615,0.9999999163727791,11.02847168125385,5.363898966851484,8.343899600293332,10.85975554438757,14.318750410553369,20.67480922559121
0,registered_style,cnn,NI,plan_inactive,18240,0.059390804369474526,-0.06449894806878799,0.009837316965063249,0.05738490066577854,0.11495915934612362,0.2560424833112579,0.20754518193716132,0.10856056458100868,0.15365783935345503,0.20393165507765404,0.27490956582243103,0.40455438344125066,0.9128636124286698,0.5807040767320791,0.7845274995197912,0.9260226893949831,0.9963242411973048,0.9999999999219911,11.061810070796092,6.009712594226347,8.367142291259265,10.901290324750075,14.325235388375953,20.352098887464216
0,registered_style,cnn,TI,all,37120,0.06528659843241828,-0.038284565918577707,0.0183978896263456,0.06150967994304317,0.1257139374486528,0.21235515945450106,0.21322715734045067,0.10664596929360581,0.15224124237039047,0.2074735921107096,0.29344657527836315,0.4716072137351086,0.9063557167979488,0.6079016471259149,0.787120542204807,0.9172550605048002,0.9908859660227959,0.9999999999511348,11.27827389653512,6.0461103472759845,8.293028701983662,11.05857963429396,14.9953079919837,22.10801130930882
0,registered_style,cnn,TI,plan_active,18880,0.06403765246041591,-0.038284565918577707,0.016770903256389174,0.06080113405664676,0.1232968073574305,0.21235515945450106,0.21174182978013828,0.10664596929360581,0.15155564999444687,0.20616891378862195,0.29214704764447064,0.4716072137351086,0.9080240554124449,0.6079016471259149,0.7888054297093609,0.9188058851328044,0.9920308487773869,0.9999999999511348,11.215361300372695,6.0461103472759845,8.260567312644772,11.00538480717713,14.915878910399087,22.10801130930882
0,registered_style,cnn,TI,plan_inactive,18240,0.06657936707010495,-0.028721834617363214,0.020166719489529465,0.062306037050266536,0.1279371627849927,0.20746665075543008,0.21476460165726532,0.10934649497088914,0.15308125254999197,0.20903799188858008,0.2948499106863684,0.44782016955689447,0.9046288399864529,0.6304865962715073,0.7852199689082705,0.9156430149948964,0.9895393497879693,0.9999999655342724,11.343393952212018,6.092071186272796,8.325942849997256,11.120901290074848,15.053555425654821,21.48607664997205
0,registered_style,transformer,RGB,all,37120,0.008185208886440096,-0.06486074824053463,-0.022494695574805428,0.007557014573737551,0.0414678692737591,0.08741050824272495,0.15399692797483877,0.0813909985380962,0.11959001255959607,0.1515838927280579,0.19680038112969708,0.38515050914483984,0.9830885220938497,0.7763918657690293,0.9390678872125025,0.9911676812252139,0.9999160503796197,0.999999999992289,8.67428726496633,4.720679326808919,6.818516153084166,8.556738259662229,10.929068728399864,21.250332791252585
0,registered_style,transformer,RGB,plan_active,18880,0.008431086057869545,-0.06486074824053463,-0.021754992472373166,0.007848367503032583,0.041391269436470805,0.08741050824272495,0.15263721165478011,0.0813909985380962,0.11870246627483846,0.15024089708646254,0.19512632945035857,0.3204825841292376,0.9831168906034687,0.7763918657690293,0.9389639167719374,0.9913430317917545,0.9999126785486588,0.999999999992289,8.596877605188643,4.720679326808919,6.771657151919886,8.484029972866615,10.840215848285139,17.443064730698836
0,registered_style,transformer,RGB,plan_inactive,18240,0.007930704445837681,-0.05528090529449625,-0.023169830715544265,0.007188429950445375,0.041567102223299165,0.08412592751242155,0.1554043536394609,0.08416846555717943,0.1205780464345422,0.1529886569883383,0.1982494938957655,0.38515050914483984,0.9830591581979282,0.7968868645071958,0.9391166068944828,0.9910307304110315,0.9999193329752926,0.9999999999882249,8.754413053157268,4.840585027338877,6.877819006476564,8.632034870596108,11.027407138736955,21.250332791252585
0,registered_style,transformer,NI,all,37120,0.005424294740842179,-0.07120249552977113,-0.0264835932651873,0.004477704513902406,0.040404545634267125,0.09034533368298549,0.1518612166124194,0.08548396407597297,0.11883730870744161,0.1499503245857191,0.1914192709015583,0.4005724055943746,0.9825093077967851,0.7711826026483556,0.934796225424911,0.9914888854186731,0.9999210650626154,0.9999999999995206,8.580749547476257,4.87703084393763,6.78546914138526,8.484284323291323,10.701102381245574,22.503511545122095
0,registered_style,transformer,NI,plan_active,18880,0.005252118178712253,-0.07120249552977113,-0.02623015690190093,0.004467650724935756,0.0398366225885403,0.08523451231049729,0.15055997310675773,0.08548396407597297,0.11752418231793864,0.14861524822437114,0.1904285949441347,0.4005724055943746,0.9827875955779295,0.7711826026483556,0.9355921224889626,0.9917340327588509,0.9999194117516016,0.9999999998658022,8.509557387287803,4.87703084393763,6.716246645374036,8.406236112460112,10.629480526694968,22.503511545122095
0,registered_style,transformer,NI,plan_inactive,18240,0.005602512585853858,-0.07117166876317783,-0.026695678170589935,0.004496340935154342,0.04095828865952385,0.09034533368298549,0.15320811778494636,0.08686826427035993,0.12052098050329882,0.15126652776383553,0.19259459375660973,0.34501544368673376,0.9822212555320916,0.7940577674875774,0.9338356668357242,0.9912505399987273,0.9999217928279022,0.9999999999995206,8.654439678197642,4.932889695238016,6.865235515646033,8.558481216635524,10.750726426909273,18.67084086189647
0,registered_style,transformer,TI,all,37120,0.01635190663398951,-0.04951886872444919,-0.012104027942222496,0.015517471234106614,0.047705029213563364,0.11202935571376164,0.14724146946182615,0.06961601823063106,0.10543894188285488,0.14223461682475252,0.20355962091106214,0.5716856970960321,0.975916133373452,0.7772805342309278,0.9166921238922934,0.986489919431643,0.9998671366379288,0.9999999999391941,8.226704278861362,3.9108501103082247,5.9629988815494155,7.976758698779252,11.206538932801243,29.45209411651454
0,registered_style,transformer,TI,plan_active,18880,0.01607691167418994,-0.04951886872444919,-0.01226340057355218,0.015256155844881667,0.04719873610223191,0.11202935571376164,0.1455694631917777,0.07360954944956302,0.10552744009728811,0.14121624971184443,0.1986368787232172,0.49474140702669833,0.9760233594525981,0.8006762169472204,0.9179059374470684,0.98641272847968,0.9998642623302954,0.9999999999391941,8.138626227097664,4.166971679932854,5.971025771686277,7.924770288823938,10.951228709001686,25.630259311999772
0,registered_style,transformer,TI,plan_inactive,18240,0.016636550539746962,-0.04567728426994791,-0.011954785223840494,0.015769229066431828,0.048332862361722295,0.0977498246200834,0.148972142618543,0.06961601823063106,0.10532887104758687,0.143370910185178,0.2083144569026866,0.5716856970960321,0.9758051449757396,0.7772805342309278,0.9154332671288974,0.9865435079592031,0.9998704690845848,0.9999999974574966,8.317872788581681,3.9108501103082247,5.949022745983504,8.044787826123404,11.485009926325903,29.45209411651454
0,registered_style,mamba,RGB,all,37120,336.5440404614037,-21466.341133514834,-6384.75824148586,391.22182399908377,6909.195329364389,26516.300356297284,64304.61592617824,8277.305123292248,25187.60004500137,60846.27275895474,115201.23897305777,199820.37626574232,0.9967586029207826,0.9488823036183898,0.9883037955803547,0.9984216015692987,0.9999843982630593,0.9999999999959271,89.6248031245751,76.93241073817757,84.26955813026929,89.56408921603497,95.0103090587006,100.40654709759298
0,registered_style,mamba,RGB,plan_active,18880,301.97809697483405,-21466.341133514834,-6536.797831195658,344.25943855406797,6903.906495104734,19687.553802763083,64861.91411505574,9172.810555737005,25187.60004500137,61442.069342501265,116116.44492322345,191431.60922044265,0.9967938434584015,0.9556395713827966,0.9882261068495437,0.9984744997526306,0.9999847820908416,0.9999999999959271,89.64613775502878,77.84072939218852,84.26605483470901,89.61783088783923,94.99975341245555,100.40654709759298
0,registered_style,mamba,RGB,plan_inactive,18240,372.32282407030914,-17131.53544001978,-6258.188693638771,431.6418059943402,6915.702135363817,26516.300356297284,63727.76341488399,8277.305123292248,25203.7239878728,60247.23162585909,114472.96769502352,199820.37626574232,0.9967221258730719,0.9488823036183898,0.988383086285791,0.9983697443665678,0.9999840569605184,0.9999999999867474,89.60271991059669,76.93241073817757,84.2711910387932,89.51756351717437,95.02120290330821,99.49294383677119
0,registered_style,mamba,NI,all,37120,55.35082758515401,-27647.730404100257,-9425.569408935997,421.2373203094112,8393.873669231232,24923.062674026954,84190.4238215591,8682.433197475711,32639.131842368406,82894.93639942945,141772.01569471072,250757.17904570347,0.9966811726433452,0.9489538799733243,0.9878060025070929,0.9983303961134213,0.9999847078837497,0.9999999999156086,89.6176202168877,76.94105082982772,84.18729768261704,89.61281185602184,94.96895710129611,99.88687728337612
0,registered_style,mamba,NI,plan_active,18880,-58.08596982707182,-27647.730404100257,-9689.359694786057,309.96040381940566,8279.801838404544,24923.062674026954,84761.8541934413,8682.433197475711,32992.7988204363,83766.43899007206,141775.50020493852,250757.17904570347,0.9966812112149347,0.9489538799733243,0.987731610616166,0.9983334472269602,0.9999855267270288,0.9999999998343722,89.70830585804227,76.94105082982772,84.20358094797957,89.72605897102301,95.0972888988827,99.88687728337612
0,registered_style,mamba,NI,plan_inactive,18240,172.76786350307194,-25337.28374168987,-9148.004701266205,532.3459831911782,8540.064320982856,22715.09744803106,83598.9432611898,9872.731600135947,32341.259258405782,82191.94775213746,141768.80329105034,227406.97466874556,0.9966811327183668,0.9533826244594864,0.9878894658997257,0.9983261017960032,0.999983478159142,0.9999999999156086,89.52375262341194,77.53008512623023,84.16480721480455,89.49551674479814,94.83181004941142,99.47553406666067
0,registered_style,mamba,TI,all,37120,-1254.6628421733894,-38054.07712531498,-11959.196219574975,143.41686206231014,4640.418632368549,19256.531505913492,56626.67038784847,3521.8983793021016,13399.759655585953,49639.294876039916,124967.80956152215,223883.71325863895,0.9953584621483332,0.951453917188932,0.9826493845641104,0.9978203693374077,0.9999847880997388,0.9999999999994089,90.24815796349198,80.13037897373981,84.55307211413987,89.71407316173025,97.48056995338698,102.72807246868682
0,registered_style,mamba,TI,plan_active,18880,-1190.2515607321905,-35428.37599288182,-11819.887655021574,165.09419608541586,4750.109244253277,19256.531505913492,57369.205215046684,3521.8983793021016,13946.144448824894,50328.39751968425,125507.1902280434,221159.17579862085,0.9954537672171759,0.951453917188932,0.9830810778149277,0.9978359503406351,0.9999849456726009,0.9999999999741811,90.20543499870317,80.13037897373981,84.55075107792523,89.69175180860614,97.35413216364687,102.72807246868682
0,registered_style,mamba,TI,plan_inactive,18240,-1321.3341685774374,-38054.07712531498,-12109.237974041942,128.15415826032205,4529.515098045659,15471.293482050065,55858.08170706435,3640.2088680744628,12916.271532654524,48969.393866830105,124592.34267831234,223883.71325863895,0.9952598130419875,0.9531945470245042,0.9822062538985846,0.9978046924992836,0.9999845526320026,0.9999999999994089,90.2923799796769,80.6410641004949,84.55658906217141,89.7463557551288,97.59269360606018,102.49406762083119
1,original,cnn,RGB,all,35840,-1.5127831233826647,-111.55276732272702,-37.13555814036295,0.6637694088057785,30.40390019758225,96.83626583545697,224.66251951569805,41.97107935919583,92.77426854829288,206.82026784327678,410.3333025139436,635.848849840494,0.9926754243516848,0.9027528667190597,0.9708850785809193,0.9965259559567852,0.9999704607786635,0.9999999999944353,89.67244544988593,71.62895424145779,81.3776342310819,89.424358362741,97.7088360567274,104.61509269707109
1,original,cnn,RGB,plan_active,16576,-1.4786511692183455,-111.55276732272702,-37.450116265630065,0.5243428114001671,30.857039707609644,96.83626583545697,226.7427001994563,43.3388980075302,94.88209906576839,209.26679065247572,411.8678735302378,608.1245823571031,0.9926041896907827,0.9027528667190597,0.97081552091521,0.9964339388802903,0.9999684812008094,0.9999999999535658,89.66367815389867,71.62895424145779,81.19825627366183,89.47739072260667,97.65439182518725,104.60402962801788
1,original,cnn,RGB,plan_inactive,19264,-1.5421524792914982,-95.82697114970311,-36.960134209847304,0.7865662168512635,29.923883621402112,92.64648990881844,222.8725966017665,41.97107935919583,91.36577660520427,204.81832056794363,409.07357937262503,635.848849840494,0.9927367192924612,0.927544286481243,0.9709638651795461,0.9966160430830298,0.99997193167033,0.9999999999944353,89.67998940224706,74.13678776734868,81.5295780604023,89.38194470661853,97.75276334287074,104.61509269707109
1,original,cnn,NI,all,35840,2.2752815625468545,-116.93012192170222,-38.501251179172975,3.4051057720565603,40.72447067313131,94.56091279222692,281.3272487942633,53.423568809304896,130.5968792160046,267.6733443489512,476.9402981821582,759.0127628309144,0.9937257849721373,0.9255882786627919,0.9776389279495672,0.9965683855463213,0.9999611326691393,0.9999999999943212,89.0981629560008,73.9237815553586,81.78445020218905,88.85972644376422,96.52050544239344,104.26600301433893
1,original,cnn,NI,plan_active,16576,2.4483701412891956,-116.93012192170222,-37.74083335162864,3.6062935933681546,41.35227946614653,94.56091279222692,282.736281754765,56.55946068553286,131.6054649499075,269.1906094660073,477.8587053116387,716.6143384434952,0.9937602332150398,0.9255882786627919,0.97753618760138,0.9966405698811991,0.9999580278021423,0.9999999999844589,89.08167422398634,73.9237815553586,81.75898504140449,88.85105569975613,96.44724857536029,104.26600301433893
1,original,cnn,NI,plan_inactive,19264,2.1263448785127474,-108.58526787974267,-39.215641829353316,3.255539999665961,40.16054267292912,91.11597518063908,280.1148250840641,53.423568809304896,129.2880747553863,266.3138518108997,476.1690079000635,759.0127628309144,0.9936961434608025,0.9259038541845149,0.9777150611060149,0.9964944837141441,0.9999632343237829,0.9999999999943212,89.11235093471096,74.0398451448289,81.80883670878902,88.86326712705988,96.57545940555039,102.97454913329311
1,original,cnn,TI,all,35840,-2.9395699509419386,-136.7932540793701,-53.517858520427225,-1.8668187897963056,38.257603823688754,111.52015735457749,199.47818466823006,27.37038408978376,60.54126339260201,179.76377228361486,391.2536653708161,646.516473202068,0.9876185772244757,0.863225426692785,0.9568627223644993,0.9933404807955957,0.9999266470988513,0.9999999999975943,90.10225252667493,68.00424865822012,79.8563027441592,90.37567386706819,100.42956605563484,107.98822594598258
1,original,cnn,TI,plan_active,16576,-2.7359263316395737,-136.7932540793701,-54.87001503254082,-1.6236240230043142,39.403818205410815,101.31305703190284,201.61986064034232,27.86045316919378,60.38772221186002,183.04828983246463,392.5659640254099,592.1304198155894,0.9877376173217964,0.863225426692785,0.9563342887099995,0.9934641529586408,0.9999335978787586,0.9999999999657402,90.02815360675899,68.00424865822012,79.9915917773495,90.27657574265521,100.50983931025502,107.96906776470644
1,original,cnn,TI,plan_inactive,19264,-3.114798181504438,-119.65555631239373,-52.32373000934653,-2.063374437049822,37.19670240195456,111.52015735457749,197.63534720385434,27.37038408978376,60.67896164328853,177.20410591943977,389.6513341725018,646.516473202068,0.9875161473732927,0.8676763741912816,0.9570855921542176,0.9932550482128668,0.9999208968405539,0.9999999999975943,90.16601206241656,68.38167955973123,79.76340962021908,90.46644454378686,100.37034459569897,107.98822594598258
1,original,transformer,RGB,all,35840,0.014391686300729577,-0.05129605128971666,-0.016257319893861134,0.013978448214477787,0.04704590302882218,0.10552136627513857,0.14677413374132262,0.0817964608340619,0.11339979905666807,0.14462082726801417,0.18736100286396576,0.28786425465297116,0.9767991484882367,0.7659320367801632,0.9163209654019286,0.9875526969118094,0.9998723417204619,0.9999999999998261,8.222586724647934,4.700724524987104,6.4404567546092215,8.12652351667408,10.349478971159341,16.12977288359527
1,original,transformer,RGB,plan_active,16576,0.014059689154412339,-0.05129605128971666,-0.01691925818531716,0.013636719818111077,0.04707111821889708,0.10552136627513857,0.1468554283214967,0.0817964608340619,0.11351891196557047,0.14473926805262416,0.18754193676702918,0.28719251952199437,0.9770424504847176,0.7741302594293743,0.9172868677593747,0.9878817704810989,0.9998739438371389,0.9999999999998261,8.229467992559258,4.700724524987104,6.4500880840656745,8.129374872258209,10.35570335771403,16.12977288359527
1,original,transformer,RGB,plan_inactive,19264,0.014677358263839762,-0.05034285211726001,-0.015796716118671048,0.014282739087026302,0.04697974970544666,0.09310502253154368,0.1467041825909403,0.08300535477666561,0.11329004218472935,0.14454890587678168,0.18722684891102903,0.28786425465297116,0.9765897956075438,0.7659320367801632,0.9157382235282269,0.9872508524269752,0.9998721928735791,0.9999999999656823,8.216665633654472,4.748929532257144,6.433135701187157,8.123026979582797,10.346690891144016,15.16045613761806
1,original,transformer,NI,all,35840,0.010279875233907915,-0.05838722145800369,-0.022015802647064438,0.009300685140321292,0.04679215411608895,0.10168626016703053,0.16144453328124014,0.09108503943613597,0.12478453893640502,0.15864611571408868,0.2079770984473883,0.3098376887353397,0.9815100350721833,0.7732197279651917,0.9284895067047121,0.9911901331227957,0.9999271369840634,0.9999999999878466,9.067499825428005,5.314268696762069,7.099558527993842,8.931435081350047,11.511077722825082,16.973927220396583
1,original,transformer,NI,plan_active,16576,0.0099992012134792,-0.05825874455396484,-0.022267279472299194,0.008975405647539729,0.04734012366276507,0.09916898795889921,0.16130174057259875,0.09959541928929795,0.12456495837779943,0.15851679856252987,0.20797051128544644,0.30438544729575145,0.9815014422790487,0.7782068709712593,0.9272745560760514,0.9913343576191211,0.9999198292987268,0.9999999998487153,9.061855259472345,5.632221006162449,7.092264795349353,8.928711188693697,11.521977362745861,16.780429287626795
1,original,transformer,NI,plan_inactive,19264,0.010521385437532626,-0.05838722145800369,-0.021747487463362476,0.0095528730403125,0.04624365428215549,0.10168626016703053,0.16156740142588513,0.09108503943613597,0.1249885699086343,0.15878519669721075,0.20798178155719035,0.3098376887353397,0.9815174288709266,0.7732197279651917,0.9297063499447803,0.9910669466476711,0.9999300730410596,0.9999999999878466,9.072356777529384,5.314268696762069,7.1072829339503425,8.933878727617397,11.505659540785356,16.973927220396583
1,original,transformer,TI,all,35840,0.009431229629612257,-0.07127410604114885,-0.025887127722917406,0.007734933386907103,0.049815607126195996,0.1104449249211642,0.15703430434979798,0.08805729456187593,0.11884211701469014,0.1546024486042452,0.20377745906343894,0.2904751535864787,0.9783625630956351,0.7228307094504028,0.919742548189362,0.989704729613007,0.9999145225876613,0.9999999999992978,8.834364877790652,4.982948896226072,6.7612948956205265,8.705413597075172,11.361979266772648,16.646657553980376
1,original,transformer,TI,plan_active,16576,0.009265344562015698,-0.06826995864527464,-0.025624715444592275,0.007611207161933589,0.048578071142792584,0.10554378902308059,0.15701883561014512,0.08805729456187593,0.11935307352783814,0.15487760058221678,0.20315960462995744,0.28680844268821903,0.9787399052733639,0.7228307094504028,0.9223189845360493,0.9899111073797765,0.9999213555205537,0.9999999999992978,8.83559496255952,4.982948896226072,6.797907679747815,8.712452847181467,11.300953737029854,15.966129718462419
1,original,transformer,TI,plan_inactive,19264,0.009573967943590693,-0.07127410604114885,-0.026062204623891028,0.007869035693998296,0.05074073089779615,0.1104449249211642,0.157047614660662,0.0892557135470478,0.11822711624419917,0.15435288354756868,0.2043260468227737,0.2904751535864787,0.9780378733147987,0.7274625777419191,0.9173749080470635,0.9895214815857754,0.9999097838024485,0.9999999999870239,8.833306432756975,5.0839209352852475,6.727083818080207,8.696684143364795,11.405673636963135,16.646657553980376
1,original,mamba,RGB,all,35840,6.855018539324279,-169.3965312645766,-39.03716839337133,5.0236594244124095,57.1055070434946,244.47069831549592,560.6478898339628,41.27115473443099,147.13341104941034,466.10180034479333,1283.6133677802034,2287.441249605474,0.9973819166835349,0.9686109447576868,0.9906702172120726,0.998631816617879,0.9999867411500037,0.9999999999998851,89.12145517744852,79.7179718880904,84.63630091368411,89.16512058891811,93.55222177344204,99.00552048186194
1,original,mamba,RGB,plan_active,16576,7.42703557329765,-151.2409359144901,-38.054802727834314,5.500098156771026,58.14519122867561,217.96541132833144,563.0156807066451,47.46926883410951,143.69377760294495,471.7033486404573,1278.2069889638487,2220.921457335253,0.9973907953638605,0.9686109447576868,0.990855511173125,0.998623423030081,0.9999868008063862,0.9999999999812487,89.06331877693844,79.7179718880904,84.61480117781585,89.11214302270405,93.49341644270784,98.75046290897477
1,original,mamba,RGB,plan_inactive,19264,6.3628178356727725,-169.3965312645766,-40.14920921653426,4.60628929772075,56.2737011140501,244.47069831549592,558.6104883853759,41.27115473443099,150.82565512574973,462.26027823877496,1287.501776883488,2287.441249605474,0.9973742768888362,0.9701160806134942,0.9905084743696678,0.9986421341336899,0.9999866939867537,0.9999999999998851,89.1714795220735,79.94948589548665,84.6533043383857,89.21252459531757,93.60480744732439,99.00552048186194
1,original,mamba,NI,all,35840,10.172908783137101,-172.7277836227944,-43.95973335291305,11.608207154424186,61.036096549812555,178.84817412084166,666.143954309338,59.49813493239113,240.36301244357762,581.9644013362347,1383.4752741769455,2596.5681002665306,0.997527896990778,0.9758307036896708,0.9914367124899708,0.998658144785435,0.9999885419013089,0.999999999999833,88.85221674349366,81.53039482283006,84.88595101722031,88.6738247529515,93.68044688382341,98.8724741911267
1,original,mamba,NI,plan_active,16576,10.6367155338544,-158.4472583730252,-42.981047260865665,12.194692721235324,60.781209840210536,170.77987532740744,665.0588148999368,59.87988327354604,237.43710214792648,579.4955858636064,1384.227175045798,2596.5681002665306,0.9974924649663118,0.9792557070834735,0.9914037777534281,0.9986325366041466,0.999987759256552,0.999999999999833,88.81125082531493,81.59959805898313,84.82948200970172,88.61208870755323,93.66529066149398,98.10405735773737
1,original,mamba,NI,plan_inactive,19264,9.773819253450124,-172.7277836227944,-44.91482060941392,11.043516912155198,61.11474967998325,178.84817412084166,667.0776789174276,59.49813493239113,244.00603611299377,584.5140364575853,1380.4387260692981,2362.4646537682265,0.9975583850118306,0.9758307036896708,0.9914780541850798,0.9986812350815704,0.9999890661323081,0.9999999999838598,88.88746648704281,81.53039482283006,84.93280009311698,88.73069663344532,93.70795698556579,98.8724741911267
1,original,mamba,TI,all,35840,1.685917077686747,-131.40082128901318,-32.66895103085906,0.3189744782392766,40.54891436392454,152.06252480217563,412.60950989104504,57.29211600318139,131.8197376323041,333.23965075779176,969.8124840581274,2324.9948312528936,0.9972538645091171,0.962948573961323,0.9900652580663468,0.99858848832957,0.9999873222234164,0.9999999999999011,89.48201186535847,78.78847165628514,84.26927453379191,89.74736878170646,94.06807508520828,98.16061490577218
1,original,mamba,TI,plan_active,16576,1.5386411897362318,-128.43560928549147,-32.92619060573438,0.2170883504637594,39.81974206017579,152.06252480217563,408.47999051371147,57.29211600318139,129.85918655390032,328.6955355618656,964.6213365035214,2093.7834933863282,0.9972315981149168,0.9720069640984189,0.9899324969823837,0.9985726355544904,0.9999871990877807,0.9999999999999011,89.49236367682018,80.10902512550634,84.24943043163265,89.76727056498775,94.10203655805448,98.16061490577218
1,original,mamba,TI,plan_inactive,19264,1.8126428417371896,-131.40082128901318,-32.444060651352046,0.40585206411187125,41.147721024451094,135.3607952839523,416.162817262239,62.26117414493088,133.53001755589096,337.92822317282355,973.6351468715008,2324.9948312528936,0.997273023964592,0.962948573961323,0.9901378591482402,0.9986010005454979,0.9999873626487435,0.9999999999997216,89.47310449270536,78.78847165628514,84.30041336638223,89.73066637987608,94.04224419910061,97.35794375804875
1,registered_style,cnn,RGB,all,35840,-1.6388632098317721,-111.55276732272702,-38.077942909970766,0.6691372391054236,30.72678151558384,92.64648990881844,228.14167862956182,41.97107935919583,94.72582965614554,209.7810735607477,417.2450571393913,668.0910860033084,0.9926910685882261,0.91272185715029,0.9715024277945983,0.9964869592050338,0.9999713919204118,0.9999999999981523,89.69268051422135,72.6015459822553,81.46375103265943,89.44276102844049,97.73878169513881,105.20458005037925
1,registered_style,cnn,RGB,plan_active,16576,-1.7512567615407388,-111.55276732272702,-39.238704436814146,0.5348073442004824,31.695877811838812,91.8430556730974,234.26520639159418,42.95737283855628,100.13207271611712,216.2493173551273,425.77157152899235,668.0910860033084,0.9926380150670882,0.91272185715029,0.9720904985267336,0.9963327449798935,0.999970947820117,0.9999999999981523,89.70742964435362,72.6015459822553,81.42730327101582,89.51150052839967,97.71119340754764,105.20458005037925
1,registered_style,cnn,RGB,plan_inactive,19264,-1.5421524792914982,-95.82697114970311,-36.960134209847304,0.7865662168512635,29.923883621402112,92.64648990881844,222.8725966017665,41.97107935919583,91.36577660520427,204.81832056794363,409.07357937262503,635.848849840494,0.9927367192924612,0.927544286481243,0.9709638651795461,0.9966160430830298,0.99997193167033,0.9999999999944353,89.67998940224706,74.13678776734868,81.5295780604023,89.38194470661853,97.75276334287074,104.61509269707109
1,registered_style,cnn,NI,all,35840,2.4092833343159263,-108.58526787974267,-39.12152224517828,3.4583947687502805,41.381234209791955,106.79861645890557,284.19516009736884,53.423568809304896,132.31963220294713,270.2108318794725,480.9452165635559,759.0127628309144,0.993670162892314,0.9258776769093866,0.9773947164402154,0.9965503210940951,0.999962055854645,0.9999999999943212,89.07399987530376,73.99408872537155,81.69766158529765,88.85265434644572,96.4931973520963,103.98803878460996
1,registered_style,cnn,NI,plan_active,16576,2.738103701870972,-107.15566198002651,-39.00514467644454,3.7290691146466233,42.81877996989178,106.79861645890557,288.93717105877715,57.23941863322171,135.9858969506958,274.96769957898596,486.8595706652478,726.3211149196951,0.9936399692586654,0.9258776769093866,0.9770386471725863,0.9966069695860851,0.9999608781501965,0.9999999999844589,89.02942972518188,73.99408872537155,81.57448124379428,88.83199119858978,96.3663486083646,103.98803878460996
1,registered_style,cnn,NI,plan_inactive,19264,2.1263448785127474,-108.58526787974267,-39.215641829353316,3.255539999665961,40.16054267292912,91.11597518063908,280.1148250840641,53.423568809304896,129.2880747553863,266.3138518108997,476.1690079000635,759.0127628309144,0.9936961434608025,0.9259038541845149,0.9777150611060149,0.9964944837141441,0.9999632343237829,0.9999999999943212,89.11235093471096,74.0398451448289,81.80883670878902,88.86326712705988,96.57545940555039,102.97454913329311
1,registered_style,cnn,TI,all,35840,-2.823374101401607,-146.43652119929402,-52.330865962497434,-1.6691103753345562,37.93528640317701,111.52015735457749,201.968859630049,27.37038408978376,61.19650170721094,181.6941647148666,395.62519972791165,646.516473202068,0.9879648239885583,0.8599795656613756,0.9579276261352816,0.9935662660950951,0.9999284633199552,0.9999999999975943,90.05651309311376,67.73440265922092,79.94782206401895,90.28210640891709,100.17488966781006,107.98822594598258
1,registered_style,cnn,TI,plan_active,16576,-2.484692062363181,-146.43652119929402,-52.304970228657446,-1.0973758729473184,38.31242300467314,100.87736374687027,207.00510380103202,27.892734484387073,62.08252976173594,187.09955045274256,402.5518913401885,633.5482344174371,0.988486258973867,0.8599795656613756,0.9591906216061,0.9939164394714286,0.9999361228436329,0.9999999999496486,89.92925753419432,67.73440265922092,80.11781082578108,90.03940593465643,99.94011445674674,107.1440687994955
1,registered_style,cnn,TI,plan_inactive,19264,-3.114798181504438,-119.65555631239373,-52.32373000934653,-2.063374437049822,37.19670240195456,111.52015735457749,197.63534720385434,27.37038408978376,60.67896164328853,177.20410591943977,389.6513341725018,646.516473202068,0.9875161473732927,0.8676763741912816,0.9570855921542176,0.9932550482128668,0.9999208968405539,0.9999999999975943,90.16601206241656,68.38167955973123,79.76340962021908,90.46644454378686,100.37034459569897,107.98822594598258
1,registered_style,transformer,RGB,all,35840,0.01400367963794161,-0.05034285211726001,-0.016724455159388533,0.013488427225762795,0.04691207783970326,0.10054192709583418,0.1469339469333908,0.08300535477666561,0.11341622556021612,0.1446761662366151,0.18802443653256945,0.28884111503116106,0.9770539981918966,0.759308955339123,0.9161600935368619,0.9878399422617925,0.9998772918133356,0.9999999999656823,8.23448612017796,4.748929532257144,6.440264447151819,8.132598039172258,10.393086084889976,16.12977288359527
1,registered_style,transformer,RGB,plan_active,16576,0.013220755829465382,-0.04796047930814597,-0.017950103760077572,0.012514430433028167,0.04681318204775722,0.10054192709583418,0.14720097035840082,0.0841940463484563,0.11349193483686024,0.14482597955331847,0.18931807168224893,0.28884111503116106,0.9775934768710096,0.759308955339123,0.9167694039296911,0.9885054394757107,0.9998872322374307,0.9999999996480157,8.25519641532688,4.835654396404182,6.447693375828,8.146691601936702,10.443727785607635,16.12977288359527
1,registered_style,transformer,RGB,plan_inactive,19264,0.014677358263839762,-0.05034285211726001,-0.015796716118671048,0.014282739087026302,0.04697974970544666,0.09310502253154368,0.1467041825909403,0.08300535477666561,0.11329004218472935,0.14454890587678168,0.18722684891102903,0.28786425465297116,0.9765897956075438,0.7659320367801632,0.9157382235282269,0.9872508524269752,0.9998721928735791,0.9999999999656823,8.216665633654472,4.748929532257144,6.433135701187157,8.123026979582797,10.346690891144016,15.16045613761806
1,registered_style,transformer,NI,all,35840,0.010050260905405997,-0.05838722145800369,-0.022080110809428663,0.009021019350278544,0.04643276804037685,0.10168626016703053,0.16182509761178723,0.09108503943613597,0.12495054759209427,0.15895642854948294,0.20926383977933216,0.33109099813181,0.9817848538980387,0.7732197279651917,0.9295003858013803,0.9914524986592705,0.9999299993712264,0.9999999999878466,9.090843449209162,5.314268696762069,7.107544320255598,8.944939720631705,11.584725380481002,18.485366704053224
1,registered_style,transformer,NI,plan_active,16576,0.009502737800502075,-0.0582812250474939,-0.02252058353330957,0.008383249292450072,0.046758131783064635,0.09916827248504281,0.16212458236837615,0.09415525831441167,0.12486386106773188,0.15919373493518107,0.21066623000036822,0.33109099813181,0.9820956451457635,0.776794099851067,0.9292319752129325,0.991873058747617,0.999929663639211,0.9999999989528422,9.112327959539716,5.369726623685861,7.110684910451425,8.957279130693346,11.681863649646736,18.485366704053224
1,registered_style,transformer,NI,plan_inactive,19264,0.010521385437532626,-0.05838722145800369,-0.021747487463362476,0.0095528730403125,0.04624365428215549,0.10168626016703053,0.16156740142588513,0.09108503943613597,0.1249885699086343,0.15878519669721075,0.20798178155719035,0.3098376887353397,0.9815174288709266,0.7732197279651917,0.9297063499447803,0.9910669466476711,0.9999300730410596,0.9999999999878466,9.072356777529384,5.314268696762069,7.1072829339503425,8.933878727617397,11.505659540785356,16.973927220396583
1,registered_style,transformer,TI,all,35840,0.009664490895277761,-0.07127410604114885,-0.025665460032900198,0.007968496799075193,0.050276002003898285,0.1104449249211642,0.15705408987402136,0.08842702613458009,0.11896810765873954,0.15465050914551864,0.2035927487200097,0.2904751535864787,0.9782654003505653,0.7264153331673026,0.9181350512063616,0.9897190276090706,0.9999145225876613,0.9999999999890099,8.83357318993356,5.017794108268601,6.761608869976653,8.710274426460611,11.350514400308702,16.646657553980376
1,registered_style,transformer,TI,plan_active,16576,0.009769693244535705,-0.06826118359126897,-0.025101525770593502,0.008078946044956084,0.04951461740139084,0.10736388693389692,0.15706161512197955,0.08842702613458009,0.11984268576853567,0.15493843809221572,0.20254867875560098,0.28680844268821903,0.9785298236624023,0.7264153331673026,0.919086112225344,0.9900000241013915,0.9999208460216364,0.9999999999890099,8.833883205030675,5.017794108268601,6.803606371079763,8.722334228327876,11.286834171903026,15.966129718462419
1,registered_style,transformer,TI,plan_inactive,19264,0.009573967943590693,-0.07127410604114885,-0.026062204623891028,0.007869035693998296,0.05074073089779615,0.1104449249211642,0.157047614660662,0.0892557135470478,0.11822711624419917,0.15435288354756868,0.2043260468227737,0.2904751535864787,0.9780378733147987,0.7274625777419191,0.9173749080470635,0.9895214815857754,0.9999097838024485,0.9999999999870239,8.833306432756975,5.0839209352852475,6.727083818080207,8.696684143364795,11.405673636963135,16.646657553980376
1,registered_style,mamba,RGB,all,35840,6.709698620230603,-169.3965312645766,-40.77469463887856,5.030245487198394,57.95085794914212,244.47069831549592,568.9533513682594,41.27115473443099,151.7693897107141,476.29246489221464,1293.6395463339804,2801.609707306134,0.9973706126575922,0.9686109447576868,0.9906932296075553,0.9985939155086845,0.9999866196072983,0.9999999999998851,89.1617122294078,79.7179718880904,84.69281307816142,89.1769887322898,93.66440008139656,99.00552048186194
1,registered_style,mamba,RGB,plan_active,16576,7.112830342824838,-161.29414389460769,-41.384766697901064,5.552263309889554,59.950732658263895,217.80813328178473,580.9734353753944,47.51050531733661,152.49279736616026,492.5424342504428,1301.1559100504521,2801.609707306134,0.997366354226687,0.9686109447576868,0.9909227471585697,0.998533560209177,0.999986583033659,0.9999999999343491,89.150361051445,79.7179718880904,84.73267255014282,89.14009845537004,93.72458023215296,98.5884771102774
1,registered_style,mamba,RGB,plan_inactive,19264,6.3628178356727725,-169.3965312645766,-40.14920921653426,4.60628929772075,56.2737011140501,244.47069831549592,558.6104883853759,41.27115473443099,150.82565512574973,462.26027823877496,1287.501776883488,2287.441249605474,0.9973742768888362,0.9701160806134942,0.9905084743696678,0.9986421341336899,0.9999866939867537,0.9999999999998851,89.1714795220735,79.94948589548665,84.6533043383857,89.21252459531757,93.60480744732439,99.00552048186194
1,registered_style,mamba,NI,all,35840,10.289879054011115,-207.20744610491295,-45.41103856424925,11.724121438227876,62.03335444714715,178.84817412084166,675.5717248860601,59.208610369489065,246.74627987180813,596.0494654103333,1381.92484932598,2652.6850401164447,0.997487880548085,0.9728277861205337,0.9912960908022387,0.9986217951391361,0.9999879049708055,0.9999999999838598,88.86130769179695,80.44198156864962,84.85215522833523,88.68676565143801,93.73719535331381,98.8724741911267
1,registered_style,mamba,NI,plan_active,16576,10.889624227636048,-207.20744610491295,-45.88818683112716,12.616645262590858,63.338308524014515,173.00264523455573,685.4431837144709,59.208610369489065,250.15483404966744,606.2169949594991,1382.207397548347,2652.6850401164447,0.9974059429280563,0.9728277861205337,0.9911671817467729,0.9985512546322277,0.999986597098022,0.999999999451982,88.83090692975445,80.44198156864962,84.77758227732731,88.63255867582973,93.7714527955384,98.61905041867892
1,registered_style,mamba,NI,plan_inactive,19264,9.773819253450124,-172.7277836227944,-44.91482060941392,11.043516912155198,61.11474967998325,178.84817412084166,667.0776789174276,59.49813493239113,244.00603611299377,584.5140364575853,1380.4387260692981,2362.4646537682265,0.9975583850118306,0.9758307036896708,0.9914780541850798,0.9986812350815704,0.9999890661323081,0.9999999999838598,88.88746648704281,81.53039482283006,84.93280009311698,88.73069663344532,93.70795698556579,98.8724741911267
1,registered_style,mamba,TI,all,35840,1.9480648388880268,-147.90950489543425,-33.73188397749382,0.6689751967831765,41.84621842784134,154.69110614161426,419.45840068310247,54.574673749162024,133.60462149761747,339.93446817074584,984.2978990743665,2324.9948312528936,0.9972066333937558,0.962948573961323,0.9898252785167546,0.9985810555102732,0.9999869303348686,0.9999999999999011,89.44488304847702,78.78847165628514,84.22014388969723,89.68370386374076,94.08763072782108,98.75704366238975
1,registered_style,mamba,TI,plan_active,16576,2.1054471599011615,-147.90950489543425,-35.73504220826529,0.9819107040698953,42.90418684034751,154.69110614161426,423.2884030370789,54.574673749162024,133.75728086904644,342.2319063511044,995.2492701173039,2268.824281611497,0.9971294767844056,0.9690374051771103,0.9894242045426643,0.9985494574161893,0.9999864616712233,0.9999999999999011,89.41208515383329,79.70688716177095,84.11869798825063,89.62675730457308,94.14302927867033,98.75704366238975
1,registered_style,mamba,TI,plan_inactive,19264,1.8126428417371896,-131.40082128901318,-32.444060651352046,0.40585206411187125,41.147721024451094,135.3607952839523,416.162817262239,62.26117414493088,133.53001755589096,337.92822317282355,973.6351468715008,2324.9948312528936,0.997273023964592,0.962948573961323,0.9901378591482402,0.9986010005454979,0.9999873626487435,0.9999999999997216,89.47310449270536,78.78847165628514,84.30041336638223,89.73066637987608,94.04224419910061,97.35794375804875
2,original,cnn,RGB,all,34560,0.10845980757157013,-0.08593699932417803,0.02704782481401269,0.1071824674676869,0.1966630079183453,0.3356907955077024,0.33144483921589246,0.14812918236239153,0.22227504034705206,0.3236488505006242,0.4660502661495586,0.9561856122465169,0.8958749512867311,0.6009952504938815,0.7796332821108674,0.9016304598481529,0.9896119046746668,0.9999999671710166,16.538407680273682,7.891056323995332,11.835288709523637,16.229302630756607,22.292836253015974,37.02963537086382
2,original,cnn,RGB,plan_active,16960,0.10745524949733577,-0.08593699932417803,0.026136615560670123,0.10671317536062923,0.19296545088526734,0.31797967899908036,0.33204640860346146,0.14812918236239153,0.22331043241650966,0.3240964102313205,0.46816894599771425,0.9561856122465169,0.897034065257032,0.6084795142991758,0.7827304038235684,0.9020004955539151,0.9906417304152756,0.9999999671710166,16.5844699244169,7.891056323995332,11.883338617644796,16.255380499782273,22.450329373701965,37.02963537086382
2,original,cnn,RGB,plan_inactive,17600,0.10942783626128684,-0.07772115126106925,0.02787659310176529,0.10765566605909799,0.20040705554310798,0.3356907955077024,0.3308651450787806,0.15142126348998639,0.22169861938918511,0.3230664326539031,0.46408582024617023,0.8075788113002326,0.8947579869153502,0.6009952504938815,0.7744869505139222,0.9012029996103381,0.9889743626926645,0.9999991974280723,16.494020426826577,8.251197978228104,11.789401169119952,16.213181805607004,22.12241567633375,33.43387346044321
2,original,cnn,NI,all,34560,0.10275522673246476,-0.12889771938163716,0.012673499239400404,0.10065343761607226,0.19857287679809305,0.33238183124373955,0.3446158184330997,0.1253956913721221,0.2275868741187469,0.3349302436725391,0.4955227783980869,0.7875137165929439,0.9053121031098019,0.6176120553757639,0.7841492447610776,0.912288112073286,0.99623637712985,0.9999999999963467,17.25335973052751,7.162954806307011,12.028560569444503,16.855859938195756,23.70257744297716,36.656838145833945
2,original,cnn,NI,plan_active,16960,0.10184859483847399,-0.1283280563138156,0.01135852306651811,0.10012465578522733,0.19675877411167011,0.3014168010873435,0.34649577027964823,0.1446846307675092,0.2281210025793022,0.3356635627136406,0.5043184732089588,0.7001151442837796,0.9068070251967596,0.6176120553757639,0.7869056465964003,0.9136935372517212,0.996492095444598,0.9999999979833664,17.353202347077993,7.954979571948507,12.06666836561674,16.8923354845613,24.05273357420949,35.22003468775719
2,original,cnn,NI,plan_inactive,17600,0.10362889019394679,-0.12889771938163716,0.01391785527381973,0.10111079757930613,0.2003813865026454,0.33238183124373955,0.3428042284718802,0.1253956913721221,0.22688970740658612,0.33426418694340276,0.48722074142926775,0.7875137165929439,0.903871541826006,0.6207526338698782,0.7818367450126541,0.9109526199146074,0.9958788357598941,0.9999999999963467,17.15714775457887,7.162954806307011,11.98651496172572,16.820367932869388,23.313725114732897,36.656838145833945
2,original,cnn,TI,all,34560,0.09604012472541226,-0.040914621538863646,0.02811595680943673,0.09091167054324638,0.18026492978753397,0.30929194148483696,0.31688876218431367,0.11693148916754625,0.19554109237413075,0.3029735970212635,0.4834427260685393,0.8299081768110217,0.9088628320193768,0.640945412836205,0.7936992345769457,0.9189101548021819,0.9874740730947206,0.9999999999115698,15.967194720654229,6.607142892547458,10.490981488219978,15.473962172468099,23.191295777227925,35.335872871740385
2,original,cnn,TI,plan_active,16960,0.09549241830215703,-0.04075165560749505,0.02831115532796268,0.09059573789797078,0.17955717684753095,0.27624579531014337,0.31606341783706005,0.12392595842883787,0.195866985139641,0.3024751255022124,0.48167623427853357,0.7912772160187094,0.9091670180948831,0.6600798683544343,0.7947289513344967,0.9190615424493378,0.9874303818638658,0.9999999429351853,15.939989866221625,7.196149341401316,10.496576761493738,15.459445968109314,23.06434308309234,34.53911407204144
2,original,cnn,TI,plan_inactive,17600,0.09656791455145822,-0.040914621538863646,0.02795036350652319,0.0911673578402326,0.18082655054457197,0.30929194148483696,0.31768409400984904,0.11693148916754625,0.19519639682942164,0.30348900062600026,0.48469000347703545,0.8299081768110217,0.908569707255707,0.640945412836205,0.7928457138226428,0.9188285768051656,0.9875051149385251,0.9999999999115698,15.99341030765292,6.607142892547458,10.478856438420165,15.491376728022004,23.244989474290207,35.335872871740385
2,original,transformer,RGB,all,34560,0.019631154386986486,-0.06530930236731723,-0.016457660602153916,0.018812332201725283,0.05886360007118049,0.16154862124268562,0.18752857971541165,0.10380449396275634,0.14030362645075758,0.1828152656225139,0.2511539352071247,0.39259591277506206,0.9771508222570657,0.7723117528787533,0.9220811011476945,0.9870532049801821,0.9998723221522541,0.9999999998218895,10.402954965494018,5.891983721527709,7.898893140343471,10.164962069520858,13.754034996895674,20.111340515751944
2,original,transformer,RGB,plan_active,16960,0.019535446822597502,-0.06530930236731723,-0.0166214339364616,0.018968056097386363,0.058794292800716456,0.1254099739484603,0.18771318994601927,0.10380449396275634,0.14031620263816807,0.18290469695361838,0.25183066294757034,0.39259591277506206,0.9775112689805642,0.7974183146955627,0.923692057777722,0.9869262812240183,0.9998732032858938,0.9999999998218895,10.413380529686982,5.891983721527709,7.903857268849303,10.16816058721989,13.784535781893508,20.111340515751944
2,original,transformer,RGB,plan_inactive,17600,0.019723381676306773,-0.05790419404173976,-0.0163049585537734,0.018668921984299345,0.0589842933886436,0.16154862124268562,0.1873506825840988,0.10545695215960199,0.1403035965761243,0.18271178906491947,0.2504145695682814,0.3891472723622735,0.9768034826871489,0.7723117528787533,0.9206204543595835,0.9872104550230301,0.9998701124592327,0.9999999995077031,10.392908512726256,5.985560654126018,7.892000203248081,10.160967659345298,13.70807224094946,19.882902153699327
2,original,transformer,NI,all,34560,0.013166270380977783,-0.06738183416121214,-0.022946842456483065,0.01210793161659202,0.05338006363684448,0.1303615640127197,0.18785125048004428,0.10359743071891052,0.13933258055715486,0.18283087898946854,0.25387787692791575,0.42800050452216293,0.9824708168307072,0.7649327887485116,0.9365430554424747,0.9910887008528619,0.999921954287121,0.9999999999820062,10.483126583169948,5.923473028823623,7.911577560887498,10.232936614432592,13.924104142100953,21.624097560293386
2,original,transformer,NI,plan_active,16960,0.012900955876090277,-0.06738183416121214,-0.02288771225390152,0.01170317511256926,0.05343145860754477,0.1303615640127197,0.18782694672541136,0.10359743071891052,0.13892704749610868,0.1826454209578715,0.2547305758570748,0.42800050452216293,0.9826091854589768,0.7649327887485116,0.9365456332679193,0.9913244369834348,0.9999249554280595,0.9999999999786625,10.484239743903576,5.923473028823623,7.899943774456174,10.234919109975086,13.961606681360125,21.624097560293386
2,original,transformer,NI,plan_inactive,17600,0.01342193708568756,-0.06490210272630566,-0.023043030028230688,0.012493740922191764,0.05335339245926514,0.13023580100901058,0.18787467046178147,0.10451682393688883,0.13961301997169392,0.18300532326387098,0.2531663891798469,0.38366777016960757,0.9823374797889202,0.774017736536203,0.9365430554424747,0.9908406043295005,0.9999189250858103,0.9999999999820062,10.48205390100845,6.031492196346958,7.922716218057225,10.230999000388952,13.887656580798708,20.307946328159478
2,original,transformer,TI,all,34560,0.022820424269368957,-0.06500778138256587,-0.017437996577254953,0.022036224781791406,0.06706552081979371,0.17064126721952097,0.19796254408325226,0.08549574508759158,0.13361797283287816,0.19164154801774214,0.2815704759886629,0.5657614039111099,0.9744471915777918,0.809698804933646,0.9146103095186464,0.9843153306689476,0.99983594837497,0.999999999997743,10.925487985296728,4.772373396059439,7.473250002855465,10.64856285162658,15.266403523781243,29.35057555401934
2,original,transformer,TI,plan_active,16960,0.023422558785179612,-0.06500778138256587,-0.01593539211367501,0.022521234047239245,0.06801341100863025,0.12864490442303697,0.1978096173960146,0.08812422734811196,0.13336160724561322,0.19118019178502668,0.2821705859401687,0.5657614039111099,0.9742377407619209,0.8155695985370948,0.9151529799527458,0.9839575165956258,0.9998302846980043,0.9999999996603471,10.909923854062987,5.044237381316517,7.463688950541408,10.613150668253152,15.281819296065207,29.35057555401934
2,original,transformer,TI,plan_inactive,17600,0.022240185554133228,-0.060791913820806245,-0.018772170451965664,0.021566415891570677,0.06651540907102792,0.17064126721952097,0.19810990980004484,0.08549574508759158,0.13381159747928997,0.192112535077737,0.28097187661656026,0.5545848721742814,0.9746490260003586,0.809698804933646,0.9139957640536053,0.9846547545300441,0.9998391042659144,0.999999999997743,10.94048614812197,4.772373396059439,7.490680028035162,10.685631383952822,15.248153985112303,28.837661333526725
2,original,mamba,RGB,all,34560,-280.9252464163601,-19147.36129132805,-5024.260407217115,-366.77873481578104,4648.890193692016,24972.70076857593,37180.75974525954,953.7542523226846,6738.521096608329,28780.320543397153,93818.60512389815,208699.21558596514,0.9951882621418419,0.9520804158060823,0.9765316607794141,0.9979941740741962,0.9999835846620517,0.9999999999998866,90.73384286709475,77.35437571407239,82.6654309530286,91.09375461043592,96.2665349416177,102.14639082731881
2,original,mamba,RGB,plan_active,16960,-288.38273334214,-17114.884841898,-5142.9326324461235,-377.82287708800845,4899.547487150116,24517.417754276048,37550.09705386395,1011.5133949891491,6702.147207450867,28877.09188057005,95293.18499795455,172584.2953318958,0.9950717916162676,0.9520804158060823,0.9758926784962968,0.997971324004133,0.999984728398526,0.9999999999998866,90.7809370711457,77.35437571407239,82.30390901454957,91.12837424739178,96.34690322039548,101.7724439512835
2,original,mamba,RGB,plan_inactive,17600,-273.7389408333358,-19147.36129132805,-4883.795167468416,-353.6345269966183,4431.070164612879,24972.70076857593,36824.85288424073,953.7542523226846,6787.795849152724,28691.889733943004,92611.88838559753,208699.21558596514,0.9953004973755769,0.9557123185118297,0.9771017598306867,0.998008919001987,0.9999824008070773,0.9999999998924934,90.68846117955474,78.07175977022042,82.9329999796876,91.06052114340758,96.14953857052963,102.14639082731881
2,original,mamba,NI,all,34560,-1622.1794835897595,-22322.390249068452,-7184.561588254078,-1211.564695476939,2617.632857340531,15405.326661003231,47623.28187784774,1722.6139372339292,9392.287333655646,38867.51114334631,114440.70873731448,249812.6912842863,0.9951742950889304,0.9533797565012275,0.9815555542229092,0.9977119215607879,0.9999783581632233,0.9999999999965649,92.23293754252482,80.79837439937377,86.94181405943915,92.22114469328068,97.76466567885724,102.46582062800113
2,original,mamba,NI,plan_active,16960,-1691.4500456926683,-22322.390249068452,-7319.3064179985995,-1238.1517103776969,2567.855803383125,15405.326661003231,48136.88030526249,2038.3620056310308,9333.257888098153,38793.009591623675,117184.03735397375,249812.6912842863,0.9950899815516578,0.9567674857622981,0.981337464342499,0.9976694904217209,0.9999773632075777,0.9999999999965649,92.31859856238064,80.79837439937377,87.03761075965417,92.31051107474576,97.82508610198713,101.9977613590757
2,original,mamba,NI,plan_inactive,17600,-1555.4278510178656,-22183.03580679146,-7036.954761471555,-1183.9010662568467,2643.0553094425995,13448.723333989292,47128.359756884434,1722.6139372339292,9449.72423044866,38910.43406205805,111864.98150793316,232279.68092797312,0.9952555426793934,0.9533797565012275,0.9818429619068171,0.9977532335056816,0.9999787423706562,0.9999999999463643,92.1503914688456,81.20041980819036,86.84272448232839,92.14460421396885,97.68827967570786,102.46582062800113
2,original,mamba,TI,all,34560,147.02496844521679,-5646.093088898934,-1340.1845477092459,-7.888153893260233,2096.289081324702,7594.389639690865,16553.755789185394,911.948585992174,4342.753692555184,13279.39670278622,42549.66785612258,102247.22777065972,0.9968649692131342,0.958668974898017,0.9887487841044854,0.9984333901540645,0.9999868816472286,0.9999999999938189,89.85450974653395,78.83263652787524,84.46070266262865,90.04033421710218,94.89273896192884,101.72682616620962
2,original,mamba,TI,plan_active,16960,163.2048202530061,-5646.093088898934,-1360.39737772753,7.504236173012525,2171.8504637414126,7594.389639690865,16704.777920502514,1130.8442334147974,4414.843127140131,13368.439058840871,43275.0427958103,95660.61551052859,0.99683278140084,0.958668974898017,0.9884852294620075,0.9984226329910378,0.9999875990077107,0.9999999998524718,89.80032364117359,78.83263652787524,84.40206236516681,89.94799372988925,94.90499348458201,101.72682616620962
2,original,mamba,TI,plan_inactive,17600,131.43347488498344,-5203.313785456492,-1326.762901175212,-24.353789291725917,2010.9320379355988,7086.788709148213,16408.22537173436,911.948585992174,4277.759768676676,13189.035549622302,41700.82467719306,102247.22777065972,0.9968959865595268,0.96519703613795,0.9890020272057511,0.998443760333143,0.9999861834081125,0.9999999999938189,89.90672544806301,79.24357554047144,84.50982620144246,90.14181049802767,94.88456757140939,98.72058400068919
2,registered_style,cnn,RGB,all,34560,0.10806902741554043,-0.07772115126106925,0.026485813960955545,0.10678827516455183,0.19695353872496654,0.3356907955077024,0.33161329890326474,0.14563415012609987,0.22345697020571106,0.3245722542111036,0.46293438213308513,0.9915792860233967,0.8965466654404801,0.6009952504938815,0.7810062599414586,0.90232905616383,0.9903745961092348,0.9999997660693364,16.555818402068564,7.891056323995332,11.89261585197846,16.29151550193528,22.168193466415307,37.92238217975938
2,registered_style,cnn,RGB,plan_active,16960,0.10665894276429419,-0.07562306280826273,0.024704865762618287,0.1058810194676763,0.19361735853151466,0.314985457408886,0.3323896849475407,0.14563415012609987,0.22591666261647092,0.3259832352918129,0.461766664206284,0.9915792860233967,0.898402841268445,0.6205891363759161,0.7848490833243797,0.903403275951982,0.9917745218358269,0.9999997660693364,16.619948376376296,7.891056323995332,12.000844868663018,16.366134789020727,22.220995360357033,37.92238217975938
2,registered_style,cnn,RGB,plan_inactive,17600,0.10942783626128684,-0.07772115126106925,0.02787659310176529,0.10765566605909799,0.20040705554310798,0.3356907955077024,0.3308651450787806,0.15142126348998639,0.22169861938918511,0.3230664326539031,0.46408582024617023,0.8075788113002326,0.8947579869153502,0.6009952504938815,0.7744869505139222,0.9012029996103381,0.9889743626926645,0.9999991974280723,16.494020426826577,8.251197978228104,11.789401169119952,16.213181805607004,22.12241567633375,33.43387346044321
2,registered_style,cnn,NI,all,34560,0.10164150469175355,-0.12889771938163716,0.011277814030909694,0.09977504265406945,0.19745133147918495,0.33238183124373955,0.34336600879452106,0.1253956913721221,0.22864927194744494,0.33370186068253094,0.49103415040428006,0.7875137165929439,0.9063579632511232,0.6074405722019869,0.7857006254383632,0.9141046710132592,0.9965974667566984,0.9999999999963467,17.214371173882533,7.162954806307011,12.078268283729376,16.823741487123854,23.55009404260305,36.656838145833945
2,registered_style,cnn,NI,plan_active,16960,0.09957912351023226,-0.1126338140971454,0.00869789633293352,0.09845311510493157,0.19373173075837474,0.29447656727587174,0.34394898837461996,0.1436888508679658,0.23048881839799426,0.33323658679692364,0.49551091755048654,0.7001151442837796,0.9089382118998296,0.6074405722019869,0.7899414049487928,0.9168888255131804,0.997172235131844,0.9999999995499796,17.27375396749954,8.020674500665068,12.162855215618645,16.825918838117087,23.74936972305856,35.27966892506091
2,registered_style,cnn,NI,plan_inactive,17600,0.10362889019394679,-0.12889771938163716,0.01391785527381973,0.10111079757930613,0.2003813865026454,0.33238183124373955,0.3428042284718802,0.1253956913721221,0.22688970740658612,0.33426418694340276,0.48722074142926775,0.7875137165929439,0.903871541826006,0.6207526338698782,0.7818367450126541,0.9109526199146074,0.9958788357598941,0.9999999999963467,17.15714775457887,7.162954806307011,11.98651496172572,16.820367932869388,23.313725114732897,36.656838145833945
2,registered_style,cnn,TI,all,34560,0.09533936902146217,-0.043205222856027466,0.027649992645772004,0.09038555669833631,0.17827850086893668,0.30929194148483696,0.3143694271723872,0.11693148916754625,0.19412937674733707,0.30008265087696384,0.482088720288862,0.8299081768110217,0.9088112552444365,0.640945412836205,0.7949051457557261,0.9185435405597941,0.9874580065094142,0.9999999999115698,15.854834701705093,6.607142892547458,10.435885675716477,15.343602447157828,23.121379897405934,35.335872871740385
2,registered_style,cnn,TI,plan_active,16960,0.09406446328278702,-0.043205222856027466,0.027403814986034152,0.08965005446958266,0.17558208443894252,0.27971154917356267,0.3109296785674741,0.1290446318600771,0.1929155421462305,0.2967696281788528,0.4786621145387663,0.759461568206029,0.9090619182516084,0.6607020285201477,0.7966668710617504,0.9184033866864565,0.9873877909088911,0.9999999618749019,15.71102982760829,7.219504150954958,10.390680051575494,15.192213573974588,22.965870421099794,33.46783776172309
2,registered_style,cnn,TI,plan_inactive,17600,0.09656791455145822,-0.040914621538863646,0.02795036350652319,0.0911673578402326,0.18082655054457197,0.30929194148483696,0.31768409400984904,0.11693148916754625,0.19519639682942164,0.30348900062600026,0.48469000347703545,0.8299081768110217,0.908569707255707,0.640945412836205,0.7928457138226428,0.9188285768051656,0.9875051149385251,0.9999999999115698,15.99341030765292,6.607142892547458,10.478856438420165,15.491376728022004,23.244989474290207,35.335872871740385
2,registered_style,transformer,RGB,all,34560,0.019566217399496343,-0.0684221145724351,-0.0171307749688219,0.018683649770810808,0.05955825779993397,0.16154862124268562,0.18710607355508493,0.10267624179443093,0.13956564559327844,0.18248832551423752,0.2508052470487197,0.4155957135902665,0.9769601634713092,0.7723117528787533,0.9211837021520936,0.9869374158450241,0.9998704126756138,0.9999999996985568,10.38007404624673,5.736271163226982,7.861527654141154,10.15227374330624,13.70890247313397,20.73526241093068
2,registered_style,transformer,RGB,plan_active,16960,0.019403122395259095,-0.0684221145724351,-0.01805463967795214,0.018686776446474887,0.0601323126159972,0.12615377799422067,0.1868522339966744,0.10267624179443093,0.13888230907648869,0.1822485947236695,0.2512935486510545,0.4155957135902665,0.9771227567378912,0.7925709095412512,0.9218178865191152,0.9867162637159652,0.9998704296473315,0.9999999996985568,10.36675526027741,5.736271163226982,7.822089941008947,10.142125470026691,13.710186816808728,20.73526241093068
2,registered_style,transformer,RGB,plan_inactive,17600,0.019723381676306773,-0.05790419404173976,-0.0163049585537734,0.018668921984299345,0.0589842933886436,0.16154862124268562,0.1873506825840988,0.10545695215960199,0.1403035965761243,0.18271178906491947,0.2504145695682814,0.3891472723622735,0.9768034826871489,0.7723117528787533,0.9206204543595835,0.9872104550230301,0.9998701124592327,0.9999999995077031,10.392908512726256,5.985560654126018,7.892000203248081,10.160967659345298,13.70807224094946,19.882902153699327
2,registered_style,transformer,NI,all,34560,0.013382290072512844,-0.07855621993183548,-0.02354370629463207,0.012352781066841666,0.05452323204753738,0.13026543309869965,0.18729629464932235,0.09824201884050324,0.1390725575800463,0.18242243630133587,0.2523244186139326,0.40934785832623155,0.981789288740857,0.758819057042962,0.9340706119529278,0.9905785776091961,0.9999179422510284,0.9999999999820062,10.450608011593571,5.509617510960524,7.8869091256964925,10.209678410003072,13.84633337700486,20.95697653393516
2,registered_style,transformer,NI,plan_active,16960,0.013341146945633422,-0.07855621993183548,-0.024252014665691598,0.012220365455318263,0.05531458100442528,0.13026543309869965,0.18669609333450624,0.09824201884050324,0.13857941647312247,0.1818015306054248,0.25123748615817343,0.40934785832623155,0.9812204112381495,0.758819057042962,0.9321857940000524,0.9903237996240883,0.9999166495846569,0.999999999896452,10.41797548484228,5.509617510960524,7.8563856170637925,10.1865749463114,13.793519345950383,20.95697653393516
2,registered_style,transformer,NI,plan_inactive,17600,0.01342193708568756,-0.06490210272630566,-0.023043030028230688,0.012493740922191764,0.05335339245926514,0.13023580100901058,0.18787467046178147,0.10451682393688883,0.13961301997169392,0.18300532326387098,0.2531663891798469,0.38366777016960757,0.9823374797889202,0.774017736536203,0.9365430554424747,0.9908406043295005,0.9999189250858103,0.9999999999820062,10.48205390100845,6.031492196346958,7.922716218057225,10.230999000388952,13.887656580798708,20.307946328159478
2,registered_style,transformer,TI,all,34560,0.022674441876732267,-0.062328039384388516,-0.017513882102955642,0.022060367613527483,0.06602319181217138,0.17064126721952097,0.19556317782227073,0.08173927384910842,0.1324661665060529,0.1894842051806669,0.27776225370467267,0.6634991156599745,0.9742407648770048,0.8089688671605251,0.9147625169564239,0.9839678791473365,0.9998270740494498,0.999999999997743,10.798130935163638,4.593795661079563,7.4180765840881175,10.526723176445607,15.04806858249422,31.905865123722666
2,registered_style,transformer,TI,plan_active,16960,0.02312508523037278,-0.062328039384388516,-0.015854533105780017,0.0225853779537605,0.0653762208965474,0.12086444704009063,0.19292034275099573,0.08173927384910842,0.13114886929124187,0.18678349308867886,0.27371168572646437,0.6634991156599745,0.9738170976735245,0.8089688671605251,0.9152258785624889,0.9832189582010856,0.9998133016733612,0.9999999990278968,10.650403827376685,4.593795661079563,7.349638152809203,10.376314519805058,14.81497754034757,31.905865123722666
2,registered_style,transformer,TI,plan_inactive,17600,0.022240185554133228,-0.060791913820806245,-0.018772170451965664,0.021566415891570677,0.06651540907102792,0.17064126721952097,0.19810990980004484,0.08549574508759158,0.13381159747928997,0.192112535077737,0.28097187661656026,0.5545848721742814,0.9746490260003586,0.809698804933646,0.9139957640536053,0.9846547545300441,0.9998391042659144,0.999999999997743,10.94048614812197,4.772373396059439,7.490680028035162,10.685631383952822,15.248153985112303,28.837661333526725
2,registered_style,mamba,RGB,all,34560,-344.62644027793647,-19147.36129132805,-5252.566951948821,-390.866170429902,4673.6297797754005,25782.016900915452,37648.48635991222,953.7542523226846,6904.008321939205,29009.2295982266,95432.55565994419,215728.74765394314,0.9951365678285752,0.9536644966896883,0.9769069362788012,0.9979577564014447,0.999983119803521,0.9999999998924934,90.78854238318812,77.56874208607343,82.74806260882016,91.16628856163507,96.35633515961825,102.14639082731881
2,registered_style,mamba,RGB,plan_active,16960,-418.1889397015786,-18753.728769927406,-5733.594744167079,-426.2186920892904,4937.352757677204,25782.016900915452,38503.200344099605,1235.822858761906,7014.409222238651,29267.12441147313,99000.18752721054,215728.74765394314,0.9949664522609317,0.9536644966896883,0.9766683429597013,0.9979034370700379,0.9999836575682264,0.999999998990339,90.8924002360152,77.56874208607343,82.54242462440234,91.27050676305781,96.55349702036138,101.77801090812086
2,registered_style,mamba,RGB,plan_inactive,17600,-273.7389408333358,-19147.36129132805,-4883.795167468416,-353.6345269966183,4431.070164612879,24972.70076857593,36824.85288424073,953.7542523226846,6787.795849152724,28691.889733943004,92611.88838559753,208699.21558596514,0.9953004973755769,0.9557123185118297,0.9771017598306867,0.998008919001987,0.9999824008070773,0.9999999998924934,90.68846117955474,78.07175977022042,82.9329999796876,91.06052114340758,96.14953857052963,102.14639082731881
2,registered_style,mamba,NI,all,34560,-1706.6370323882632,-25731.347747761964,-7447.239275688155,-1253.216119955746,2586.389385767577,13448.723333989292,47701.25444746192,1722.6139372339292,9423.834901780805,38672.05290144814,115375.23081791397,305721.8712819932,0.9950249489407905,0.9533797565012275,0.981234684249614,0.9976042829629872,0.9999768003851182,0.9999999999630323,92.32820541360789,80.28681844003053,86.98391339499582,92.33244276729297,97.84052273633615,102.46582062800113
2,registered_style,mamba,NI,plan_active,16960,-1863.552220602827,-25731.347747761964,-7893.345932681921,-1321.4230105525594,2476.124316680844,12926.730164068716,48295.76780560836,2038.3620056310308,9400.13049661145,38352.890438698436,120467.43854311899,305721.8712819932,0.9947856535516741,0.9551848308291148,0.9806602707499171,0.9974335284906927,0.9999737055746353,0.9999999999630323,92.5127293185499,80.28681844003053,87.15475586804008,92.51540460802542,97.9538326536267,102.22020754005534
2,registered_style,mamba,NI,plan_inactive,17600,-1555.4278510178656,-22183.03580679146,-7036.954761471555,-1183.9010662568467,2643.0553094425995,13448.723333989292,47128.359756884434,1722.6139372339292,9449.72423044866,38910.43406205805,111864.98150793316,232279.68092797312,0.9952555426793934,0.9533797565012275,0.9818429619068171,0.9977532335056816,0.9999787423706562,0.9999999999463643,92.1503914688456,81.20041980819036,86.84272448232839,92.14460421396885,97.68827967570786,102.46582062800113
2,registered_style,mamba,TI,all,34560,179.02143384883806,-5646.093088898934,-1340.6405332470647,0.7768688871850798,2227.0500788827676,8879.217946681123,17059.480962118923,911.948585992174,4437.390643878426,13734.692886470804,43508.06197626082,103257.22412854584,0.9968526238629866,0.9596524153287519,0.9886373758830318,0.9984447539651933,0.9999863085292662,0.9999999999938189,89.79251636840598,78.83263652787524,84.36624086462723,89.98858901111412,94.83524128870599,101.58411336154502
2,registered_style,mamba,TI,plan_active,16960,228.4051648490645,-5646.093088898934,-1361.5127371379203,27.776372091251417,2417.363909614773,8879.217946681123,17735.31223515952,1210.6280242982793,4640.4724502866475,14310.702209718398,44955.2749910307,103257.22412854584,0.9968076248382749,0.9596524153287519,0.9882815491581687,0.9984461651936047,0.9999865420505234,0.999999999982384,89.67399751215815,78.83263652787524,84.23785003195401,89.83947144575711,94.77174969164948,101.58411336154502
2,registered_style,mamba,TI,plan_inactive,17600,131.43347488498344,-5203.313785456492,-1326.762901175212,-24.353789291725917,2010.9320379355988,7086.788709148213,16408.22537173436,911.948585992174,4277.759768676676,13189.035549622302,41700.82467719306,102247.22777065972,0.9968959865595268,0.96519703613795,0.9890020272057511,0.998443760333143,0.9999861834081125,0.9999999999938189,89.90672544806301,79.24357554047144,84.50982620144246,90.14181049802767,94.88456757140939,98.72058400068919
