identity,output,query_count,delta_mAP_pp,control_mAP,candidate_mAP
1,baseline_only,5,0.0,22.488322964889633,22.488322964889633
5,baseline_only,20,0.0,71.302141368176,71.302141368176
7,baseline_only,7,0.0,35.72740100091485,35.72740100091485
9,baseline_only,28,0.0,41.79753848505253,41.79753848505253
11,baseline_only,11,0.0,14.288879721793249,14.288879721793249
13,baseline_only,9,0.0,57.32228046201223,57.32228046201223
15,baseline_only,10,0.0,25.15175997298026,25.15175997298026
17,baseline_only,8,0.0,56.69361189971717,56.69361189971717
19,baseline_only,14,0.0,81.26067513888692,81.26067513888692
21,baseline_only,9,0.0,5.976462598226004,5.976462598226004
23,baseline_only,13,0.0,56.02862765632193,56.02862765632193
25,baseline_only,14,0.0,85.64026776861864,85.64026776861864
27,baseline_only,8,0.0,12.758509766525108,12.758509766525108
29,baseline_only,7,0.0,42.38674772234475,42.38674772234475
31,baseline_only,4,0.0,77.08333333333333,77.08333333333333
33,baseline_only,16,0.0,95.17109598609441,95.17109598609441
35,baseline_only,8,0.0,79.6209943445154,79.6209943445154
38,baseline_only,12,0.0,96.94414946814865,96.94414946814865
40,baseline_only,13,0.0,64.44858624286553,64.44858624286553
46,baseline_only,21,0.0,30.780486074941884,30.780486074941884
60,baseline_only,5,0.0,62.77056277056276,62.77056277056276
64,baseline_only,14,0.0,40.96279100161365,40.96279100161365
68,baseline_only,14,0.0,52.833644181512064,52.833644181512064
71,baseline_only,4,0.0,38.19444444444444,38.19444444444444
76,baseline_only,8,0.0,70.92075517075517,70.92075517075517
78,baseline_only,7,0.0,100.0,100.0
80,baseline_only,7,0.0,69.25052346469862,69.25052346469862
82,baseline_only,6,0.0,80.92592592592594,80.92592592592594
85,baseline_only,10,0.0,1.469956016499481,1.469956016499481
87,baseline_only,10,0.0,10.743522386499524,10.743522386499524
91,baseline_only,5,0.0,46.749702911467615,46.749702911467615
93,baseline_only,4,0.0,22.85201824446011,22.85201824446011
97,baseline_only,16,0.0,62.21582145026443,62.21582145026443
99,baseline_only,31,0.0,80.02600473946376,80.02600473946376
101,baseline_only,10,0.0,62.14745289100285,62.14745289100285
105,baseline_only,10,0.0,81.83948260733975,81.83948260733975
109,baseline_only,3,0.0,3.834799124654197,3.834799124654197
113,baseline_only,5,0.0,15.224864108322752,15.224864108322752
115,baseline_only,4,0.0,100.0,100.0
121,baseline_only,9,0.0,40.03140475342948,40.03140475342948
130,baseline_only,12,0.0,63.54396404154833,63.54396404154833
136,baseline_only,8,0.0,21.35827763395126,21.35827763395126
138,baseline_only,6,0.0,53.7247072434412,53.7247072434412
140,baseline_only,9,0.0,34.613472333059136,34.613472333059136
151,baseline_only,3,0.0,83.33333333333334,83.33333333333334
155,baseline_only,5,0.0,100.0,100.0
157,baseline_only,6,0.0,62.483777578117206,62.483777578117206
161,baseline_only,5,0.0,90.19047619047619,90.19047619047619
165,baseline_only,8,0.0,15.408751013895843,15.408751013895843
167,baseline_only,5,0.0,32.22859547859548,32.22859547859548
171,baseline_only,16,0.0,89.17266469588536,89.17266469588536
173,baseline_only,6,0.0,100.0,100.0
175,baseline_only,12,0.0,44.1842210044219,44.1842210044219
179,baseline_only,7,0.0,98.0952380952381,98.0952380952381
195,baseline_only,9,0.0,3.9606586138138096,3.9606586138138096
229,baseline_only,12,0.0,81.72333270115645,81.72333270115645
231,baseline_only,12,0.0,28.102833281958134,28.102833281958134
234,baseline_only,11,0.0,0.9757931006944325,0.9757931006944325
238,baseline_only,13,0.0,16.4984001316154,16.4984001316154
254,baseline_only,16,0.0,26.79409962540583,26.79409962540583
1,fused,5,0.790600971760392,14.37732552675081,15.167926498511205
5,fused,20,-1.0458198727130106,62.393512070113076,61.347692197400065
7,fused,7,-4.835965658819818,29.752803976451407,24.916838317631587
9,fused,28,0.6541846223338129,39.82703381795832,40.481218440292125
11,fused,11,0.25022885578579307,17.539983350599208,17.790212206385004
13,fused,9,-1.9520321953488218,62.390686686663685,60.43865449131487
15,fused,10,0.0258487917748222,35.55607590608457,35.5819246978594
17,fused,8,1.1695790776415458,50.83407158104739,52.003650658688926
19,fused,14,1.0195008605933988,85.95044536674597,86.96994622733936
21,fused,9,-0.22490949431812968,8.92933930969439,8.70442981537626
23,fused,13,-1.0795536998579605,52.61990428452864,51.54035058467067
25,fused,14,0.10229444170785913,81.247023823583,81.34931826529085
27,fused,8,0.4410251548316885,13.310965299132405,13.751990453964094
29,fused,7,-7.395179933094572,52.49227422535693,45.097094292262355
31,fused,4,11.04166666666667,48.81944444444444,59.86111111111111
33,fused,16,0.013271244484881761,96.27468652597476,96.28795777045964
35,fused,8,-1.3763838513910014,72.20894596520311,70.83256211381212
38,fused,12,0.8772978156954334,94.82624750506695,95.70354532076239
40,fused,13,0.5535496257769117,57.87780485551852,58.431354481295436
46,fused,21,-0.5907760069791911,27.915928249692428,27.325152242713237
60,fused,5,2.3330003330003315,58.03030303030303,60.36330336330336
64,fused,14,-0.5946470665637854,43.05398347435858,42.4593364077948
68,fused,14,0.5068053612228861,46.03134104441652,46.5381464056394
71,fused,4,4.027777777777776,49.44444444444444,53.47222222222222
76,fused,8,1.144435425685425,75.94363622488622,77.08807165057165
78,fused,7,1.1904761904761927,98.33333333333333,99.52380952380952
80,fused,7,3.1365118647481762,68.14263296193928,71.27914482668747
82,fused,6,-0.8333333333333303,80.68783068783068,79.85449735449737
85,fused,10,0.16706909365603204,1.589840170606003,1.7569092642620348
87,fused,10,0.7175931741497875,7.549358840323761,8.266952014473548
91,fused,5,1.1931216931216932,54.83862433862433,56.03174603174603
93,fused,4,-3.6283402382954253,16.143045199362327,12.514704961066903
97,fused,16,1.4673938858677023,60.32554763290769,61.79294151877539
99,fused,31,0.16185655836551224,79.98226552190005,80.14412208026556
101,fused,10,-5.128803070024037,52.74752113675684,47.618718066732804
105,fused,10,-1.9840643900794284,84.7519988365853,82.76793444650588
109,fused,3,1.1880921011355794,8.023088023088022,9.2111801242236
113,fused,5,-0.10961421628866538,6.1114475938960355,6.001833377607371
115,fused,4,0.0,100.0,100.0
121,fused,9,-2.021238705109806,43.67458074076862,41.65334203565881
130,fused,12,0.38482411639865766,57.5472604298421,57.93208454624076
136,fused,8,0.7418937353313433,21.363955556219675,22.105849291551017
138,fused,6,-2.552549756248826,60.61384321270189,58.06129345645306
140,fused,9,-1.1776812213932537,40.43159997228069,39.253918750887436
151,fused,3,0.0,100.0,100.0
155,fused,5,0.0,100.0,100.0
157,fused,6,-2.3213344464522283,44.609678412427776,42.28834396597554
161,fused,5,-1.2626262626262623,74.92929292929291,73.66666666666666
165,fused,8,0.10558520600536753,17.4098615891058,17.515446795111174
167,fused,5,0.05618863707099138,40.84920634920635,40.905394986277344
171,fused,16,1.1731820967297135,89.5031568823913,90.67633897912101
173,fused,6,0.0,100.0,100.0
175,fused,12,0.7157669152717784,50.63338623769676,51.34915315296854
179,fused,7,0.0,99.28571428571429,99.28571428571429
195,fused,9,-0.7211938758891038,4.057087860328321,3.3358939844392173
229,fused,12,-1.7433804291489812,67.39655266325651,65.65317223410753
231,fused,12,1.9781235493645986,35.28420571368806,37.262329263052656
234,fused,11,0.011341355284334814,0.9531155948217274,0.964456950106062
238,fused,13,1.4994810254240951,13.809388695079091,15.308869720503186
254,fused,16,-0.4783062472648584,17.891222609974545,17.41291636270969
1,cnn,5,10.908572183081985,18.67025530751021,29.57882749059219
5,cnn,20,-0.4970305655190817,59.1831086720029,58.686078106483805
7,cnn,7,-2.497152362332305,28.11836384553842,25.621211483206114
9,cnn,28,-0.8555766494038292,40.874288767243335,40.0187121178395
11,cnn,11,-3.3433831779428327,25.628686661601474,22.28530348365864
13,cnn,9,-0.26270887320710556,55.02501592754266,54.76230705433556
15,cnn,10,1.7047219769012607,28.43153690316069,30.136258880061945
17,cnn,8,0.6565934374744838,48.4323224218368,49.088915859311285
19,cnn,14,0.835985903460582,81.53014741216779,82.36613331562836
21,cnn,9,-1.9090232192543606,9.83723808326983,7.928214864015468
23,cnn,13,-2.2117136362725835,56.491618185524,54.27990454925141
25,cnn,14,-1.6869198342595628,81.74746599065692,80.06054615639736
27,cnn,8,4.529602822578735,13.981402638079896,18.511005460658627
29,cnn,7,0.5864296367440424,42.91098931116606,43.4974189479101
31,cnn,4,19.385822510822507,38.92857142857143,58.31439393939394
33,cnn,16,1.1773355090916968,93.47520088104304,94.65253639013473
35,cnn,8,0.7908959913615923,69.8531530760823,70.64404906744389
38,cnn,12,0.056790561552254815,95.06767188325419,95.12446244480643
40,cnn,13,-0.5689927767752183,59.25785237790563,58.6888596011304
46,cnn,21,-0.7138822363146969,25.54438367548882,24.830501439174117
60,cnn,5,-5.2821981939628975,56.13140454316924,50.84920634920634
64,cnn,14,0.45868811032983176,39.48995799307309,39.948646103402915
68,cnn,14,0.8541196722869683,38.784648819813,39.63876849209998
71,cnn,4,1.2499999999999982,89.72222222222223,90.97222222222221
76,cnn,8,2.7422195859695875,71.60959064084065,74.35181022681023
78,cnn,7,-0.47619047619047766,97.3452380952381,96.86904761904762
80,cnn,7,3.274899527102329,72.78041282389108,76.05531235099342
82,cnn,6,4.184218559218561,75.53800366300366,79.72222222222221
85,cnn,10,-0.15401772364114133,1.3885134172167146,1.2344956935755733
87,cnn,10,-0.9170083822271211,5.0776475132385945,4.160639131011473
91,cnn,5,-1.809523809523808,62.72893772893773,60.91941391941391
93,cnn,4,1.0899851648405172,24.033431845931847,25.123417010772364
97,cnn,16,-1.0473442582875623,60.133011359605334,59.085667101317775
99,cnn,31,-1.7029038513673231,78.4252931963039,76.72238934493659
101,cnn,10,-0.6954434881387557,49.368192274134245,48.67274878599548
105,cnn,10,-4.488829292400721,84.94322410393839,80.45439481153768
109,cnn,3,-11.22004357298475,27.886710239651418,16.666666666666664
113,cnn,5,-0.9561429929637534,4.745918410418064,3.7897754174543095
115,cnn,4,0.0,100.0,100.0
121,cnn,9,-3.145479953203574,43.88231399318211,40.73683403997854
130,cnn,12,4.269851454577704,49.726482893299846,53.99633434787755
136,cnn,8,-0.7356103242900747,19.79662295973795,19.061012635447874
138,cnn,6,3.1604705411274847,53.52576618846202,56.68623672958951
140,cnn,9,1.9751334820243176,34.39352046206557,36.368653944089885
151,cnn,3,16.666666666666668,83.33333333333334,100.0
155,cnn,5,0.0,100.0,100.0
157,cnn,6,0.30044081794401767,32.89554504137837,33.19598585932239
161,cnn,5,-6.025067476383264,66.4885290148448,60.46346153846154
165,cnn,8,-0.02857557708401509,11.29052016251614,11.261944585432126
167,cnn,5,-1.7915500263061261,39.894915269915266,38.10336524360915
171,cnn,16,0.6668119160239856,90.27200682088534,90.93881873690933
173,cnn,6,0.0,100.0,100.0
175,cnn,12,5.479488702700216,46.12139755800928,51.6008862607095
179,cnn,7,-4.563492063492063,97.61904761904762,93.05555555555556
195,cnn,9,-0.2833640527756336,3.321799990345456,3.0384359375698224
229,cnn,12,-1.6444147769705733,57.3133830149324,55.66896823796183
231,cnn,12,-3.2057991726749244,45.366026454961464,42.16022728228654
234,cnn,11,-0.012641929465426012,0.9227827713934467,0.9101408419280206
238,cnn,13,0.9548874499036207,14.567408336558058,15.522295786461676
254,cnn,16,0.0897011768951372,16.19698351852103,16.286684695416167
1,transformer,5,2.376514910358012,8.363438909768222,10.739953820126233
5,transformer,20,-3.4289645686592416,62.080021296890585,58.651056728231346
7,transformer,7,-2.62065124748563,20.62860134470032,18.007950097214692
9,transformer,28,0.24038055975022563,37.68973799936975,37.930118559119975
11,transformer,11,4.396089287610232,9.859881057699797,14.255970345310029
13,transformer,9,-6.899008730279643,65.02047479491088,58.12146606463124
15,transformer,10,-4.999173456544876,37.92139157118932,32.922218114644444
17,transformer,8,-0.911810240900436,50.00603277052097,49.09422252962053
19,transformer,14,-1.9126019280001374,79.87717821581182,77.96457628781168
21,transformer,9,2.4118050849030492,9.753837955399465,12.165643040302514
23,transformer,13,-0.13201793848541676,49.36918307459728,49.23716513611186
25,transformer,14,0.8769315963482713,78.62027873118315,79.4972103275314
27,transformer,8,3.179181921020893,6.8031276934650196,9.982309614485912
29,transformer,7,-11.22505167568193,48.15048192016347,36.92543024448155
31,transformer,4,-10.000000000000002,72.50000000000001,62.499999999999986
33,transformer,16,0.5561815512021555,96.4976234204662,97.05380497166836
35,transformer,8,-1.6893110964798002,70.90363971830469,69.21432862182489
38,transformer,12,1.261323647016104,93.82884304990125,95.09016669691735
40,transformer,13,4.247416443336305,52.59004223318687,56.83745867652318
46,transformer,21,1.7794616274735426,28.402821489783626,30.18228311725717
60,transformer,5,-7.061804861804857,67.63492063492063,60.573115773115774
64,transformer,14,-1.9848645046541316,44.15907737531995,42.17421287066581
68,transformer,14,-2.3453130945797285,46.85299912721473,44.50768603263501
71,transformer,4,-1.8849206349206336,33.47222222222222,31.587301587301585
76,transformer,8,-4.339934442778872,73.49735157629895,69.15741713352007
78,transformer,7,0.0,99.18367346938776,99.18367346938776
80,transformer,7,6.512949935877458,61.34728081565763,67.8602307515351
82,transformer,6,-1.1772486772486832,87.35449735449735,86.17724867724867
85,transformer,10,1.5178584739687633,1.6851360873141894,3.202994561282953
87,transformer,10,5.696219893983129,14.322815275786654,20.01903516976978
91,transformer,5,-2.1746031746031758,35.58730158730158,33.41269841269842
93,transformer,4,2.911013871375065,9.102335545189627,12.013349416564694
97,transformer,16,3.0813877489741675,56.86379262738406,59.94518037635821
99,transformer,31,1.0638237631306562,80.39253872843032,81.45636249156101
101,transformer,10,-10.712833320018223,47.74769761409948,37.03486429408126
105,transformer,10,-5.419217026359882,81.74719130076274,76.32797427440285
109,transformer,3,0.7989832473836601,5.595638928972262,6.394622176355923
113,transformer,5,-4.63197492724384,12.099375192818547,7.467400265574707
115,transformer,4,-10.416666666666668,100.0,89.58333333333333
121,transformer,9,-5.884990122468262,36.411800468610636,30.526810346142362
130,transformer,12,0.1418017924795303,53.29086705299996,53.43266884547949
136,transformer,8,-2.0376530217334308,27.806415490004614,25.768762468271184
138,transformer,6,-3.5874973360148856,61.84773497673114,58.26023764071626
140,transformer,9,-0.5161579161649045,37.6605340371062,37.144376120941295
151,transformer,3,5.555555555555556,77.77777777777777,83.33333333333334
155,transformer,5,0.0,100.0,100.0
157,transformer,6,1.5787997405644452,57.08669679993209,58.66549654049654
161,transformer,5,-4.444444444444447,90.0,85.55555555555556
165,transformer,8,-3.7595368031351004,19.80039054186132,16.04085373872622
167,transformer,5,-2.332800532800534,42.47748917748918,40.14468864468864
171,transformer,16,3.450234514860509,87.98982462229914,91.44005913715965
173,transformer,6,2.777777777777779,97.22222222222221,100.0
175,transformer,12,-1.3917382523943544,46.455729745629945,45.063991493235584
179,transformer,7,0.0,100.0,100.0
195,transformer,9,-2.2104220113797863,7.144557780282263,4.934135768902478
229,transformer,12,-4.049986864806779,71.33345566445263,67.28346879964585
231,transformer,12,4.659783182356652,34.258901208085966,38.918684390442614
234,transformer,11,0.002265930633943661,1.0062150185852377,1.008480949219181
238,transformer,13,0.8961141569011685,9.986162525982945,10.88227668288411
254,transformer,16,2.5984325031984166,16.158467646286667,18.756900149485084
1,mamba,5,1.5405779807953708,20.547771672771674,22.088349653567043
5,mamba,20,0.343547331889586,57.41163443175452,57.75518176364412
7,mamba,7,0.37229043313486176,27.369743770417177,27.74203420355204
9,mamba,28,2.884222143555953,38.814794323556605,41.699016467112564
11,mamba,11,-2.428526768411409,21.344551374964187,18.916024606552774
13,mamba,9,5.649326335567211,57.62020376626103,63.269530101828245
15,mamba,10,1.4272014515588434,37.85953032212376,39.28673177368261
17,mamba,8,5.390827028370101,45.23861313753106,50.629440165901165
19,mamba,14,1.8643264591984985,89.90465853290527,91.76898499210378
21,mamba,9,-0.5425311135351767,6.823520926365687,6.28098981283051
23,mamba,13,0.8917025232934152,49.31167996391413,50.20338248720756
25,mamba,14,1.2926537168275343,77.63351877057035,78.92617248739788
27,mamba,8,-6.586189886100703,23.574734775454548,16.98854488935384
29,mamba,7,-0.4523001119220413,58.594505233450455,58.142205121528434
31,mamba,4,5.059523809523808,42.926587301587304,47.98611111111111
33,mamba,16,-0.0831284050868977,95.67211588535865,95.58898748027175
35,mamba,8,-1.1244775913219647,68.41215337604856,67.2876757847266
38,mamba,12,1.8539629485544136,89.96617179672332,91.82013474527771
40,mamba,13,-2.3032643227051017,56.776789781930304,54.473525459225215
46,mamba,21,-3.890937139348726,29.388197571172903,25.49726043182418
60,mamba,5,3.8056712293554424,42.2827903091061,46.088461538461544
64,mamba,14,-0.5615275765563771,40.819740357183136,40.258212780626764
68,mamba,14,4.598347575908202,45.87583258795352,50.47418016386172
71,mamba,4,1.7857142857142878,48.61111111111111,50.39682539682539
76,mamba,8,1.1089004949299064,77.2466577540107,78.35555824894061
78,mamba,7,0.47619047619047766,97.44047619047619,97.91666666666667
80,mamba,7,1.797821829654128,61.880260009142,63.67808183879612
82,mamba,6,-0.13888888888889026,79.35185185185185,79.21296296296295
85,mamba,10,-0.13467898407729653,1.6717128916339004,1.5370339075566037
87,mamba,10,3.072544076713993,7.2991617236778605,10.371705800391853
91,mamba,5,-12.362757210583299,53.153355501181586,40.79059829059829
93,mamba,4,-7.786849701789425,14.498393865121805,6.7115441633323805
97,mamba,16,1.5931270821059087,62.17899116989112,63.77211825199704
99,mamba,31,0.8695335422165101,78.53503217881445,79.40456572103093
101,mamba,10,1.7586424664586224,46.60193197093395,48.36057443739257
105,mamba,10,-0.13372125666127888,82.07551244375321,81.94179118709194
109,mamba,3,0.22222222222222224,6.857031857031857,7.0792540792540795
113,mamba,5,1.964005316663987,4.456812681972858,6.420817998636845
115,mamba,4,0.0,95.83333333333333,95.83333333333333
121,mamba,9,2.2689739424679565,44.58722258120995,46.85619652367791
130,mamba,12,-0.48813077358825835,60.72315955827678,60.235028784688524
136,mamba,8,3.889522932722405,18.760865830324526,22.65038876304693
138,mamba,6,-6.376792545129132,54.91760075417723,48.540808209048095
140,mamba,9,-7.198446622746112,40.28790007731458,33.08945345456847
151,mamba,3,-5.555555555555556,83.33333333333334,77.77777777777777
155,mamba,5,0.0,100.0,100.0
157,mamba,6,-1.537715587336723,37.75038470619134,36.21266911885462
161,mamba,5,17.015151515151516,51.46969696969697,68.48484848484848
165,mamba,8,1.4852468372130558,16.306319363498968,17.791566200712023
167,mamba,5,1.5660158315715174,41.191114570720174,42.757130402291686
171,mamba,16,-2.186388627837651,87.07072938525714,84.8843407574195
173,mamba,6,0.0,100.0,100.0
175,mamba,12,3.332101668810821,54.12914183222263,57.461243501033444
179,mamba,7,-1.1904761904761911,98.39285714285715,97.20238095238096
195,mamba,9,-0.7427220783384667,3.2719850714191416,2.5292629930806743
229,mamba,12,2.17167868175227,65.63930562309244,67.81098430484471
231,mamba,12,1.7985121132313129,24.777222055743344,26.575734168974662
234,mamba,11,0.04096659668836372,0.9836296947612235,1.0245962914495872
238,mamba,13,3.98578381635403,16.473537162404394,20.459320978758424
254,mamba,16,-3.918668484110807,19.500530540403226,15.581862056292422
